Run 1; Ch 2; Fc 2-1; Cy 6; T3-D1-sumo; Conc 0.01162833 0.1162833 1.162833 11.6 µM_X 	Run 1; Ch 2; Fc 2-1; Cy 6; T3-D1-sumo; Conc 0.01162833 0.1162833 1.162833 11.6 µM_Y 	Run 1; Ch 2; Fc 2-1; Cy 6; T3-D1-sumo; Conc 0.01162833 0.1162833 1.162833 11.6 µM; Fitted_X 	Run 1; Ch 2; Fc 2-1; Cy 6; T3-D1-sumo; Conc 0.01162833 0.1162833 1.162833 11.6 µM; Fitted_Y 	
-60 	0.225099999999657 	-60 	0 	
-59.9000244140625 	0.218000000000757 	-59.9000244140625 	0 	
-59.7999877929688 	0.218399999997928 	-59.7999877929688 	0 	
-59.7000122070313 	0.211399999996502 	-59.7000122070313 	0 	
-59.6000366210938 	0.20049999999901 	-59.6000366210938 	0 	
-59.5 	0.202700000001641 	-59.5 	0 	
-59.4000244140625 	0.197499999998399 	-59.4000244140625 	0 	
-59.2999877929688 	0.194100000000617 	-59.2999877929688 	0 	
-59.2000122070313 	0.18489999999656 	-59.2000122070313 	0 	
-59.1000366210938 	0.181400000001304 	-59.1000366210938 	0 	
-59 	0.176400000000285 	-59 	0 	
-58.9000244140625 	0.162899999999354 	-58.9000244140625 	0 	
-58.7999877929688 	0.163499999998749 	-58.7999877929688 	0 	
-58.7000122070313 	0.162000000000262 	-58.7000122070313 	0 	
-58.6000366210938 	0.161000000000058 	-58.6000366210938 	0 	
-58.5 	0.163899999999558 	-58.5 	0 	
-58.4000244140625 	0.162299999996321 	-58.4000244140625 	0 	
-58.2999877929688 	0.16439999999784 	-58.2999877929688 	0 	
-58.2000122070313 	0.160400000000664 	-58.2000122070313 	0 	
-58.1000366210938 	0.164199999999255 	-58.1000366210938 	0 	
-58 	0.166199999999662 	-58 	0 	
-57.9000244140625 	0.164199999999255 	-57.9000244140625 	0 	
-57.7999877929688 	0.16359999999986 	-57.7999877929688 	0 	
-57.7000122070313 	0.159499999997934 	-57.7000122070313 	0 	
-57.6000366210938 	0.149900000000343 	-57.6000366210938 	0 	
-57.5 	0.143199999998615 	-57.5 	0 	
-57.4000244140625 	0.140599999998813 	-57.4000244140625 	0 	
-57.2999877929688 	0.135299999998097 	-57.2999877929688 	0 	
-57.2000122070313 	0.129799999998795 	-57.2000122070313 	0 	
-57.1000366210938 	0.127599999999802 	-57.1000366210938 	0 	
-57 	0.119699999999284 	-57 	0 	
-56.9000244140625 	0.107799999997951 	-56.9000244140625 	0 	
-56.7999877929688 	0.0918000000019674 	-56.7999877929688 	0 	
-56.7000122070313 	0.0784999999996217 	-56.7000122070313 	0 	
-56.6000366210938 	0.0774999999994179 	-56.6000366210938 	0 	
-56.5 	0.0659999999988941 	-56.5 	0 	
-56.4000244140625 	0.0630999999993946 	-56.4000244140625 	0 	
-56.2999877929688 	0.0606999999981781 	-56.2999877929688 	0 	
-56.2000122070313 	0.0482999999985623 	-56.2000122070313 	0 	
-56.1000366210938 	0.0397999999986496 	-56.1000366210938 	0 	
-56 	0.0289999999986321 	-56 	0 	
-55.9000244140625 	0.0192999999999302 	-55.9000244140625 	0 	
-55.7999877929688 	0.0167999999976018 	-55.7999877929688 	0 	
-55.7000122070313 	0.0095999999975902 	-55.7000122070313 	0 	
-55.6000366210938 	-0.00640000000203145 	-55.6000366210938 	0 	
-55.5 	-0.00470000000132131 	-55.5 	0 	
-55.4000244140625 	 	-55.4000244140625 	0 	
-55.2999877929688 	 	-55.2999877929688 	0 	
-55.2000122070313 	 	-55.2000122070313 	0 	
-55.1000366210938 	 	-55.1000366210938 	0 	
-55 	 	-55 	0 	
-54.9000244140625 	 	-54.9000244140625 	0 	
-54.7999877929688 	 	-54.7999877929688 	0 	
-54.7000122070313 	 	-54.7000122070313 	0 	
-54.6000366210938 	 	-54.6000366210938 	0 	
-54.5 	 	-54.5 	0 	
-54.4000244140625 	 	-54.4000244140625 	0 	
-54.2999877929688 	 	-54.2999877929688 	0 	
-54.2000122070313 	 	-54.2000122070313 	0 	
-54.1000366210938 	 	-54.1000366210938 	0 	
-54 	 	-54 	0 	
-53.9000244140625 	 	-53.9000244140625 	0 	
-53.7999877929688 	 	-53.7999877929688 	0 	
-53.7000122070313 	 	-53.7000122070313 	0 	
-53.6000366210938 	 	-53.6000366210938 	0 	
-53.5 	 	-53.5 	0 	
-53.4000244140625 	 	-53.4000244140625 	0 	
-53.2999877929688 	 	-53.2999877929688 	0 	
-53.2000122070313 	 	-53.2000122070313 	0 	
-53.1000366210938 	 	-53.1000366210938 	0 	
-53 	 	-53 	0 	
-52.9000244140625 	0.0606999999981781 	-52.9000244140625 	0 	
-52.7999877929688 	0.0616999999983818 	-52.7999877929688 	0 	
-52.7000122070313 	0.0669999999990978 	-52.7000122070313 	0 	
-52.6000366210938 	0.0616999999983818 	-52.6000366210938 	0 	
-52.5 	0.0616999999983818 	-52.5 	0 	
-52.4000244140625 	0.0590000000011059 	-52.4000244140625 	0 	
-52.2999877929688 	0.0586999999977706 	-52.2999877929688 	0 	
-52.2000122070313 	0.0496999999995751 	-52.2000122070313 	0 	
-52.1000366210938 	0.0627999999996973 	-52.1000366210938 	0 	
-52 	0.0600999999987835 	-52 	0 	
-51.9000244140625 	0.0352999999959138 	-51.9000244140625 	0 	
-51.7999877929688 	0.0466999999989639 	-51.7999877929688 	0 	
-51.7000122070313 	0.0426000000006752 	-51.7000122070313 	0 	
-51.6000366210938 	0.0370999999977357 	-51.6000366210938 	0 	
-51.5 	0.0144999999974971 	-51.5 	0 	
-51.4000244140625 	-0.0245000000031723 	-51.4000244140625 	0 	
-51.2999877929688 	0.212699999996403 	-51.2999877929688 	0 	
-51.2000122070313 	0.501199999998789 	-51.2000122070313 	0 	
-51.1000366210938 	0.0217999999986205 	-51.1000366210938 	0 	
-51 	-0.488799999999173 	-51 	0 	
-50.9000244140625 	0.38130000000092 	-50.9000244140625 	0 	
-50.7999877929688 	0.494699999999284 	-50.7999877929688 	0 	
-50.7000122070313 	0.585399999999936 	-50.7000122070313 	0 	
-50.6000366210938 	0.606400000000576 	-50.6000366210938 	0 	
-50.5 	0.645199999999022 	-50.5 	0 	
-50.4000244140625 	0.688900000001013 	-50.4000244140625 	0 	
-50.2999877929688 	0.634399999999005 	-50.2999877929688 	0 	
-50.2000122070313 	0.658200000001671 	-50.2000122070313 	0 	
-50.1000366210938 	0.677100000000792 	-50.1000366210938 	0 	
-50 	0.674299999998766 	-50 	0 	
-49.9000244140625 	0.698100000001432 	-49.9000244140625 	0 	
-49.7999877929688 	0.707500000000437 	-49.7999877929688 	0 	
-49.7000122070313 	0.725299999998242 	-49.7000122070313 	0 	
-49.6000366210938 	0.746600000002218 	-49.6000366210938 	0 	
-49.5 	0.769499999998516 	-49.5 	0 	
-49.4000244140625 	0.796799999996438 	-49.4000244140625 	0 	
-49.2999877929688 	0.792999999997846 	-49.2999877929688 	0 	
-49.2000122070313 	0.822299999999814 	-49.2000122070313 	0 	
-49.1000366210938 	0.836599999998725 	-49.1000366210938 	0 	
-49 	0.854599999998754 	-49 	0 	
-48.9000244140625 	0.883699999998498 	-48.9000244140625 	0 	
-48.7999877929688 	0.896499999998923 	-48.7999877929688 	0 	
-48.7000122070313 	0.900900000000547 	-48.7000122070313 	0 	
-48.6000366210938 	0.888199999997596 	-48.6000366210938 	0 	
-48.5 	0.875 	-48.5 	0 	
-48.4000244140625 	0.878899999999703 	-48.4000244140625 	0 	
-48.2999877929688 	0.89180000000124 	-48.2999877929688 	0 	
-48.2000122070313 	0.89509999999791 	-48.2000122070313 	0 	
-48.1000366210938 	0.905299999998533 	-48.1000366210938 	0 	
-48 	0.918099999998958 	-48 	0 	
-47.9000244140625 	0.91899999999805 	-47.9000244140625 	0 	
-47.7999877929688 	0.928400000000693 	-47.7999877929688 	0 	
-47.7000122070313 	0.931899999999587 	-47.7000122070313 	0 	
-47.6000366210938 	0.939099999999598 	-47.6000366210938 	0 	
-47.5 	0.935399999998481 	-47.5 	0 	
-47.4000244140625 	0.946799999997893 	-47.4000244140625 	0 	
-47.2999877929688 	0.958699999999226 	-47.2999877929688 	0 	
-47.2000122070313 	0.957999999998719 	-47.2000122070313 	0 	
-47.1000366210938 	0.961299999999028 	-47.1000366210938 	0 	
-47 	0.970000000001164 	-47 	0 	
-46.9000244140625 	0.974200000000565 	-46.9000244140625 	0 	
-46.7999877929688 	0.976799999996729 	-46.7999877929688 	0 	
-46.7000122070313 	0.973699999998644 	-46.7000122070313 	0 	
-46.6000366210938 	0.979999999999563 	-46.6000366210938 	0 	
-46.5 	0.987399999998161 	-46.5 	0 	
-46.4000244140625 	1.0015999999996 	-46.4000244140625 	0 	
-46.2999877929688 	1.01819999999861 	-46.2999877929688 	0 	
-46.2000122070313 	1.02430000000095 	-46.2000122070313 	0 	
-46.1000366210938 	1.01740000000063 	-46.1000366210938 	0 	
-46 	1.01209999999992 	-46 	0 	
-45.9000244140625 	1.0086999999985 	-45.9000244140625 	0 	
-45.7999877929688 	1.00299999999697 	-45.7999877929688 	0 	
-45.7000122070313 	1.0073999999986 	-45.7000122070313 	0 	
-45.6000366210938 	1.01329999999871 	-45.6000366210938 	0 	
-45.5 	1.0041999999994 	-45.5 	0 	
-45.4000244140625 	0.998100000000704 	-45.4000244140625 	0 	
-45.2999877929688 	1.00079999999798 	-45.2999877929688 	0 	
-45.2000122070313 	0.925699999999779 	-45.2000122070313 	0 	
-45.1000366210938 	1.10339999999997 	-45.1000366210938 	0 	
-45 	1.05549999999857 	-45 	0 	
-44.9000244140625 	0.905600000001868 	-44.9000244140625 	0 	
-44.7999877929688 	0.769799999998213 	-44.7999877929688 	0 	
-44.7000122070313 	0.959199999997509 	-44.7000122070313 	0 	
-44.6000366210938 	0.99909999999727 	-44.6000366210938 	0 	
-44.5 	1.02059999999983 	-44.5 	0 	
-44.4000244140625 	1.02509999999893 	-44.4000244140625 	0 	
-44.2999877929688 	1.03899999999703 	-44.2999877929688 	0 	
-44.2000122070313 	1.05889999999999 	-44.2000122070313 	0 	
-44.1000366210938 	1.0225999999966 	-44.1000366210938 	0 	
-44 	1.01299999999901 	-44 	0 	
-43.9000244140625 	1.00079999999798 	-43.9000244140625 	0 	
-43.7999877929688 	0.981699999996636 	-43.7999877929688 	0 	
-43.7000122070313 	0.951299999996991 	-43.7000122070313 	0 	
-43.6000366210938 	0.905900000001566 	-43.6000366210938 	0 	
-43.5 	1.22660000000178 	-43.5 	0 	
-43.4000244140625 	1.02899999999863 	-43.4000244140625 	0 	
-43.2999877929688 	1.94440000000031 	-43.2999877929688 	0 	
-43.2000122070313 	0.651200000000244 	-43.2000122070313 	0 	
-43.1000366210938 	1.02609999999913 	-43.1000366210938 	0 	
-43 	1.1281999999992 	-43 	0 	
-42.9000244140625 	0.242699999998877 	-42.9000244140625 	0 	
-42.7999877929688 	0.854400000000169 	-42.7999877929688 	0 	
-42.7000122070313 	0.970600000000559 	-42.7000122070313 	0 	
-42.6000366210938 	0.988300000000891 	-42.6000366210938 	0 	
-42.5 	0.957500000000437 	-42.5 	0 	
-42.4000244140625 	1.03079999999682 	-42.4000244140625 	0 	
-42.2999877929688 	0.981299999999464 	-42.2999877929688 	0 	
-42.2000122070313 	0.960899999998219 	-42.2000122070313 	0 	
-42.1000366210938 	0.972899999997026 	-42.1000366210938 	0 	
-42 	0.979199999997945 	-42 	0 	
-41.9000244140625 	0.985199999999168 	-41.9000244140625 	0 	
-41.7999877929688 	0.981700000000274 	-41.7999877929688 	0 	
-41.7000122070313 	0.980999999996129 	-41.7000122070313 	0 	
-41.6000366210938 	0.973999999998341 	-41.6000366210938 	0 	
-41.5 	0.967899999999645 	-41.5 	0 	
-41.4000244140625 	0.968799999998737 	-41.4000244140625 	0 	
-41.2999877929688 	0.967499999998836 	-41.2999877929688 	0 	
-41.2000122070313 	0.96219999999812 	-41.2000122070313 	0 	
-41.1000366210938 	0.95679999999993 	-41.1000366210938 	0 	
-41 	0.959199999997509 	-41 	0 	
-40.9000244140625 	0.96759999999631 	-40.9000244140625 	0 	
-40.7999877929688 	0.965399999997317 	-40.7999877929688 	0 	
-40.7000122070313 	0.966700000000856 	-40.7000122070313 	0 	
-40.6000366210938 	0.956599999997707 	-40.6000366210938 	0 	
-40.5 	0.959100000000035 	-40.5 	0 	
-40.4000244140625 	0.964500000001863 	-40.4000244140625 	0 	
-40.2999877929688 	0.965100000001257 	-40.2999877929688 	0 	
-40.2000122070313 	0.956399999999121 	-40.2000122070313 	0 	
-40.1000366210938 	0.954499999999825 	-40.1000366210938 	0 	
-40 	0.951199999999517 	-40 	0 	
-39.9000244140625 	0.950099999998201 	-39.9000244140625 	0 	
-39.7999877929688 	0.955799999999726 	-39.7999877929688 	0 	
-39.7000122070313 	0.964499999998225 	-39.7000122070313 	0 	
-39.6000366210938 	0.969399999998132 	-39.6000366210938 	0 	
-39.5 	0.96310000000085 	-39.5 	0 	
-39.4000244140625 	0.975999999998749 	-39.4000244140625 	0 	
-39.2999877929688 	0.995100000000093 	-39.2999877929688 	0 	
-39.2000122070313 	0.99739999999656 	-39.2000122070313 	0 	
-39.1000366210938 	1.01299999999901 	-39.1000366210938 	0 	
-39 	1.04979999999705 	-39 	0 	
-38.9000244140625 	0.978599999998551 	-38.9000244140625 	0 	
-38.7999877929688 	0.959799999996903 	-38.7999877929688 	0 	
-38.7000122070313 	0.955300000001444 	-38.7000122070313 	0 	
-38.6000366210938 	0.749700000000303 	-38.6000366210938 	0 	
-38.5 	0.862900000000081 	-38.5 	0 	
-38.4000244140625 	0.637800000000425 	-38.4000244140625 	0 	
-38.2999877929688 	0.973399999998946 	-38.2999877929688 	0 	
-38.2000122070313 	0.927199999998265 	-38.2000122070313 	0 	
-38.1000366210938 	0.89799999999741 	-38.1000366210938 	0 	
-38 	0.822499999998399 	-38 	0 	
-37.9000244140625 	0.651600000001054 	-37.9000244140625 	0 	
-37.7999877929688 	0.515800000001036 	-37.7999877929688 	0 	
-37.7000122070313 	0.308100000002014 	-37.7000122070313 	0 	
-37.6000366210938 	0.173699999999371 	-37.6000366210938 	0 	
-37.5 	0.135600000001432 	-37.5 	0 	
-37.4000244140625 	0.175999999999476 	-37.4000244140625 	0 	
-37.2999877929688 	0.172599999998056 	-37.2999877929688 	0 	
-37.2000122070313 	0.131299999997282 	-37.2000122070313 	0 	
-37.1000366210938 	0.120500000000902 	-37.1000366210938 	0 	
-37 	0.159999999999854 	-37 	0 	
-36.9000244140625 	0.183999999997468 	-36.9000244140625 	0 	
-36.7999877929688 	0.200199999999313 	-36.7999877929688 	0 	
-36.7000122070313 	0.206699999998818 	-36.7000122070313 	0 	
-36.6000366210938 	0.212599999998929 	-36.6000366210938 	0 	
-36.5 	0.230199999998149 	-36.5 	0 	
-36.4000244140625 	0.227699999999459 	-36.4000244140625 	0 	
-36.2999877929688 	0.234499999998661 	-36.2999877929688 	0 	
-36.2000122070313 	0.2458000000006 	-36.2000122070313 	0 	
-36.1000366210938 	0.245600000002014 	-36.1000366210938 	0 	
-36 	0.245299999998679 	-36 	0 	
-35.9000244140625 	0.242999999998574 	-35.9000244140625 	0 	
-35.7999877929688 	0.24539999999979 	-35.7999877929688 	0 	
-35.7000122070313 	0.243099999999686 	-35.7000122070313 	0 	
-35.6000366210938 	0.241500000000087 	-35.6000366210938 	0 	
-35.5 	0.240599999997357 	-35.5 	0 	
-35.4000244140625 	0.237199999995937 	-35.4000244140625 	0 	
-35.2999877929688 	0.23779999999897 	-35.2999877929688 	0 	
-35.2000122070313 	0.234399999997549 	-35.2000122070313 	0 	
-35.1000366210938 	0.233799999998155 	-35.1000366210938 	0 	
-35 	0.226199999997334 	-35 	0 	
-34.9000244140625 	0.218399999997928 	-34.9000244140625 	0 	
-34.7999877929688 	0.215399999997317 	-34.7999877929688 	0 	
-34.7000122070313 	0.206999999998516 	-34.7000122070313 	0 	
-34.6000366210938 	0.204699999998411 	-34.6000366210938 	0 	
-34.5 	0.200099999998201 	-34.5 	0 	
-34.4000244140625 	0.194400000000314 	-34.4000244140625 	0 	
-34.2999877929688 	0.187099999999191 	-34.2999877929688 	0 	
-34.2000122070313 	0.177899999998772 	-34.2000122070313 	0 	
-34.1000366210938 	0.173199999997451 	-34.1000366210938 	0 	
-34 	0.170399999999063 	-34 	0 	
-33.9000244140625 	0.166199999996024 	-33.9000244140625 	0 	
-33.7999877929688 	0.157399999996414 	-33.7999877929688 	0 	
-33.7000122070313 	0.152999999998428 	-33.7000122070313 	0 	
-33.6000366210938 	0.154399999995803 	-33.6000366210938 	0 	
-33.5 	0.151200000000244 	-33.5 	0 	
-33.4000244140625 	0.149499999999534 	-33.4000244140625 	0 	
-33.2999877929688 	0.144899999999325 	-33.2999877929688 	0 	
-33.2000122070313 	0.146499999998923 	-33.2000122070313 	0 	
-33.1000366210938 	0.140599999998813 	-33.1000366210938 	0 	
-33 	0.147899999999936 	-33 	0 	
-32.9000244140625 	0.147099999998318 	-32.9000244140625 	0 	
-32.7999877929688 	0.149099999998725 	-32.7999877929688 	0 	
-32.7000122070313 	0.1433999999972 	-32.7000122070313 	0 	
-32.6000366210938 	0.135599999997794 	-32.6000366210938 	0 	
-32.5 	0.132400000002235 	-32.5 	0 	
-32.4000244140625 	0.121099999996659 	-32.4000244140625 	0 	
-32.2999877929688 	0.128199999999197 	-32.2999877929688 	0 	
-32.2000122070313 	0.128099999998085 	-32.2000122070313 	0 	
-32.1000366210938 	0.124899999998888 	-32.1000366210938 	0 	
-32 	0.127300000000105 	-32 	0 	
-31.9000244140625 	0.13459999999759 	-31.9000244140625 	0 	
-31.7999877929688 	0.135399999999208 	-31.7999877929688 	0 	
-31.7000122070313 	0.13379999999961 	-31.7000122070313 	0 	
-31.6000366210938 	0.129599999996572 	-31.6000366210938 	0 	
-31.5 	0.123999999999796 	-31.5 	0 	
-31.4000244140625 	0.120299999998679 	-31.4000244140625 	0 	
-31.2999877929688 	0.113600000000588 	-31.2999877929688 	0 	
-31.2000122070313 	0.114499999996042 	-31.2000122070313 	0 	
-31.1000366210938 	0.103199999997742 	-31.1000366210938 	0 	
-31 	0.102899999998044 	-31 	0 	
-30.9000244140625 	0.106899999998859 	-30.9000244140625 	0 	
-30.7999877929688 	0.104299999999057 	-30.7999877929688 	0 	
-30.7000122070313 	0.10229999999865 	-30.7000122070313 	0 	
-30.6000366210938 	0.0977999999995518 	-30.6000366210938 	0 	
-30.5 	0.0983999999989464 	-30.5 	0 	
-30.4000244140625 	0.104500000001281 	-30.4000244140625 	0 	
-30.2999877929688 	0.10479999999734 	-30.2999877929688 	0 	
-30.2000122070313 	0.10649999999805 	-30.2000122070313 	0 	
-30.1000366210938 	0.106899999998859 	-30.1000366210938 	0 	
-30 	0.105999999999767 	-30 	0 	
-29.9000244140625 	0.105599999998958 	-29.9000244140625 	0 	
-29.7999877929688 	0.101499999997031 	-29.7999877929688 	0 	
-29.7000122070313 	0.10030000000188 	-29.7000122070313 	0 	
-29.6000366210938 	0.100200000000768 	-29.6000366210938 	0 	
-29.5 	0.102599999998347 	-29.5 	0 	
-29.4000244140625 	0.10280000000057 	-29.4000244140625 	0 	
-29.2999877929688 	0.102699999999459 	-29.2999877929688 	0 	
-29.2000122070313 	0.0995000000002619 	-29.2000122070313 	0 	
-29.1000366210938 	0.0992000000005646 	-29.1000366210938 	0 	
-29 	0.0942999999970198 	-29 	0 	
-28.9000244140625 	0.092000000000553 	-28.9000244140625 	0 	
-28.7999877929688 	0.0912999999964086 	-28.7999877929688 	0 	
-28.7000122070313 	0.0872000000017579 	-28.7000122070313 	0 	
-28.6000366210938 	0.0868000000009488 	-28.6000366210938 	0 	
-28.5 	0.0868000000009488 	-28.5 	0 	
-28.4000244140625 	0.0867999999973108 	-28.4000244140625 	0 	
-28.2999877929688 	0.0848000000005413 	-28.2999877929688 	0 	
-28.2000122070313 	0.0810999999994237 	-28.2000122070313 	0 	
-28.1000366210938 	0.0825999999979103 	-28.1000366210938 	0 	
-28 	0.0842999999986205 	-28 	0 	
-27.9000244140625 	0.0833999999995285 	-27.9000244140625 	0 	
-27.7999877929688 	0.0846999999957916 	-27.7999877929688 	0 	
-27.7000122070313 	0.0883999999969092 	-27.7000122070313 	0 	
-27.6000366210938 	0.0905999999995402 	-27.6000366210938 	0 	
-27.5 	0.0888000000013562 	-27.5 	0 	
-27.4000244140625 	0.0882999999994354 	-27.4000244140625 	0 	
-27.2999877929688 	0.0879999999997381 	-27.2999877929688 	0 	
-27.2000122070313 	0.0877000000000407 	-27.2000122070313 	0 	
-27.1000366210938 	0.0877000000000407 	-27.1000366210938 	0 	
-27 	0.0797999999995227 	-27 	0 	
-26.9000244140625 	0.0776999999980035 	-26.9000244140625 	0 	
-26.7999877929688 	0.077900000000227 	-26.7999877929688 	0 	
-26.7000122070313 	0.0754000000015367 	-26.7000122070313 	0 	
-26.6000366210938 	0.0753999999978987 	-26.6000366210938 	0 	
-26.5 	0.0761999999995169 	-26.5 	0 	
-26.4000244140625 	0.0804999999963911 	-26.4000244140625 	0 	
-26.2999877929688 	0.0813999999991211 	-26.2999877929688 	0 	
-26.2000122070313 	0.0805000000000291 	-26.2000122070313 	0 	
-26.1000366210938 	0.0794000000023516 	-26.1000366210938 	0 	
-26 	0.0797999999958847 	-26 	0 	
-25.9000244140625 	0.0837999999966996 	-25.9000244140625 	0 	
-25.7999877929688 	0.0836999999992258 	-25.7999877929688 	0 	
-25.7000122070313 	0.0850999999966007 	-25.7000122070313 	0 	
-25.6000366210938 	0.0839999999989232 	-25.6000366210938 	0 	
-25.5 	0.0810999999994237 	-25.5 	0 	
-25.4000244140625 	0.0799999999981083 	-25.4000244140625 	0 	
-25.2999877929688 	0.0822000000007392 	-25.2999877929688 	0 	
-25.2000122070313 	0.0817999999999302 	-25.2000122070313 	0 	
-25.1000366210938 	0.0838999999978114 	-25.1000366210938 	0 	
-25 	0.0846000000019558 	-25 	0 	
-24.9000244140625 	0.0840999999963969 	-24.9000244140625 	0 	
-24.7999877929688 	0.0800000000017462 	-24.7999877929688 	0 	
-24.7000122070313 	0.0794999999998254 	-24.7000122070313 	0 	
-24.6000366210938 	0.0798999999969965 	-24.6000366210938 	0 	
-24.5 	0.0766999999977998 	-24.5 	0 	
-24.4000244140625 	0.0763999999981024 	-24.4000244140625 	0 	
-24.2999877929688 	0.0744999999988067 	-24.2999877929688 	0 	
-24.2000122070313 	0.0717999999978929 	-24.2000122070313 	0 	
-24.1000366210938 	0.0717999999978929 	-24.1000366210938 	0 	
-24 	0.0724999999983993 	-24 	0 	
-23.9000244140625 	0.0696999999963737 	-23.9000244140625 	0 	
-23.7999877929688 	0.0683999999964726 	-23.7999877929688 	0 	
-23.7000122070313 	0.0626999999985856 	-23.7000122070313 	0 	
-23.6000366210938 	0.0635000000002037 	-23.6000366210938 	0 	
-23.5 	0.0623000000014144 	-23.5 	0 	
-23.4000244140625 	0.0629999999982829 	-23.4000244140625 	0 	
-23.2999877929688 	0.061199999996461 	-23.2999877929688 	0 	
-23.2000122070313 	0.0593999999982771 	-23.2000122070313 	0 	
-23.1000366210938 	0.0615999999972701 	-23.1000366210938 	0 	
-23 	0.061200000000099 	-23 	0 	
-22.9000244140625 	0.0587999999988824 	-22.9000244140625 	0 	
-22.7999877929688 	0.0601999999998952 	-22.7999877929688 	0 	
-22.7000122070313 	0.0587000000014086 	-22.7000122070313 	0 	
-22.6000366210938 	0.0568999999995867 	-22.6000366210938 	0 	
-22.5 	0.0580000000009022 	-22.5 	0 	
-22.4000244140625 	0.0607999999992899 	-22.4000244140625 	0 	
-22.2999877929688 	0.0578999999997905 	-22.2999877929688 	0 	
-22.2000122070313 	0.0512999999991735 	-22.2000122070313 	0 	
-22.1000366210938 	0.047099999996135 	-22.1000366210938 	0 	
-22 	0.0468999999975495 	-22 	0 	
-21.9000244140625 	0.0463999999992666 	-21.9000244140625 	0 	
-21.7999877929688 	0.0453999999990629 	-21.7999877929688 	0 	
-21.7000122070313 	0.0463000000017928 	-21.7000122070313 	0 	
-21.6000366210938 	0.0449999999982538 	-21.6000366210938 	0 	
-21.5 	0.0430999999989581 	-21.5 	0 	
-21.4000244140625 	0.0380999999979394 	-21.4000244140625 	0 	
-21.2999877929688 	0.0391999999992549 	-21.2999877929688 	0 	
-21.2000122070313 	0.0336999999999534 	-21.2000122070313 	0 	
-21.1000366210938 	0.0351000000009662 	-21.1000366210938 	0 	
-21 	0.0378999999993539 	-21 	0 	
-20.9000244140625 	0.0563999999976659 	-20.9000244140625 	0 	
-20.7999877929688 	0.0676999999996042 	-20.7999877929688 	0 	
-20.7000122070313 	0.0878000000011525 	-20.7000122070313 	0 	
-20.6000366210938 	0.10399999999936 	-20.6000366210938 	0 	
-20.5 	0.1137000000017 	-20.5 	0 	
-20.4000244140625 	0.130400000001828 	-20.4000244140625 	0 	
-20.2999877929688 	0.150499999999738 	-20.2999877929688 	0 	
-20.2000122070313 	0.185499999999593 	-20.2000122070313 	0 	
-20.1000366210938 	0.203699999998207 	-20.1000366210938 	0 	
-20 	0.207899999997608 	-20 	0 	
-19.9000244140625 	0.202199999999721 	-19.9000244140625 	0 	
-19.7999877929688 	0.196599999999307 	-19.7999877929688 	0 	
-19.7000122070313 	0.184199999996054 	-19.7000122070313 	0 	
-19.6000366210938 	0.165199999999459 	-19.6000366210938 	0 	
-19.5 	0.15849999999773 	-19.5 	0 	
-19.4000244140625 	0.147599999996601 	-19.4000244140625 	0 	
-19.2999877929688 	0.119099999999889 	-19.2999877929688 	0 	
-19.2000122070313 	0.0806999999986147 	-19.2000122070313 	0 	
-19.1000366210938 	0.0394999999989523 	-19.1000366210938 	0 	
-19 	0.00849999999627471 	-19 	0 	
-18.9000244140625 	-0.0110999999997148 	-18.9000244140625 	0 	
-18.7999877929688 	-0.030800000000454 	-18.7999877929688 	0 	
-18.7000122070313 	-0.0147000000033586 	-18.7000122070313 	0 	
-18.6000366210938 	-0.0185999999994237 	-18.6000366210938 	0 	
-18.5 	-0.00670000000172877 	-18.5 	0 	
-18.4000244140625 	-0.00250000000232831 	-18.4000244140625 	0 	
-18.2999877929688 	0.00509999999849242 	-18.2999877929688 	0 	
-18.2000122070313 	0.0142999999989115 	-18.2000122070313 	0 	
-18.1000366210938 	0.0158999999985099 	-18.1000366210938 	0 	
-18 	0.0195999999996275 	-18 	0 	
-17.9000244140625 	0.0187999999980093 	-17.9000244140625 	0 	
-17.7999877929688 	0.0157999999973981 	-17.7999877929688 	0 	
-17.7000122070313 	0.00860000000102445 	-17.7000122070313 	0 	
-17.6000366210938 	0.00729999999748543 	-17.6000366210938 	0 	
-17.5 	-0.00389999999970314 	-17.5 	0 	
-17.4000244140625 	-0.0123999999996158 	-17.4000244140625 	0 	
-17.2999877929688 	-0.0115000000005239 	-17.2999877929688 	0 	
-17.2000122070313 	0.00179999999818392 	-17.2000122070313 	0 	
-17.1000366210938 	0.00360000000000582 	-17.1000366210938 	0 	
-17 	-0.00450000000273576 	-17 	0 	
-16.9000244140625 	-0.00549999999930151 	-16.9000244140625 	0 	
-16.7999877929688 	0.000700000000506407 	-16.7999877929688 	0 	
-16.7000122070313 	-0.00489999999990687 	-16.7000122070313 	0 	
-16.6000366210938 	-0.0129000000015367 	-16.6000366210938 	0 	
-16.5 	-0.0167000000001281 	-16.5 	0 	
-16.4000244140625 	-0.0211999999992258 	-16.4000244140625 	0 	
-16.2999877929688 	-0.0311000000001513 	-16.2999877929688 	0 	
-16.2000122070313 	-0.0274000000026717 	-16.2000122070313 	0 	
-16.1000366210938 	-0.0214000000014494 	-16.1000366210938 	0 	
-16 	-0.0178999999989173 	-16 	0 	
-15.9000244140625 	-0.0187000000005355 	-15.9000244140625 	0 	
-15.7999877929688 	-0.0266000000010536 	-15.7999877929688 	0 	
-15.7000122070313 	-0.0347000000037951 	-15.7000122070313 	0 	
-15.6000366210938 	-0.0435000000034051 	-15.6000366210938 	0 	
-15.5 	-0.0504000000037195 	-15.5 	0 	
-15.4000244140625 	-0.0618000000031316 	-15.4000244140625 	0 	
-15.2999877929688 	-0.0642000000007101 	-15.2999877929688 	0 	
-15.2000122070313 	-0.0723000000034517 	-15.2000122070313 	0 	
-15.1000366210938 	-0.0774000000019441 	-15.1000366210938 	0 	
-15 	-0.0776000000005297 	-15 	0 	
-14.9000244140625 	-0.0765000000028522 	-14.9000244140625 	0 	
-14.7999877929688 	-0.073499999998603 	-14.7999877929688 	0 	
-14.7000122070313 	-0.0758000000023458 	-14.7000122070313 	0 	
-14.6000366210938 	-0.0639000000010128 	-14.6000366210938 	0 	
-14.5 	-0.0588999999999942 	-14.5 	0 	
-14.4000244140625 	-0.0504000000000815 	-14.4000244140625 	0 	
-14.2999877929688 	-0.0468000000000757 	-14.2999877929688 	0 	
-14.2000122070313 	-0.0381000000015774 	-14.2000122070313 	0 	
-14.1000366210938 	-0.035200000002078 	-14.1000366210938 	0 	
-14 	-0.0384000000012747 	-14 	0 	
-13.9000244140625 	-0.0388999999995576 	-13.9000244140625 	0 	
-13.7999877929688 	-0.0430999999989581 	-13.7999877929688 	0 	
-13.7000122070313 	-0.0370000000002619 	-13.7000122070313 	0 	
-13.6000366210938 	-0.025099999998929 	-13.6000366210938 	0 	
-13.5 	-0.0290000000022701 	-13.5 	0 	
-13.4000244140625 	-0.0368000000016764 	-13.4000244140625 	0 	
-13.2999877929688 	-0.0426000000006752 	-13.2999877929688 	0 	
-13.2000122070313 	-0.0284000000028755 	-13.2000122070313 	0 	
-13.1000366210938 	-0.0247999999992317 	-13.1000366210938 	0 	
-13 	-0.0131000000001222 	-13 	0 	
-12.9000244140625 	0.00259999999980209 	-12.9000244140625 	0 	
-12.7999877929688 	0.00890000000072177 	-12.7999877929688 	0 	
-12.7000122070313 	0.00799999999799184 	-12.7000122070313 	0 	
-12.6000366210938 	0.00669999999809079 	-12.6000366210938 	0 	
-12.5 	0.00059999999939464 	-12.5 	0 	
-12.4000244140625 	-0.00970000000233995 	-12.4000244140625 	0 	
-12.2999877929688 	-0.0316000000020722 	-12.2999877929688 	0 	
-12.2000122070313 	-0.0444999999999709 	-12.2000122070313 	0 	
-12.1000366210938 	-0.0627999999996973 	-12.1000366210938 	0 	
-12 	-0.0752000000029511 	-12 	0 	
-11.9000244140625 	-0.0807999999997264 	-11.9000244140625 	0 	
-11.7999877929688 	-0.0786000000007334 	-11.7999877929688 	0 	
-11.7000122070313 	-0.0676000000021304 	-11.7000122070313 	0 	
-11.6000366210938 	-0.063799999999901 	-11.6000366210938 	0 	
-11.5 	-0.0633000000016182 	-11.5 	0 	
-11.4000244140625 	-0.055900000003021 	-11.4000244140625 	0 	
-11.2999877929688 	-0.0420000000012806 	-11.2999877929688 	0 	
-11.2000122070313 	-0.03610000000117 	-11.2000122070313 	0 	
-11.1000366210938 	-0.0216000000036729 	-11.1000366210938 	0 	
-11 	-0.00549999999930151 	-11 	0 	
-10.9000244140625 	0.0119999999988067 	-10.9000244140625 	0 	
-10.7999877929688 	0.0239999999976135 	-10.7999877929688 	0 	
-10.7000122070313 	0.0169999999998254 	-10.7000122070313 	0 	
-10.6000366210938 	0.0246999999981199 	-10.6000366210938 	0 	
-10.5 	0.0256000000008498 	-10.5 	0 	
-10.4000244140625 	0.0370999999977357 	-10.4000244140625 	0 	
-10.2999877929688 	0.0429999999978463 	-10.2999877929688 	0 	
-10.2000122070313 	0.0507999999972526 	-10.2000122070313 	0 	
-10.1000366210938 	0.0676000000021304 	-10.1000366210938 	0 	
-10 	0.0815000000002328 	-10 	0 	
-9.9000244140625 	0.0884999999980209 	-9.9000244140625 	0 	
-9.79998779296875 	0.0753000000004249 	-9.79998779296875 	0 	
-9.70001220703125 	0.0784999999996217 	-9.70001220703125 	0 	
-9.60003662109375 	0.0803999999989173 	-9.60003662109375 	0 	
-9.5 	0.073499999998603 	-9.5 	0 	
-9.4000244140625 	0.0616999999983818 	-9.4000244140625 	0 	
-9.29998779296875 	0.049299999998766 	-9.29998779296875 	0 	
-9.20001220703125 	0.0352999999959138 	-9.20001220703125 	0 	
-9.10003662109375 	0.0290999999961059 	-9.10003662109375 	0 	
-9 	0.028600000001461 	-9 	0 	
-8.9000244140625 	0.036099999997532 	-8.9000244140625 	0 	
-8.79998779296875 	0.0376999999971304 	-8.79998779296875 	0 	
-8.70001220703125 	0.0344999999979336 	-8.70001220703125 	0 	
-8.60003662109375 	0.0306999999993423 	-8.60003662109375 	0 	
-8.5 	0.0302999999985332 	-8.5 	0 	
-8.4000244140625 	0.033899999998539 	-8.4000244140625 	0 	
-8.29998779296875 	0.0309000000015658 	-8.29998779296875 	0 	
-8.20001220703125 	0.0253000000011525 	-8.20001220703125 	0 	
-8.10003662109375 	0.0217999999986205 	-8.10003662109375 	0 	
-8 	0.0181000000011409 	-8 	0 	
-7.9000244140625 	0.0191000000013446 	-7.9000244140625 	0 	
-7.79998779296875 	0.0239000000001397 	-7.79998779296875 	0 	
-7.70001220703125 	0.0264999999963038 	-7.70001220703125 	0 	
-7.60003662109375 	0.0275000000001455 	-7.60003662109375 	0 	
-7.5 	0.0227000000013504 	-7.5 	0 	
-7.4000244140625 	0.0224999999991269 	-7.4000244140625 	0 	
-7.29998779296875 	0.0161999999982072 	-7.29998779296875 	0 	
-7.20001220703125 	0.0182000000022526 	-7.20001220703125 	0 	
-7.10003662109375 	0.0187999999980093 	-7.10003662109375 	0 	
-7 	0.0177999999978056 	-7 	0 	
-6.9000244140625 	0.0203000000001339 	-6.9000244140625 	0 	
-6.79998779296875 	0.0210999999981141 	-6.79998779296875 	0 	
-6.70001220703125 	0.0174999999981083 	-6.70001220703125 	0 	
-6.60003662109375 	0.0203999999976077 	-6.60003662109375 	0 	
-6.5 	0.0194999999985157 	-6.5 	0 	
-6.4000244140625 	0.0164999999979045 	-6.4000244140625 	0 	
-6.29998779296875 	0.0168999999987136 	-6.29998779296875 	0 	
-6.20001220703125 	0.0155999999988126 	-6.20001220703125 	0 	
-6.10003662109375 	0.0145999999986088 	-6.10003662109375 	0 	
-6 	0.0149000000019441 	-6 	0 	
-5.9000244140625 	0.0142999999989115 	-5.9000244140625 	0 	
-5.79998779296875 	0.0176999999966938 	-5.79998779296875 	0 	
-5.70001220703125 	0.0159999999996217 	-5.70001220703125 	0 	
-5.60003662109375 	0.00970000000233995 	-5.60003662109375 	0 	
-5.5 	0.00819999999657739 	-5.5 	0 	
-5.4000244140625 	0.00569999999788706 	-5.4000244140625 	0 	
-5.29998779296875 	0.00419999999940046 	-5.29998779296875 	0 	
-5.20001220703125 	0.00379999999859137 	-5.20001220703125 	0 	
-5.10003662109375 	0.00229999999646679 	-5.10003662109375 	0 	
-5 	0 	-5 	0 	
-4.9000244140625 	-0.00129999999990105 	-4.9000244140625 	0 	
-4.79998779296875 	-0.0033000000003085 	-4.79998779296875 	0 	
-4.70001220703125 	-0.00539999999818974 	-4.70001220703125 	0 	
-4.60003662109375 	-0.00230000000010477 	-4.60003662109375 	0 	
-4.5 	-0.00110000000131549 	-4.5 	0 	
-4.4000244140625 	-0.00319999999919673 	-4.4000244140625 	0 	
-4.29998779296875 	-0.00530000000071595 	-4.29998779296875 	0 	
-4.20001220703125 	-0.00620000000344589 	-4.20001220703125 	0 	
-4.10003662109375 	-0.00310000000172295 	-4.10003662109375 	0 	
-4 	-0.00549999999930151 	-4 	0 	
-3.9000244140625 	-0.00760000000082073 	-3.9000244140625 	0 	
-3.79998779296875 	-0.00740000000223517 	-3.79998779296875 	0 	
-3.70001220703125 	-0.00430000000051223 	-3.70001220703125 	0 	
-3.60003662109375 	-0.00450000000273576 	-3.60003662109375 	0 	
-3.5 	-0.00720000000001164 	-3.5 	0 	
-3.4000244140625 	-0.00690000000031432 	-3.4000244140625 	0 	
-3.29998779296875 	-0.00340000000142027 	-3.29998779296875 	0 	
-3.20001220703125 	-0.00280000000202563 	-3.20001220703125 	0 	
-3.10003662109375 	-0.00590000000374857 	-3.10003662109375 	0 	
-3 	-0.0112999999983003 	-3 	0 	
-2.9000244140625 	-0.0153000000027532 	-2.9000244140625 	0 	
-2.79998779296875 	-0.0151000000005297 	-2.79998779296875 	0 	
-2.70001220703125 	-0.0201999999990221 	-2.70001220703125 	0 	
-2.60003662109375 	-0.014500000001135 	-2.60003662109375 	0 	
-2.5 	-0.022899999999936 	-2.5 	0 	
-2.4000244140625 	-0.0286999999989348 	-2.4000244140625 	0 	
-2.29998779296875 	-0.0293999999994412 	-2.29998779296875 	0 	
-2.20001220703125 	-0.0279000000009546 	-2.20001220703125 	0 	
-2.10003662109375 	-0.032999999999447 	-2.10003662109375 	0 	
-2 	-0.0279000000009546 	-2 	0 	
-1.9000244140625 	-0.0311000000037893 	-1.9000244140625 	0 	
-1.79998779296875 	-0.0352999999995518 	-1.79998779296875 	0 	
-1.70001220703125 	-0.0408999999999651 	-1.70001220703125 	0 	
-1.60003662109375 	-0.0354000000006636 	-1.60003662109375 	0 	
-1.5 	-0.0368000000016764 	-1.5 	0 	
-1.4000244140625 	-0.0371000000013737 	-1.4000244140625 	0 	
-1.29998779296875 	-0.0368000000016764 	-1.29998779296875 	0 	
-1.20001220703125 	-0.0328000000008615 	-1.20001220703125 	0 	
-1.10003662109375 	-0.0216000000000349 	-1.10003662109375 	0 	
-1 	-0.0191000000013446 	-1 	0 	
-0.9000244140625 	-0.0191000000013446 	-0.9000244140625 	0 	
-0.79998779296875 	-0.0191000000013446 	-0.79998779296875 	0 	
-0.70001220703125 	 	-0.70001220703125 	0 	
-0.60003662109375 	 	-0.60003662109375 	0 	
-0.5 	 	-0.5 	0 	
-0.4000244140625 	 	-0.4000244140625 	0 	
-0.29998779296875 	 	-0.29998779296875 	0 	
-0.20001220703125 	 	-0.20001220703125 	0 	
-0.10003662109375 	 	-0.10003662109375 	0 	
0 	 	0 	0 	
0.0999755859375 	 	0.0999755859375 	0 	
0.20001220703125 	 	0.20001220703125 	0.0403860986676437 	
0.29998779296875 	 	0.29998779296875 	0.0445347639266859 	
0.39996337890625 	 	0.39996337890625 	0.0449615962694707 	
0.5 	 	0.5 	0.0450055180853713 	
0.5999755859375 	 	0.5999755859375 	0.0450100302490048 	
0.70001220703125 	 	0.70001220703125 	0.0450104944362689 	
0.79998779296875 	 	0.79998779296875 	0.0450105412908591 	
0.89996337890625 	 	0.89996337890625 	0.0450105471944798 	
1 	 	1 	0.0450105478044425 	
1.0999755859375 	 	1.0999755859375 	0.0450105480350628 	
1.20001220703125 	 	1.20001220703125 	0.0450105480967372 	
1.29998779296875 	 	1.29998779296875 	0.0450105480936894 	
1.39996337890625 	 	1.39996337890625 	0.0450105480571378 	
1.5 	 	1.5 	0.0450105480417757 	
1.5999755859375 	 	1.5999755859375 	0.0450105480381083 	
1.70001220703125 	 	1.70001220703125 	0.045010548038438 	
1.79998779296875 	3.27209999999832 	1.79998779296875 	0.045010548045277 	
1.89996337890625 	2.9416999999994 	1.89996337890625 	0.0450105480602913 	
2 	2.93029999999999 	2 	0.045010548074716 	
2.0999755859375 	2.74200000000201 	2.0999755859375 	0.0450105480832385 	
2.20001220703125 	2.72230000000127 	2.20001220703125 	0.0450105480805701 	
2.29998779296875 	2.64279999999781 	2.29998779296875 	0.0450105480614193 	
2.39996337890625 	2.56139999999868 	2.39996337890625 	0.0450105480600365 	
2.5 	2.49569999999949 	2.5 	0.04501054806677 	
2.5999755859375 	2.50040000000081 	2.5999755859375 	0.0450105480703325 	
2.70001220703125 	2.43919999999707 	2.70001220703125 	0.0450105480692959 	
2.79998779296875 	2.39669999999751 	2.79998779296875 	0.0450105480622302 	
2.89996337890625 	2.26499999999942 	2.89996337890625 	0.0450105480477059 	
3 	2.26250000000073 	3 	0.04501054804509 	
3.0999755859375 	2.26810000000114 	3.0999755859375 	0.0450105480432587 	
3.20001220703125 	2.2554999999993 	3.20001220703125 	0.0450105480415891 	
3.29998779296875 	2.25829999999769 	3.29998779296875 	0.045010548040188 	
3.39996337890625 	2.27169999999751 	3.39996337890625 	0.0450105480391593 	
3.5 	2.25790000000052 	3.5 	0.0450105480384998 	
3.5999755859375 	2.25489999999991 	3.5999755859375 	0.0450105480376358 	
3.70001220703125 	2.2554999999993 	3.70001220703125 	0.0450105480370514 	
3.79998779296875 	2.24789999999848 	3.79998779296875 	0.0450105480367935 	
3.89996337890625 	2.2497000000003 	3.89996337890625 	0.0450105480369081 	
4 	2.24059999999736 	4 	0.0450105480374419 	
4.0999755859375 	2.23769999999786 	4.0999755859375 	0.0450105480373241 	
4.20001220703125 	2.22779999999693 	4.20001220703125 	0.0450105480354627 	
4.29998779296875 	2.20509999999922 	4.29998779296875 	0.0450105480337617 	
4.39996337890625 	2.22620000000097 	4.39996337890625 	0.0450105480322199 	
4.5 	2.22030000000086 	4.5 	0.0450105480308364 	
4.5999755859375 	2.21540000000095 	4.5999755859375 	0.045010548029613 	
4.70001220703125 	2.2029999999977 	4.70001220703125 	0.0450105480285481 	
4.79998779296875 	2.20130000000063 	4.79998779296875 	0.0450105480276431 	
4.89996337890625 	2.18479999999909 	4.89996337890625 	0.0450105480268972 	
5 	2.18439999999828 	5 	0.0450105480263102 	
5.0999755859375 	2.17569999999978 	5.0999755859375 	0.0450105480258827 	
5.20001220703125 	2.16929999999775 	5.20001220703125 	0.0450105480256143 	
5.29998779296875 	2.16730000000098 	5.29998779296875 	0.0450105480255052 	
5.39996337890625 	2.16119999999864 	5.39996337890625 	0.0450105480255553 	
5.5 	2.15529999999853 	5.5 	0.0450105480257647 	
5.5999755859375 	2.15489999999772 	5.5999755859375 	0.0450105480261333 	
5.70001220703125 	2.15569999999934 	5.70001220703125 	0.0450105480266613 	
5.79998779296875 	2.14970000000176 	5.79998779296875 	0.0450105480273482 	
5.89996337890625 	2.14229999999588 	5.89996337890625 	0.0450105480281943 	
6 	2.13910000000033 	6 	0.0450105480292001 	
6.0999755859375 	2.1317999999992 	6.0999755859375 	0.0450105480303646 	
6.20001220703125 	2.12679999999818 	6.20001220703125 	0.0450105480316891 	
6.29998779296875 	2.11879999999655 	6.29998779296875 	0.045010548033172 	
6.39996337890625 	2.11489999999685 	6.39996337890625 	0.045010548034814 	
6.5 	2.11349999999948 	6.5 	0.0450105480366163 	
6.5999755859375 	2.10789999999906 	6.5999755859375 	0.0450105480373424 	
6.70001220703125 	2.10479999999734 	6.70001220703125 	0.0450105480367498 	
6.79998779296875 	2.10099999999875 	6.79998779296875 	0.045010548036189 	
6.89996337890625 	2.09389999999985 	6.89996337890625 	0.0450105480356597 	
7 	2.0908999999956 	7 	0.0450105480351615 	
7.0999755859375 	2.08989999999903 	7.0999755859375 	0.045010548034695 	
7.20001220703125 	2.08649999999761 	7.20001220703125 	0.0450105480342598 	
7.29998779296875 	2.07660000000033 	7.29998779296875 	0.0450105480338562 	
7.39996337890625 	2.07380000000194 	7.39996337890625 	0.0450105480334841 	
7.5 	2.07109999999739 	7.5 	0.0450105480331432 	
7.5999755859375 	2.0698999999986 	7.5999755859375 	0.045010548032834 	
7.70001220703125 	2.06620000000112 	7.70001220703125 	0.0450105480325561 	
7.79998779296875 	2.06329999999798 	7.79998779296875 	0.0450105480323098 	
7.89996337890625 	2.05749999999898 	7.89996337890625 	0.0450105480320949 	
8 	2.0544000000009 	8 	0.0450105480319114 	
8.0999755859375 	2.05779999999868 	8.0999755859375 	0.0450105480317594 	
8.20001220703125 	2.05559999999969 	8.20001220703125 	0.0450105480316388 	
8.29998779296875 	2.05359999999928 	8.29998779296875 	0.0450105480315498 	
8.39996337890625 	2.05249999999796 	8.39996337890625 	0.0450105480314922 	
8.5 	2.05110000000059 	8.5 	0.045010548031466 	
8.5999755859375 	2.05019999999786 	8.5999755859375 	0.0450105480314712 	
8.70001220703125 	2.04539999999906 	8.70001220703125 	0.045010548031508 	
8.79998779296875 	2.04179999999906 	8.79998779296875 	0.0450105480315762 	
8.89996337890625 	2.04149999999936 	8.89996337890625 	0.0450105480316758 	
9 	2.03729999999632 	9 	0.0450105480318069 	
9.0999755859375 	2.03720000000249 	9.0999755859375 	0.0450105480319694 	
9.20001220703125 	2.03269999999975 	9.20001220703125 	0.0450105480321635 	
9.29998779296875 	2.02960000000166 	9.29998779296875 	0.0450105480323889 	
9.39996337890625 	2.02720000000045 	9.39996337890625 	0.0450105480326458 	
9.5 	2.02520000000004 	9.5 	0.0450105480329342 	
9.5999755859375 	2.02489999999671 	9.5999755859375 	0.045010548033254 	
9.70001220703125 	2.02179999999862 	9.70001220703125 	0.0450105480336054 	
9.79998779296875 	2.02239999999802 	9.79998779296875 	0.0450105480339881 	
9.89996337890625 	2.02300000000105 	9.89996337890625 	0.0450105480344022 	
10 	2.02089999999953 	10 	0.045010548034848 	
10.0999755859375 	2.0186999999969 	10.0999755859375 	0.045010548035325 	
10.2000122070313 	2.01819999999861 	10.2000122070313 	0.0450105480358337 	
10.2999877929688 	2.0193999999974 	10.2999877929688 	0.0450105480363736 	
10.3999633789063 	2.01569999999992 	10.3999633789063 	0.0450105480369449 	
10.5 	2.0144999999975 	10.5 	0.0450105480375481 	
10.5999755859375 	2.0144999999975 	10.5999755859375 	0.0450105480381823 	
10.7000122070313 	2.01440000000002 	10.7000122070313 	0.0450105480382203 	
10.7999877929688 	2.01109999999971 	10.7999877929688 	0.0450105480382307 	
10.8999633789063 	2.00950000000012 	10.8999633789063 	0.0450105480382409 	
11 	2.00489999999627 	11 	0.0450105480382509 	
11.0999755859375 	2.0023000000001 	11.0999755859375 	0.0450105480382608 	
11.2000122070313 	2.00360000000001 	11.2000122070313 	0.0450105480382704 	
11.2999877929688 	2.0031999999992 	11.2999877929688 	0.0450105480382799 	
11.3999633789063 	2.0041999999994 	11.3999633789063 	0.0450105480382893 	
11.5 	2.00280000000203 	11.5 	0.0450105480382984 	
11.5999755859375 	2.0018999999993 	11.5999755859375 	0.0450105480383073 	
11.7000122070313 	2.00339999999778 	11.7000122070313 	0.0450105480383161 	
11.7999877929688 	2.00119999999879 	11.7999877929688 	0.0450105480383247 	
11.8999633789063 	2.00089999999909 	11.8999633789063 	0.0450105480383331 	
12 	2.00070000000051 	12 	0.0450105480383414 	
12.0999755859375 	2.00110000000132 	12.0999755859375 	0.0450105480383495 	
12.2000122070313 	1.99959999999919 	12.2000122070313 	0.0450105480383573 	
12.2999877929688 	1.99849999999788 	12.2999877929688 	0.0450105480383651 	
12.3999633789063 	1.99940000000061 	12.3999633789063 	0.0450105480383726 	
12.5 	1.99969999999666 	12.5 	0.0450105480383799 	
12.5999755859375 	1.99780000000101 	12.5999755859375 	0.0450105480383871 	
12.7000122070313 	1.9984000000004 	12.7000122070313 	0.0450105480383941 	
12.7999877929688 	1.99829999999929 	12.7999877929688 	0.0450105480384009 	
12.8999633789063 	1.99919999999838 	12.8999633789063 	0.0450105480384076 	
13 	2.00200000000041 	13 	0.045010548038414 	
13.0999755859375 	2.0010000000002 	13.0999755859375 	0.0450105480384203 	
13.2000122070313 	1.9989999999998 	13.2000122070313 	0.0450105480384264 	
13.2999877929688 	2.00069999999687 	13.2999877929688 	0.0450105480384323 	
13.3999633789063 	1.99910000000091 	13.3999633789063 	0.0450105480384381 	
13.5 	1.99639999999999 	13.5 	0.0450105480384437 	
13.5999755859375 	1.99489999999787 	13.5999755859375 	0.045010548038449 	
13.7000122070313 	1.98990000000049 	13.7000122070313 	0.0450105480384543 	
13.7999877929688 	1.99259999999776 	13.7999877929688 	0.0450105480384593 	
13.8999633789063 	1.99350000000049 	13.8999633789063 	0.0450105480384642 	
14 	1.99309999999969 	14 	0.0450105480384688 	
14.0999755859375 	1.98989999999685 	14.0999755859375 	0.0450105480384733 	
14.2000122070313 	1.99009999999907 	14.2000122070313 	0.0450105480384776 	
14.2999877929688 	1.990600000001 	14.2999877929688 	0.0450105480384818 	
14.3999633789063 	1.99139999999898 	14.3999633789063 	0.0450105480384858 	
14.5 	1.98930000000109 	14.5 	0.0450105480384895 	
14.5999755859375 	1.98659999999654 	14.5999755859375 	0.0450105480384932 	
14.7000122070313 	1.98619999999573 	14.7000122070313 	0.0450105480384951 	
14.7999877929688 	1.98779999999897 	14.7999877929688 	0.0450105480384951 	
14.8999633789063 	1.98730000000069 	14.8999633789063 	0.0450105480384951 	
15 	1.99119999999675 	15 	0.0450105480384951 	
15.0999755859375 	1.99179999999978 	15.0999755859375 	0.0450105480384951 	
15.2000122070313 	1.99049999999988 	15.2000122070313 	0.0450105480384951 	
15.2999877929688 	1.99099999999817 	15.2999877929688 	0.0450105480384951 	
15.3999633789063 	1.990600000001 	15.3999633789063 	0.0450105480384951 	
15.5 	1.99059999999736 	15.5 	0.0450105480384951 	
15.5999755859375 	1.99079999999958 	15.5999755859375 	0.0450105480384951 	
15.7000122070313 	1.9929000000011 	15.7000122070313 	0.0450105480384951 	
15.7999877929688 	1.99139999999898 	15.7999877929688 	0.0450105480384951 	
15.8999633789063 	1.98760000000038 	15.8999633789063 	0.0450105480384951 	
16 	1.98509999999806 	16 	0.0450105480384951 	
16.0999755859375 	1.98189999999886 	16.0999755859375 	0.0450105480384951 	
16.2000122070313 	1.98209999999744 	16.2000122070313 	0.0450105480384951 	
16.2999877929688 	1.97969999999623 	16.2999877929688 	0.0450105480384951 	
16.3999633789063 	1.97560000000158 	16.3999633789063 	0.0450105480384951 	
16.5 	1.97359999999753 	16.5 	0.0450105480384951 	
16.5999755859375 	1.97269999999844 	16.5999755859375 	0.0450105480384951 	
16.7000122070313 	1.97219999999652 	16.7000122070313 	0.0450105480384952 	
16.7999877929688 	1.97199999999793 	16.7999877929688 	0.0450105480384952 	
16.8999633789063 	1.97249999999985 	16.8999633789063 	0.0450105480384952 	
17 	1.97279999999955 	17 	0.0450105480384952 	
17.0999755859375 	1.97089999999662 	17.0999755859375 	0.0450105480384952 	
17.2000122070313 	1.96589999999924 	17.2000122070313 	0.0450105480384952 	
17.2999877929688 	1.96419999999853 	17.2999877929688 	0.0450105480384952 	
17.3999633789063 	1.96220000000176 	17.3999633789063 	0.0450105480384952 	
17.5 	1.95969999999943 	17.5 	0.0450105480384952 	
17.5999755859375 	1.95629999999801 	17.5999755859375 	0.0450105480384952 	
17.7000122070313 	1.95229999999719 	17.7000122070313 	0.0450105480384952 	
17.7999877929688 	1.9519999999975 	17.7999877929688 	0.0450105480384952 	
17.8999633789063 	1.95089999999982 	17.8999633789063 	0.0450105480384952 	
18 	1.95379999999932 	18 	0.0450105480384952 	
18.0999755859375 	1.95309999999881 	18.0999755859375 	0.0450105480384952 	
18.2000122070313 	1.95599999999831 	18.2000122070313 	0.0450105480384952 	
18.2999877929688 	1.95799999999872 	18.2999877929688 	0.0450105480384952 	
18.3999633789063 	1.95520000000033 	18.3999633789063 	0.0450105480384952 	
18.5 	1.952699999998 	18.5 	0.0450105480384952 	
18.5999755859375 	1.95279999999912 	18.5999755859375 	0.0450105480384952 	
18.7000122070313 	1.94840000000113 	18.7000122070313 	0.0450105480384952 	
18.7999877929688 	1.9484999999986 	18.7999877929688 	0.0450105480384952 	
18.8999633789063 	1.94629999999961 	18.8999633789063 	0.0450105480384952 	
19 	1.94100000000253 	19 	0.0450105480384952 	
19.0999755859375 	1.93789999999717 	19.0999755859375 	0.0450105480384952 	
19.2000122070313 	1.93660000000091 	19.2000122070313 	0.0450105480384952 	
19.2999877929688 	1.93269999999757 	19.2999877929688 	0.0450105480384953 	
19.3999633789063 	1.93219999999928 	19.3999633789063 	0.0450105480384953 	
19.5 	1.93279999999868 	19.5 	0.0450105480384953 	
19.5999755859375 	1.93339999999807 	19.5999755859375 	0.0450105480384953 	
19.7000122070313 	1.93269999999757 	19.7000122070313 	0.0450105480384953 	
19.7999877929688 	1.93159999999989 	19.7999877929688 	0.0450105480384953 	
19.8999633789063 	1.92840000000069 	19.8999633789063 	0.0450105480384953 	
20 	1.92699999999604 	20 	0.0450105480384953 	
20.0999755859375 	1.92619999999806 	20.0999755859375 	0.0450105480384953 	
20.2000122070313 	1.92380000000048 	20.2000122070313 	0.0450105480384953 	
20.2999877929688 	1.92109999999957 	20.2999877929688 	0.0450105480384953 	
20.3999633789063 	1.91639999999825 	20.3999633789063 	0.0450105480384953 	
20.5 	1.91820000000007 	20.5 	0.0450105480384953 	
20.5999755859375 	1.91660000000047 	20.5999755859375 	0.0450105480384953 	
20.7000122070313 	1.91629999999714 	20.7000122070313 	0.0450105480384953 	
20.7999877929688 	1.91619999999602 	20.7999877929688 	0.0450105480384953 	
20.8999633789063 	1.91310000000158 	20.8999633789063 	0.0450105480384953 	
21 	1.91039999999703 	21 	0.0450105480384953 	
21.0999755859375 	1.90839999999662 	21.0999755859375 	0.0450105480384953 	
21.2000122070313 	1.90769999999975 	21.2000122070313 	0.0450105480384953 	
21.2999877929688 	1.90459999999803 	21.2999877929688 	0.0450105480384953 	
21.3999633789063 	1.90229999999792 	21.3999633789063 	0.0450105480384953 	
21.5 	1.90209999999934 	21.5 	0.0450105480384953 	
21.5999755859375 	1.90099999999802 	21.5999755859375 	0.0450105480384953 	
21.7000122070313 	1.90020000000004 	21.7000122070313 	0.0450105480384953 	
21.7999877929688 	1.90020000000004 	21.7999877929688 	0.0450105480384953 	
21.8999633789063 	1.90039999999863 	21.8999633789063 	0.0450105480384954 	
22 	1.89830000000075 	22 	0.0450105480384954 	
22.0999755859375 	1.89809999999852 	22.0999755859375 	0.0450105480384954 	
22.2000122070313 	1.89939999999842 	22.2000122070313 	0.0450105480384954 	
22.2999877929688 	1.895999999997 	22.2999877929688 	0.0450105480384954 	
22.3999633789063 	1.89689999999973 	22.3999633789063 	0.0450105480384954 	
22.5 	1.89679999999862 	22.5 	0.0450105480384954 	
22.5999755859375 	1.8956999999973 	22.5999755859375 	0.0450105480384954 	
22.7000122070313 	1.89229999999952 	22.7000122070313 	0.0450105480384954 	
22.7999877929688 	1.88989999999831 	22.7999877929688 	0.0450105480384954 	
22.8999633789063 	1.88999999999942 	22.8999633789063 	0.0450105480384954 	
23 	1.89170000000013 	23 	0.0450105480384954 	
23.0999755859375 	1.89480000000185 	23.0999755859375 	0.0450105480384954 	
23.2000122070313 	1.89649999999892 	23.2000122070313 	0.0450105480384954 	
23.2999877929688 	1.8946999999971 	23.2999877929688 	0.0450105480384954 	
23.3999633789063 	1.89349999999831 	23.3999633789063 	0.0450105480384954 	
23.5 	1.89219999999841 	23.5 	0.0450105480384954 	
23.5999755859375 	1.89359999999942 	23.5999755859375 	0.0450105480384954 	
23.7000122070313 	1.89549999999872 	23.7000122070313 	0.0450105480384954 	
23.7999877929688 	1.89900000000125 	23.7999877929688 	0.0450105480384954 	
23.8999633789063 	1.8994999999959 	23.8999633789063 	0.0450105480384954 	
24 	1.89530000000013 	24 	0.0450105480384954 	
24.0999755859375 	1.89009999999689 	24.0999755859375 	0.0450105480384954 	
24.2000122070313 	1.89139999999679 	24.2000122070313 	0.0450105480384954 	
24.2999877929688 	1.88910000000033 	24.2999877929688 	0.0450105480384954 	
24.3999633789063 	1.88299999999799 	24.3999633789063 	0.0450105480384954 	
24.5 	1.87840000000142 	24.5 	0.0450105480384954 	
24.5999755859375 	1.87810000000172 	24.5999755859375 	0.0450105480384954 	
24.7000122070313 	1.8768999999993 	24.7000122070313 	0.0450105480384955 	
24.7999877929688 	1.87939999999799 	24.7999877929688 	0.0450105480384955 	
24.8999633789063 	1.88190000000031 	24.8999633789063 	0.0450105480384955 	
25 	1.88479999999981 	25 	0.0450105480384955 	
25.0999755859375 	1.88839999999618 	25.0999755859375 	0.0450105480384955 	
25.2000122070313 	1.8872999999985 	25.2000122070313 	0.0450105480384955 	
25.2999877929688 	1.890199999998 	25.2999877929688 	0.0450105480384955 	
25.3999633789063 	1.89159999999902 	25.3999633789063 	0.0450105480384955 	
25.5 	1.89219999999841 	25.5 	0.0450105480384955 	
25.5999755859375 	1.89220000000205 	25.5999755859375 	0.0450105480384955 	
25.7000122070313 	1.89069999999992 	25.7000122070313 	0.0450105480384955 	
25.7999877929688 	1.8914999999979 	25.7999877929688 	0.0450105480384955 	
25.8999633789063 	1.89080000000104 	25.8999633789063 	0.0450105480384955 	
26 	1.89259999999922 	26 	0.0450105480384955 	
26.0999755859375 	1.89549999999872 	26.0999755859375 	0.0450105480384955 	
26.2000122070313 	1.89579999999842 	26.2000122070313 	0.0450105480384955 	
26.2999877929688 	1.89530000000013 	26.2999877929688 	0.0450105480384955 	
26.3999633789063 	1.89609999999811 	26.3999633789063 	0.0450105480384955 	
26.5 	1.89409999999771 	26.5 	0.0450105480384955 	
26.5999755859375 	1.89349999999831 	26.5999755859375 	0.0450105480384955 	
26.7000122070313 	1.89169999999649 	26.7000122070313 	0.0450105480384955 	
26.7999877929688 	1.89089999999851 	26.7999877929688 	0.0450105480384955 	
26.8999633789063 	1.89159999999902 	26.8999633789063 	0.0450105480384955 	
27 	1.88929999999891 	27 	0.0450105480384955 	
27.0999755859375 	1.88589999999749 	27.0999755859375 	0.0450105480384955 	
27.2000122070313 	1.88810000000012 	27.2000122070313 	0.0450105480384955 	
27.2999877929688 	1.89050000000134 	27.2999877929688 	0.0450105480384956 	
27.3999633789063 	1.89090000000215 	27.3999633789063 	0.0450105480384956 	
27.5 	1.89199999999983 	27.5 	0.0450105480384956 	
27.5999755859375 	1.8933999999972 	27.5999755859375 	0.0450105480384956 	
27.7000122070313 	1.89050000000134 	27.7000122070313 	0.0450105480384956 	
27.7999877929688 	1.890199999998 	27.7999877929688 	0.0450105480384956 	
27.8999633789063 	1.88980000000083 	27.8999633789063 	0.0450105480384956 	
28 	1.88799999999901 	28 	0.0450105480384956 	
28.0999755859375 	1.88329999999769 	28.0999755859375 	0.0450105480384956 	
28.2000122070313 	1.88479999999981 	28.2000122070313 	0.0450105480384956 	
28.2999877929688 	1.88489999999729 	28.2999877929688 	0.0450105480384956 	
28.3999633789063 	1.88279999999941 	28.3999633789063 	0.0450105480384956 	
28.5 	1.8820999999989 	28.5 	0.0450105480384956 	
28.5999755859375 	1.88329999999769 	28.5999755859375 	0.0450105480384956 	
28.7000122070313 	1.88320000000022 	28.7000122070313 	0.0450105480384956 	
28.7999877929688 	1.88269999999829 	28.7999877929688 	0.0450105480384956 	
28.8999633789063 	1.88290000000052 	28.8999633789063 	0.0450105480384956 	
29 	1.88260000000082 	29 	0.0450105480384956 	
29.0999755859375 	1.87910000000193 	29.0999755859375 	0.0450105480384956 	
29.2000122070313 	1.8797999999988 	29.2000122070313 	0.0450105480384956 	
29.2999877929688 	1.87750000000233 	29.2999877929688 	0.0450105480384956 	
29.3999633789063 	1.87649999999849 	29.3999633789063 	0.0450105480384956 	
29.5 	1.87519999999859 	29.5 	0.0450105480384956 	
29.5999755859375 	1.8721000000005 	29.5999755859375 	0.0450105480384956 	
29.7000122070313 	1.8711000000003 	29.7000122070313 	0.0450105480384956 	
29.7999877929688 	1.86999999999898 	29.7999877929688 	0.0450105480384956 	
29.8999633789063 	1.87279999999737 	29.8999633789063 	0.0450105480384956 	
30 	1.87299999999959 	30 	0.0450105480384956 	
30.0999755859375 	1.86989999999787 	30.0999755859375 	0.0450105480384957 	
30.2000122070313 	1.86799999999857 	30.2000122070313 	0.0450105480384957 	
30.2999877929688 	1.86209999999846 	30.2999877929688 	0.0450105480384957 	
30.3999633789063 	1.86409999999887 	30.3999633789063 	0.0450105480384957 	
30.5 	1.86959999999817 	30.5 	0.0450105480384957 	
30.5999755859375 	1.86639999999898 	30.5999755859375 	0.0450105480384957 	
30.7000122070313 	1.86189999999988 	30.7000122070313 	0.0450105480384957 	
30.7999877929688 	1.86069999999745 	30.7999877929688 	0.0450105480384957 	
30.8999633789063 	1.85959999999977 	30.8999633789063 	0.0450105480384957 	
31 	1.85900000000038 	31 	0.0450105480384957 	
31.0999755859375 	1.85439999999653 	31.0999755859375 	0.0450105480384957 	
31.2000122070313 	1.85169999999925 	31.2000122070313 	0.0450105480384957 	
31.2999877929688 	1.84749999999985 	31.2999877929688 	0.0450105480384957 	
31.3999633789063 	1.84579999999914 	31.3999633789063 	0.0450105480384957 	
31.5 	1.84530000000086 	31.5 	0.0450105480384957 	
31.5999755859375 	1.84649999999965 	31.5999755859375 	0.0450105480384957 	
31.7000122070313 	1.84479999999894 	31.7000122070313 	0.0450105480384957 	
31.7999877929688 	1.84419999999955 	31.7999877929688 	0.0450105480384957 	
31.8999633789063 	1.84169999999722 	31.8999633789063 	0.0450105480384957 	
32 	1.83789999999863 	32 	0.0450105480384957 	
32.0999755859375 	1.83899999999994 	32.0999755859375 	0.0450105480384957 	
32.2000122070313 	1.83999999999651 	32.2000122070313 	0.0450105480384957 	
32.2999877929688 	1.83969999999681 	32.2999877929688 	0.0450105480384957 	
32.3999633789063 	1.83729999999923 	32.3999633789063 	0.0450105480384957 	
32.5 	1.83849999999802 	32.5 	0.0450105480384957 	
32.5999755859375 	1.83369999999923 	32.5999755859375 	0.0450105480384957 	
32.7000122070313 	1.83309999999983 	32.7000122070313 	0.0450105480384958 	
32.7999877929688 	1.83079999999609 	32.7999877929688 	0.0450105480384958 	
32.8999633789063 	1.82999999999811 	32.8999633789063 	0.0450105480384958 	
33 	1.82830000000104 	33 	0.0450105480384958 	
33.0999755859375 	1.82700000000114 	33.0999755859375 	0.0450105480384958 	
33.2000122070313 	1.82289999999921 	33.2000122070313 	0.0450105480384958 	
33.2999877929688 	1.81759999999849 	33.2999877929688 	0.0450105480384958 	
33.3999633789063 	1.81739999999991 	33.3999633789063 	0.0450105480384958 	
33.5 	1.8137999999999 	33.5 	0.0450105480384958 	
33.5999755859375 	1.81419999999707 	33.5999755859375 	0.0450105480384958 	
33.7000122070313 	1.81369999999879 	33.7000122070313 	0.0450105480384958 	
33.7999877929688 	1.81369999999879 	33.7999877929688 	0.0450105480384958 	
33.8999633789063 	1.81209999999919 	33.8999633789063 	0.0450105480384958 	
34 	1.81229999999778 	34 	0.0450105480384958 	
34.0999755859375 	1.81179999999949 	34.0999755859375 	0.0450105480384958 	
34.2000122070313 	1.80959999999686 	34.2000122070313 	0.0450105480384958 	
34.2999877929688 	1.80839999999807 	34.2999877929688 	0.0450105480384958 	
34.3999633789063 	1.81039999999848 	34.3999633789063 	0.0450105480384958 	
34.5 	1.80889999999999 	34.5 	0.0450105480384958 	
34.5999755859375 	1.80910000000222 	34.5999755859375 	0.0450105480384958 	
34.7000122070313 	1.80760000000009 	34.7000122070313 	0.0450105480384958 	
34.7999877929688 	1.80689999999595 	34.7999877929688 	0.0450105480384958 	
34.8999633789063 	1.80479999999807 	34.8999633789063 	0.0450105480384958 	
35 	1.80149999999776 	35 	0.0450105480384958 	
35.0999755859375 	1.80059999999867 	35.0999755859375 	0.0450105480384958 	
35.2000122070313 	1.80029999999897 	35.2000122070313 	0.0450105480384958 	
35.2999877929688 	1.79829999999856 	35.2999877929688 	0.0450105480384958 	
35.3999633789063 	1.80099999999948 	35.3999633789063 	0.0450105480384958 	
35.5 	1.80289999999877 	35.5 	0.0450105480384959 	
35.5999755859375 	1.80519999999888 	35.5999755859375 	0.0450105480384959 	
35.7000122070313 	1.80199999999968 	35.7000122070313 	0.0450105480384959 	
35.7999877929688 	1.80069999999614 	35.7999877929688 	0.0450105480384959 	
35.8999633789063 	1.79910000000018 	35.8999633789063 	0.0450105480384959 	
36 	1.80029999999897 	36 	0.0450105480384959 	
36.0999755859375 	1.80379999999786 	36.0999755859375 	0.0450105480384959 	
36.2000122070313 	1.80110000000059 	36.2000122070313 	0.0450105480384959 	
36.2999877929688 	1.79769999999917 	36.2999877929688 	0.0450105480384959 	
36.3999633789063 	1.79859999999826 	36.3999633789063 	0.0450105480384959 	
36.5 	1.80099999999948 	36.5 	0.0450105480384959 	
36.5999755859375 	1.80099999999948 	36.5999755859375 	0.0450105480384959 	
36.7000122070313 	1.797300000002 	36.7000122070313 	0.0450105480384959 	
36.7999877929688 	1.79659999999785 	36.7999877929688 	0.0450105480384959 	
36.8999633789063 	1.79850000000079 	36.8999633789063 	0.0450105480384959 	
37 	1.80009999999675 	37 	0.0450105480384959 	
37.0999755859375 	1.79820000000109 	37.0999755859375 	0.0450105480384959 	
37.2000122070313 	1.80019999999786 	37.2000122070313 	0.0450105480384959 	
37.2999877929688 	1.79979999999705 	37.2999877929688 	0.0450105480384959 	
37.3999633789063 	1.79989999999816 	37.3999633789063 	0.0450105480384959 	
37.5 	1.79789999999775 	37.5 	0.0450105480384959 	
37.5999755859375 	1.79799999999886 	37.5999755859375 	0.0450105480384959 	
37.7000122070313 	1.79939999999988 	37.7000122070313 	0.0450105480384959 	
37.7999877929688 	1.79709999999977 	37.7999877929688 	0.0450105480384959 	
37.8999633789063 	1.79799999999886 	37.8999633789063 	0.0450105480384959 	
38 	1.79559999999765 	38 	0.0450105480384959 	
38.0999755859375 	1.79349999999613 	38.0999755859375 	0.0450105480384959 	
38.2000122070313 	1.79299999999785 	38.2000122070313 	0.045010548038496 	
38.2999877929688 	1.79629999999815 	38.2999877929688 	0.045010548038496 	
38.3999633789063 	1.79739999999947 	38.3999633789063 	0.045010548038496 	
38.5 	1.80289999999877 	38.5 	0.045010548038496 	
38.5999755859375 	1.80169999999634 	38.5999755859375 	0.045010548038496 	
38.7000122070313 	1.80099999999948 	38.7000122070313 	0.045010548038496 	
38.7999877929688 	1.79950000000099 	38.7999877929688 	0.045010548038496 	
38.8999633789063 	1.79459999999744 	38.8999633789063 	0.045010548038496 	
39 	1.79409999999916 	39 	0.045010548038496 	
39.0999755859375 	1.79109999999855 	39.0999755859375 	0.045010548038496 	
39.2000122070313 	1.79339999999866 	39.2000122070313 	0.045010548038496 	
39.2999877929688 	1.79509999999937 	39.2999877929688 	0.045010548038496 	
39.3999633789063 	1.79179999999906 	39.3999633789063 	0.045010548038496 	
39.5 	1.79169999999795 	39.5 	0.045010548038496 	
39.5999755859375 	1.79499999999825 	39.5999755859375 	0.045010548038496 	
39.7000122070313 	1.79579999999987 	39.7000122070313 	0.045010548038496 	
39.7999877929688 	1.79499999999825 	39.7999877929688 	0.045010548038496 	
39.8999633789063 	1.79290000000037 	39.8999633789063 	0.045010548038496 	
40 	1.79459999999744 	40 	0.045010548038496 	
40.0999755859375 	1.79579999999987 	40.0999755859375 	0.045010548038496 	
40.2000122070313 	1.79629999999815 	40.2000122070313 	0.045010548038496 	
40.2999877929688 	1.79699999999866 	40.2999877929688 	0.045010548038496 	
40.3999633789063 	1.79680000000008 	40.3999633789063 	0.045010548038496 	
40.5 	1.79359999999724 	40.5 	0.045010548038496 	
40.5999755859375 	1.79359999999724 	40.5999755859375 	0.045010548038496 	
40.7000122070313 	1.79079999999885 	40.7000122070313 	0.045010548038496 	
40.7999877929688 	1.79119999999966 	40.7999877929688 	0.0450105480384961 	
40.8999633789063 	1.78870000000097 	40.8999633789063 	0.0450105480384961 	
41 	1.78889999999956 	41 	0.0450105480384961 	
41.0999755859375 	1.78819999999905 	41.0999755859375 	0.0450105480384961 	
41.2000122070313 	1.78719999999885 	41.2000122070313 	0.0450105480384961 	
41.2999877929688 	1.78589999999895 	41.2999877929688 	0.0450105480384961 	
41.3999633789063 	1.78759999999602 	41.3999633789063 	0.0450105480384961 	
41.5 	1.78410000000076 	41.5 	0.0450105480384961 	
41.5999755859375 	1.78139999999985 	41.5999755859375 	0.0450105480384961 	
41.7000122070313 	1.77839999999924 	41.7000122070313 	0.0450105480384961 	
41.7999877929688 	1.7757999999958 	41.7999877929688 	0.0450105480384961 	
41.8999633789063 	1.77620000000024 	41.8999633789063 	0.0450105480384961 	
42 	1.77719999999681 	42 	0.0450105480384961 	
42.0999755859375 	1.77809999999954 	42.0999755859375 	0.0450105480384961 	
42.2000122070313 	1.77820000000065 	42.2000122070313 	0.0450105480384961 	
42.2999877929688 	1.77980000000025 	42.2999877929688 	0.0450105480384961 	
42.3999633789063 	1.77629999999772 	42.3999633789063 	0.0450105480384961 	
42.5 	1.77019999999902 	42.5 	0.0450105480384961 	
42.5999755859375 	1.76789999999892 	42.5999755859375 	0.0450105480384961 	
42.7000122070313 	1.76859999999942 	42.7000122070313 	0.0450105480384961 	
42.7999877929688 	1.76889999999912 	42.7999877929688 	0.0450105480384961 	
42.8999633789063 	1.76559999999881 	42.8999633789063 	0.0450105480384961 	
43 	1.76290000000154 	43 	0.0450105480384961 	
43.0999755859375 	1.75870000000214 	43.0999755859375 	0.0450105480384961 	
43.2000122070313 	1.7570999999989 	43.2000122070313 	0.0450105480384961 	
43.2999877929688 	1.75400000000081 	43.2999877929688 	0.0450105480384961 	
43.3999633789063 	1.74989999999889 	43.3999633789063 	0.0450105480384961 	
43.5 	1.74729999999909 	43.5 	0.0450105480384961 	
43.5999755859375 	1.74659999999858 	43.5999755859375 	0.0450105480384962 	
43.7000122070313 	1.74489999999787 	43.7000122070313 	0.0450105480384962 	
43.7999877929688 	1.74250000000029 	43.7999877929688 	0.0450105480384962 	
43.8999633789063 	1.74239999999918 	43.8999633789063 	0.0450105480384962 	
44 	1.74409999999989 	44 	0.0450105480384962 	
44.0999755859375 	1.7445000000007 	44.0999755859375 	0.0450105480384962 	
44.2000122070313 	1.74380000000019 	44.2000122070313 	0.0450105480384962 	
44.2999877929688 	1.74109999999928 	44.2999877929688 	0.0450105480384962 	
44.3999633789063 	1.74069999999847 	44.3999633789063 	0.0450105480384962 	
44.5 	1.73890000000029 	44.5 	0.0450105480384962 	
44.5999755859375 	1.73949999999968 	44.5999755859375 	0.0450105480384962 	
44.7000122070313 	1.74419999999736 	44.7000122070313 	0.0450105480384962 	
44.7999877929688 	1.74569999999949 	44.7999877929688 	0.0450105480384962 	
44.8999633789063 	1.74929999999949 	44.8999633789063 	0.0450105480384962 	
45 	1.75080000000162 	45 	0.0450105480384962 	
45.0999755859375 	1.74949999999808 	45.0999755859375 	0.0450105480384962 	
45.2000122070313 	1.74889999999868 	45.2000122070313 	0.0450105480384962 	
45.2999877929688 	1.75139999999737 	45.2999877929688 	0.0450105480384962 	
45.3999633789063 	1.75469999999768 	45.3999633789063 	0.0450105480384962 	
45.5 	1.75569999999789 	45.5 	0.0450105480384962 	
45.5999755859375 	1.75560000000041 	45.5999755859375 	0.0450105480384962 	
45.7000122070313 	1.75519999999597 	45.7000122070313 	0.0450105480384962 	
45.7999877929688 	1.7541999999994 	45.7999877929688 	0.0450105480384962 	
45.8999633789063 	1.7528999999995 	45.8999633789063 	0.0450105480384962 	
46 	1.75239999999758 	46 	0.0450105480384962 	
46.0999755859375 	1.75299999999697 	46.0999755859375 	0.0450105480384962 	
46.2000122070313 	1.75219999999899 	46.2000122070313 	0.0450105480384963 	
46.2999877929688 	1.75089999999909 	46.2999877929688 	0.0450105480384963 	
46.3999633789063 	1.75119999999879 	46.3999633789063 	0.0450105480384963 	
46.5 	1.75170000000071 	46.5 	0.0450105480384963 	
46.5999755859375 	1.7551999999996 	46.5999755859375 	0.0450105480384963 	
46.7000122070313 	1.7544999999991 	46.7000122070313 	0.0450105480384963 	
46.7999877929688 	1.75360000000001 	46.7999877929688 	0.0450105480384963 	
46.8999633789063 	1.75359999999637 	46.8999633789063 	0.0450105480384963 	
47 	1.75439999999799 	47 	0.0450105480384963 	
47.0999755859375 	1.75219999999536 	47.0999755859375 	0.0450105480384963 	
47.2000122070313 	1.74949999999808 	47.2000122070313 	0.0450105480384963 	
47.2999877929688 	1.75359999999637 	47.2999877929688 	0.0450105480384963 	
47.3999633789063 	1.75360000000001 	47.3999633789063 	0.0450105480384963 	
47.5 	1.75369999999748 	47.5 	0.0450105480384963 	
47.5999755859375 	1.75469999999768 	47.5999755859375 	0.0450105480384963 	
47.7000122070313 	1.75360000000001 	47.7000122070313 	0.0450105480384963 	
47.7999877929688 	1.75570000000153 	47.7999877929688 	0.0450105480384963 	
47.8999633789063 	1.75929999999789 	47.8999633789063 	0.0450105480384963 	
48 	1.76109999999971 	48 	0.0450105480384963 	
48.0999755859375 	1.75779999999577 	48.0999755859375 	0.0450105480384963 	
48.2000122070313 	1.75639999999839 	48.2000122070313 	0.0450105480384963 	
48.2999877929688 	1.75509999999849 	48.2999877929688 	0.0450105480384963 	
48.3999633789063 	1.75469999999768 	48.3999633789063 	0.0450105480384963 	
48.5 	1.75919999999678 	48.5 	0.0450105480384963 	
48.5999755859375 	1.76209999999992 	48.5999755859375 	0.0450105480384963 	
48.7000122070313 	1.7628999999979 	48.7000122070313 	0.0450105480384963 	
48.7999877929688 	1.76019999999698 	48.7999877929688 	0.0450105480384963 	
48.8999633789063 	1.75749999999971 	48.8999633789063 	0.0450105480384963 	
49 	1.75849999999991 	49 	0.0450105480384964 	
49.0999755859375 	1.7586999999985 	49.0999755859375 	0.0450105480384964 	
49.2000122070313 	1.76109999999971 	49.2000122070313 	0.0450105480384964 	
49.2999877929688 	1.76269999999568 	49.2999877929688 	0.0450105480384964 	
49.3999633789063 	1.7622999999985 	49.3999633789063 	0.0450105480384964 	
49.5 	1.76529999999912 	49.5 	0.0450105480384964 	
49.5999755859375 	1.767399999997 	49.5999755859375 	0.0450105480384964 	
49.7000122070313 	1.7660999999971 	49.7000122070313 	0.0450105480384964 	
49.7999877929688 	1.76299999999901 	49.7999877929688 	0.0450105480384964 	
49.8999633789063 	1.76339999999982 	49.8999633789063 	0.0450105480384964 	
50 	1.76310000000012 	50 	0.0450105480384964 	
50.0999755859375 	1.76410000000033 	50.0999755859375 	0.0450105480384964 	
50.2000122070313 	1.76469999999972 	50.2000122070313 	0.0450105480384964 	
50.2999877929688 	1.76239999999598 	50.2999877929688 	0.0450105480384964 	
50.3999633789063 	1.76239999999962 	50.3999633789063 	0.0450105480384964 	
50.5 	1.76019999999698 	50.5 	0.0450105480384964 	
50.5999755859375 	1.76009999999951 	50.5999755859375 	0.0450105480384964 	
50.7000122070313 	1.7573999999986 	50.7000122070313 	0.0450105480384964 	
50.7999877929688 	1.75720000000001 	50.7999877929688 	0.0450105480384964 	
50.8999633789063 	1.75720000000001 	50.8999633789063 	0.0450105480384964 	
51 	1.75679999999556 	51 	0.0450105480384964 	
51.0999755859375 	1.75819999999658 	51.0999755859375 	0.0450105480384964 	
51.2000122070313 	1.75539999999819 	51.2000122070313 	0.0450105480384964 	
51.2999877929688 	1.75099999999657 	51.2999877929688 	0.0450105480384964 	
51.3999633789063 	1.74539999999979 	51.3999633789063 	0.0450105480384964 	
51.5 	1.7439000000013 	51.5 	0.0450105480384964 	
51.5999755859375 	1.73979999999938 	51.5999755859375 	0.0450105480384965 	
51.7000122070313 	1.73559999999998 	51.7000122070313 	0.0450105480384965 	
51.7999877929688 	1.73359999999593 	51.7999877929688 	0.0450105480384965 	
51.8999633789063 	1.73229999999967 	51.8999633789063 	0.0450105480384965 	
52 	1.73040000000037 	52 	0.0450105480384965 	
52.0999755859375 	1.73150000000169 	52.0999755859375 	0.0450105480384965 	
52.2000122070313 	1.72859999999855 	52.2000122070313 	0.0450105480384965 	
52.2999877929688 	1.72650000000067 	52.2999877929688 	0.0450105480384965 	
52.3999633789063 	1.72179999999935 	52.3999633789063 	0.0450105480384965 	
52.5 	1.72449999999662 	52.5 	0.0450105480384965 	
52.5999755859375 	1.72299999999814 	52.5999755859375 	0.0450105480384965 	
52.7000122070313 	1.72320000000036 	52.7000122070313 	0.0450105480384965 	
52.7999877929688 	1.72260000000097 	52.7999877929688 	0.0450105480384965 	
52.8999633789063 	1.72450000000026 	52.8999633789063 	0.0450105480384965 	
53 	1.72439999999915 	53 	0.0450105480384965 	
53.0999755859375 	1.72069999999803 	53.0999755859375 	0.0450105480384965 	
53.2000122070313 	1.72049999999945 	53.2000122070313 	0.0450105480384965 	
53.2999877929688 	1.71810000000187 	53.2999877929688 	0.0450105480384965 	
53.3999633789063 	1.71759999999995 	53.3999633789063 	0.0450105480384965 	
53.5 	1.71759999999631 	53.5 	0.0450105480384965 	
53.5999755859375 	1.71699999999691 	53.5999755859375 	0.0450105480384965 	
53.7000122070313 	1.71909999999843 	53.7000122070313 	0.0450105480384965 	
53.7999877929688 	1.71579999999813 	53.7999877929688 	0.0450105480384965 	
53.8999633789063 	1.71500000000015 	53.8999633789063 	0.0450105480384965 	
54 	1.71229999999923 	54 	0.0450105480384965 	
54.0999755859375 	1.71080000000075 	54.0999755859375 	0.0450105480384965 	
54.2000122070313 	1.71289999999863 	54.2000122070313 	0.0450105480384966 	
54.2999877929688 	1.71259999999893 	54.2999877929688 	0.0450105480384966 	
54.3999633789063 	1.71420000000217 	54.3999633789063 	0.0450105480384966 	
54.5 	1.71079999999711 	54.5 	0.0450105480384966 	
54.5999755859375 	1.708499999997 	54.5999755859375 	0.0450105480384966 	
54.7000122070313 	1.70920000000115 	54.7000122070313 	0.0450105480384966 	
54.7999877929688 	1.71119999999792 	54.7999877929688 	0.0450105480384966 	
54.8999633789063 	1.70839999999953 	54.8999633789063 	0.0450105480384966 	
55 	1.71039999999994 	55 	0.0450105480384966 	
55.0999755859375 	1.71180000000095 	55.0999755859375 	0.0450105480384966 	
55.2000122070313 	1.71389999999883 	55.2000122070313 	0.0450105480384966 	
55.2999877929688 	1.71039999999994 	55.2999877929688 	0.0450105480384966 	
55.3999633789063 	1.70809999999983 	55.3999633789063 	0.0450105480384966 	
55.5 	1.70650000000023 	55.5 	0.0450105480384966 	
55.5999755859375 	1.7081999999973 	55.5999755859375 	0.0450105480384966 	
55.7000122070313 	1.70739999999932 	55.7000122070313 	0.0450105480384966 	
55.7999877929688 	1.71149999999761 	55.7999877929688 	0.0450105480384966 	
55.8999633789063 	1.70929999999862 	55.8999633789063 	0.0450105480384966 	
56 	1.70889999999781 	56 	0.0450105480384966 	
56.0999755859375 	1.71279999999751 	56.0999755859375 	0.0450105480384966 	
56.2000122070313 	1.71280000000115 	56.2000122070313 	0.0450105480384966 	
56.2999877929688 	1.71470000000045 	56.2999877929688 	0.0450105480384966 	
56.3999633789063 	1.71869999999763 	56.3999633789063 	0.0450105480384966 	
56.5 	1.71770000000106 	56.5 	0.0450105480384966 	
56.5999755859375 	1.71799999999712 	56.5999755859375 	0.0450105480384966 	
56.7000122070313 	1.71959999999672 	56.7000122070313 	0.0450105480384966 	
56.7999877929688 	1.71819999999934 	56.7999877929688 	0.0450105480384966 	
56.8999633789063 	1.71559999999954 	56.8999633789063 	0.0450105480384966 	
57 	1.71669999999722 	57 	0.0450105480384966 	
57.0999755859375 	1.72019999999611 	57.0999755859375 	0.0450105480384966 	
57.2000122070313 	1.71919999999955 	57.2000122070313 	0.0450105480384966 	
57.2999877929688 	1.72299999999814 	57.2999877929688 	0.0450105480384966 	
57.3999633789063 	1.72509999999966 	57.3999633789063 	0.0450105480384966 	
57.5 	1.72739999999976 	57.5 	0.0450105480384966 	
57.5999755859375 	1.72899999999936 	57.5999755859375 	0.0450105480384966 	
57.7000122070313 	1.72769999999946 	57.7000122070313 	0.0450105480384966 	
57.7999877929688 	1.72809999999663 	57.7999877929688 	0.0450105480384966 	
57.8999633789063 	1.73080000000118 	57.8999633789063 	0.0450105480384966 	
58 	1.73229999999967 	58 	0.0450105480384966 	
58.0999755859375 	1.73259999999937 	58.0999755859375 	0.0450105480384966 	
58.2000122070313 	1.72609999999622 	58.2000122070313 	0.0450105480384966 	
58.2999877929688 	1.73199999999633 	58.2999877929688 	0.0450105480384966 	
58.3999633789063 	1.73449999999866 	58.3999633789063 	0.0450105480384966 	
58.5 	1.73240000000078 	58.5 	0.0450105480384966 	
58.5999755859375 	1.72649999999703 	58.5999755859375 	0.0450105480384966 	
58.7000122070313 	1.72909999999683 	58.7000122070313 	0.0450105480384966 	
58.7999877929688 	1.73240000000078 	58.7999877929688 	0.0450105480384966 	
58.8999633789063 	1.73379999999815 	58.8999633789063 	0.0450105480384966 	
59 	1.73679999999877 	59 	0.0450105480384966 	
59.0999755859375 	1.73679999999877 	59.0999755859375 	0.0450105480384966 	
59.2000122070313 	1.73479999999836 	59.2000122070313 	0.0450105480384966 	
59.2999877929688 	 	59.2999877929688 	0.0450105480384966 	
59.3999633789063 	 	59.3999633789063 	0.0450105480384966 	
59.5 	 	59.5 	0.0450105480384966 	
59.5999755859375 	 	59.5999755859375 	0.0450105480384966 	
59.7000122070313 	 	59.7000122070313 	0.0450105480384966 	
59.7999877929688 	 	59.7999877929688 	0.0450105480384966 	
59.8999633789063 	 	59.8999633789063 	0.0450105480384966 	
60 	 	60 	0.0450105480384966 	
60.0999755859375 	 	60.0999755859375 	0.0450105480384966 	
60.2000122070313 	 	60.2000122070313 	0.00463235399425431 	
60.2999877929688 	 	60.2999877929688 	0.000477410354838433 	
60.3999633789063 	 	60.3999633789063 	4.9202086022154E-05 	
60.5 	 	60.5 	5.06390086462988E-06 	
60.5999755859375 	 	60.5999755859375 	5.22019610362387E-07 	
60.7000122070313 	 	60.7000122070313 	5.38564126003388E-08 	
60.7999877929688 	 	60.7999877929688 	5.74258063840696E-09 	
60.8999633789063 	 	60.8999633789063 	6.30989994662897E-10 	
61 	 	61 	1.04528704514363E-10 	
61.0999755859375 	 	61.0999755859375 	1.92662365137223E-11 	
61.2000122070313 	 	61.2000122070313 	-1.0133842507273E-11 	
61.2999877929688 	 	61.2999877929688 	-7.49967410614618E-12 	
61.3999633789063 	 	61.3999633789063 	-5.51558999412163E-12 	
61.5 	 	61.5 	-2.24082496774418E-12 	
61.5999755859375 	 	61.5999755859375 	-1.02507261101042E-12 	
61.7000122070313 	 	61.7000122070313 	-1.73686844677361E-13 	
61.7999877929688 	-1.3904999999977 	61.7999877929688 	1.61010604660151E-13 	
61.8999633789063 	-1.35339999999997 	61.8999633789063 	2.03258471231857E-13 	
62 	-1.12960000000021 	62 	2.34908488241312E-14 	
62.0999755859375 	-0.96730000000025 	62.0999755859375 	-4.99326879958132E-13 	
62.2000122070313 	-0.846700000001874 	62.2000122070313 	-1.14066122476236E-12 	
62.2999877929688 	-0.836100000000442 	62.2999877929688 	-1.8016657374357E-12 	
62.3999633789063 	-0.668100000002596 	62.3999633789063 	-2.38469166118094E-12 	
62.5 	-0.668100000002596 	62.5 	-2.7918997862328E-12 	
62.5999755859375 	-0.684499999999389 	62.5999755859375 	-2.92472935842228E-12 	
62.7000122070313 	-0.65599999999904 	62.7000122070313 	-2.6851988747324E-12 	
62.7999877929688 	-0.555299999999988 	62.7999877929688 	-1.97553676782607E-12 	
62.8999633789063 	-0.486500000002707 	62.8999633789063 	-7.06330311105954E-13 	
63 	-0.4745000000039 	63 	-3.31628760377944E-12 	
63.0999755859375 	-0.484700000000885 	63.0999755859375 	-6.13793856506024E-12 	
63.2000122070313 	-0.482299999999668 	63.2000122070313 	-9.09834155334712E-12 	
63.2999877929688 	-0.467400000001362 	63.2999877929688 	-1.21175593722355E-11 	
63.3999633789063 	-0.47700000000259 	63.3999633789063 	-1.51210782928045E-11 	
63.5 	-0.486899999999878 	63.5 	-1.80343462435343E-11 	
63.5999755859375 	-0.478900000001886 	63.5999755859375 	-2.07774835448445E-11 	
63.7000122070313 	-0.474600000001374 	63.7000122070313 	-2.32774526898593E-11 	
63.7999877929688 	-0.472200000000157 	63.7999877929688 	-2.54548783294507E-11 	
63.8999633789063 	-0.482500000001892 	63.8999633789063 	-2.72350822710106E-11 	
64 	-0.476699999999255 	64 	-2.85424161575255E-11 	
64.0999755859375 	-0.47360000000117 	64.0999755859375 	-2.92989599605002E-11 	
64.2000122070313 	-0.463900000002468 	64.2000122070313 	-2.94292505399716E-11 	
64.2999877929688 	-0.451700000001438 	64.2999877929688 	-2.8856804161901E-11 	
64.3999633789063 	-0.449400000001333 	64.3999633789063 	-2.75056132860869E-11 	
64.5 	-0.455800000003364 	64.5 	-2.52977683861157E-11 	
64.5999755859375 	-0.454499999999825 	64.5999755859375 	-2.21596388523899E-11 	
64.7000122070313 	-0.448899999999412 	64.7000122070313 	-1.80110061440468E-11 	
64.7999877929688 	-0.451200000003155 	64.7999877929688 	-1.27806079099492E-11 	
64.8999633789063 	-0.446500000001834 	64.8999633789063 	-6.38994237839595E-12 	
65 	-0.455500000003667 	65 	-3.90633503030688E-12 	
65.0999755859375 	-0.449300000000221 	65.0999755859375 	-4.91853181535326E-12 	
65.2000122070313 	-0.44629999999961 	65.2000122070313 	-5.89626407685674E-12 	
65.2999877929688 	-0.451500000002852 	65.2999877929688 	-6.82357510295908E-12 	
65.3999633789063 	-0.453600000000733 	65.3999633789063 	-7.6863175172505E-12 	
65.5 	-0.448899999999412 	65.5 	-8.47018624254808E-12 	
65.5999755859375 	-0.455800000003364 	65.5999755859375 	-9.15946113018602E-12 	
65.7000122070313 	-0.458699999999226 	65.7000122070313 	-9.74020813886444E-12 	
65.7999877929688 	-0.455600000001141 	65.7999877929688 	-1.01969549804625E-11 	
65.8999633789063 	-0.446899999999005 	65.8999633789063 	-1.05153345937521E-11 	
66 	-0.436000000001513 	66 	-1.06806419728243E-11 	
66.0999755859375 	-0.443700000003446 	66.0999755859375 	-1.06779117723645E-11 	
66.2000122070313 	-0.439400000002934 	66.2000122070313 	-1.04923650120153E-11 	
66.2999877929688 	-0.433899999999994 	66.2999877929688 	-1.01094644784199E-11 	
66.3999633789063 	-0.42949999999837 	66.3999633789063 	-9.51439810001826E-12 	
66.5 	-0.430000000000291 	66.5 	-8.69183561666259E-12 	
66.5999755859375 	-0.42870000000039 	66.5999755859375 	-7.62801713741582E-12 	
66.7000122070313 	-0.427200000001903 	66.7000122070313 	-6.3068680918366E-12 	
66.7999877929688 	-0.427200000001903 	66.7999877929688 	-4.71523699235842E-12 	
66.8999633789063 	-0.431000000000495 	66.8999633789063 	-2.83764143157627E-12 	
67 	-0.427100000000792 	67 	-1.2191199774927E-12 	
67.0999755859375 	-0.425200000001496 	67.0999755859375 	-2.71341402728161E-12 	
67.2000122070313 	-0.423500000000786 	67.2000122070313 	-4.34481678917798E-12 	
67.2999877929688 	-0.425300000002608 	67.2999877929688 	-6.10267099195392E-12 	
67.3999633789063 	-0.4304000000011 	67.3999633789063 	-7.97806613095644E-12 	
67.5 	-0.419600000001083 	67.5 	-9.96117441397525E-12 	
67.5999755859375 	-0.424600000002101 	67.5999755859375 	-1.20372988708145E-11 	
67.7000122070313 	-0.425500000001193 	67.7000122070313 	-1.41954827758395E-11 	
67.7999877929688 	-0.417499999999563 	67.7999877929688 	-1.64184082581294E-11 	
67.8999633789063 	-0.415500000002794 	67.8999633789063 	-1.86914889948141E-11 	
68 	-0.413300000000163 	68 	-2.0999056794352E-11 	
68.0999755859375 	-0.414600000000064 	68.0999755859375 	-2.33200009710838E-11 	
68.2000122070313 	-0.399099999998725 	68.2000122070313 	-2.56376410338574E-11 	
68.2999877929688 	-0.391700000000128 	68.2999877929688 	-2.79284467426694E-11 	
68.3999633789063 	-0.411000000000058 	68.3999633789063 	-3.01719410233622E-11 	
68.5 	-0.418300000001182 	68.5 	-3.23463268829031E-11 	
68.5999755859375 	-0.392200000002049 	68.5999755859375 	-3.44246383600192E-11 	
68.7000122070313 	-0.403900000001158 	68.7000122070313 	-3.63838760180413E-11 	
68.7999877929688 	-0.405300000002171 	68.7999877929688 	-3.81949291680329E-11 	
68.8999633789063 	-0.431700000001001 	68.8999633789063 	-3.98311232067089E-11 	
69 	-0.442900000001828 	69 	-4.12641520926167E-11 	
69.0999755859375 	-0.476399999999558 	69.0999755859375 	-4.2461936718258E-11 	
69.2000122070313 	-0.463200000001962 	69.2000122070313 	-4.33943798319083E-11 	
69.2999877929688 	-0.477999999999156 	69.2999877929688 	-4.40276059053862E-11 	
69.3999633789063 	-0.524200000003475 	69.3999633789063 	-4.43283441836698E-11 	
69.5 	-0.439800000000105 	69.5 	-4.42613074851883E-11 	
69.5999755859375 	1.38969999999608 	69.5999755859375 	-4.37902293751451E-11 	
69.7000122070313 	-1.7452000000012 	69.7000122070313 	-4.28769522276832E-11 	
69.7999877929688 	-0.433600000000297 	69.7999877929688 	-4.14838349746037E-11 	
69.8999633789063 	-0.0736000000033528 	69.8999633789063 	-3.95705202417685E-11 	
70 	0.131900000000314 	70 	-3.70941757710214E-11 	
70.0999755859375 	0.167699999998149 	70.0999755859375 	-3.40154573087333E-11 	
70.2000122070313 	0.141399999996793 	70.2000122070313 	-3.02870006062985E-11 	
70.2999877929688 	0.190399999999499 	70.2999877929688 	-2.5868582044267E-11 	
70.3999633789063 	0.196500000001834 	70.3999633789063 	-2.07121753172361E-11 	
70.5 	0.235199999999168 	70.5 	-1.47667473092268E-11 	
70.5999755859375 	0.237499999999272 	70.5999755859375 	-7.99116914578266E-12 	
70.7000122070313 	0.250599999999395 	70.7000122070313 	-4.08233688470708E-12 	
70.7999877929688 	0.280499999997119 	70.7999877929688 	-5.83532150237813E-12 	
70.8999633789063 	0.275399999998626 	70.8999633789063 	-7.63170839480344E-12 	
71 	0.279799999996612 	71 	-9.46417857675609E-12 	
71.0999755859375 	0.327499999999418 	71.0999755859375 	-1.1321540894112E-11 	
71.2000122070313 	0.313699999998789 	71.2000122070313 	-1.31965955438459E-11 	
71.2999877929688 	0.328799999999319 	71.2999877929688 	-1.50770896627249E-11 	
71.3999633789063 	0.113399999998364 	71.3999633789063 	-1.69536988485964E-11 	
71.5 	0.135499999996682 	71.5 	-1.88165840300462E-11 	
71.5999755859375 	0.792799999999261 	71.5999755859375 	-2.06519927300577E-11 	
71.7000122070313 	0.359199999998964 	71.7000122070313 	-2.24501720764956E-11 	
71.7999877929688 	0.339299999996001 	71.7999877929688 	-2.41964388048971E-11 	
71.8999633789063 	0.535099999997328 	71.8999633789063 	-2.58789156865189E-11 	
72 	0.543099999998958 	72 	-2.74850645130828E-11 	
72.0999755859375 	0.442299999998795 	72.0999755859375 	-2.89989218829155E-11 	
72.2000122070313 	0.180700000000797 	72.2000122070313 	-3.04078160455985E-11 	
72.2999877929688 	-0.0424999999995634 	72.2999877929688 	-3.16950145555498E-11 	
72.3999633789063 	-0.236600000003818 	72.3999633789063 	-3.28459005989385E-11 	
72.5 	-0.485300000000279 	72.5 	-3.38450192549543E-11 	
72.5999755859375 	-0.532899999998335 	72.5999755859375 	-3.46746236454864E-11 	
72.7000122070313 	-0.377399999997579 	72.7000122070313 	-3.53186802826768E-11 	
72.7999877929688 	-0.487600000000384 	72.7999877929688 	-3.57588658099177E-11 	
72.8999633789063 	-0.255900000000111 	72.8999633789063 	-3.59775985448025E-11 	
73 	-0.453400000002148 	73 	-3.59562507533289E-11 	
73.0999755859375 	-0.531100000000151 	73.0999755859375 	-3.56757965791512E-11 	
73.2000122070313 	-0.47820000000138 	73.2000122070313 	-3.51163208878321E-11 	
73.2999877929688 	-0.51140000000305 	73.2999877929688 	-3.42584447318149E-11 	
73.3999633789063 	-0.474999999998545 	73.3999633789063 	-3.30813577516375E-11 	
73.5 	-0.488200000003417 	73.5 	-3.15629647744542E-11 	
73.5999755859375 	-0.509000000001834 	73.5999755859375 	-2.968354251387E-11 	
73.7000122070313 	-0.499100000000908 	73.7000122070313 	-2.74186972297454E-11 	
73.7999877929688 	-0.506600000000617 	73.7999877929688 	-2.47486067536351E-11 	
73.8999633789063 	-0.506800000002841 	73.8999633789063 	-2.16489297155498E-11 	
74 	-0.510400000002846 	74 	-1.80937703531575E-11 	
74.0999755859375 	-0.501199999998789 	74.0999755859375 	-1.40633665481826E-11 	
74.2000122070313 	-0.507000000001426 	74.2000122070313 	-9.52817194567751E-12 	
74.2999877929688 	-0.503700000001118 	74.2999877929688 	-4.46861057635147E-12 	
74.3999633789063 	-0.489800000003015 	74.3999633789063 	-2.52833902655396E-12 	
74.5 	-0.473000000001775 	74.5 	-2.6760586666348E-12 	
74.5999755859375 	-0.453600000000733 	74.5999755859375 	-2.82673345546887E-12 	
74.7000122070313 	-0.419399999998859 	74.7000122070313 	-2.97962130014278E-12 	
74.7999877929688 	-0.401200000000244 	74.7999877929688 	-3.13356303700035E-12 	
74.8999633789063 	-0.379700000001321 	74.8999633789063 	-3.28763202670354E-12 	
75 	-0.363400000002002 	75 	-3.44085462426858E-12 	
75.0999755859375 	-0.341899999999441 	75.0999755859375 	-3.59192940925758E-12 	
75.2000122070313 	-0.320600000002742 	75.2000122070313 	-3.73987816123547E-12 	
75.2999877929688 	-0.326700000001438 	75.2999877929688 	-3.88331132005575E-12 	
75.3999633789063 	-0.33469999999943 	75.3999633789063 	-4.02106458208616E-12 	
75.5 	-0.335000000002765 	75.5 	-4.15191245481071E-12 	
75.5999755859375 	-0.324399999997695 	75.5999755859375 	-4.2743443972404E-12 	
75.7000122070313 	-0.32589999999982 	75.7000122070313 	-4.3871106000769E-12 	
75.7999877929688 	-0.325600000000122 	75.7999877929688 	-4.48862801145028E-12 	
75.8999633789063 	-0.320100000000821 	75.8999633789063 	-4.57747657179684E-12 	
76 	-0.304800000001705 	76 	-4.65215796302097E-12 	
76.0999755859375 	-0.313399999999092 	76.0999755859375 	-4.71099375818492E-12 	
76.2000122070313 	-0.320700000000215 	76.2000122070313 	-4.75241988109941E-12 	
76.2999877929688 	-0.326800000002549 	76.2999877929688 	-4.77470390962411E-12 	
76.3999633789063 	-0.328300000001036 	76.3999633789063 	-4.77614832828358E-12 	
76.5 	-0.327199999999721 	76.5 	-4.75495740701208E-12 	
76.5999755859375 	-0.324499999998807 	76.5999755859375 	-4.70933328421171E-12 	
76.7000122070313 	-0.330000000001746 	76.7000122070313 	-4.63734772208828E-12 	
76.7999877929688 	-0.326300000000629 	76.7999877929688 	-4.53717026637037E-12 	
76.8999633789063 	-0.322700000000623 	76.8999633789063 	-4.40680063734734E-12 	
77 	-0.326900000003661 	77 	-4.24411749824974E-12 	
77.0999755859375 	-0.335000000002765 	77.0999755859375 	-4.04725922079429E-12 	
77.2000122070313 	-0.340800000001764 	77.2000122070313 	-3.81387629418179E-12 	
77.2999877929688 	-0.343700000001263 	77.2999877929688 	-3.54209878683514E-12 	
77.3999633789063 	-0.345300000000861 	77.3999633789063 	-3.22959473814204E-12 	
77.5 	-0.343000000000757 	77.5 	-2.87388540155261E-12 	
77.5999755859375 	-0.345200000003388 	77.5999755859375 	-2.47310826675915E-12 	
77.7000122070313 	-0.346400000002177 	77.7000122070313 	-2.02442822187116E-12 	
77.7999877929688 	-0.350200000000768 	77.7999877929688 	-1.5260016295175E-12 	
77.8999633789063 	-0.351999999998952 	77.8999633789063 	-9.75132323174593E-13 	
78 	-0.352999999999156 	78 	-3.68948735092327E-13 	
78.0999755859375 	-0.349999999998545 	78.0999755859375 	-2.40586238846804E-13 	
78.2000122070313 	-0.354200000001583 	78.2000122070313 	-1.93374395905769E-13 	
78.2999877929688 	-0.355100000004313 	78.2999877929688 	-1.47639771991735E-13 	
78.3999633789063 	-0.356500000001688 	78.3999633789063 	-1.03423434885666E-13 	
78.5 	-0.358000000000175 	78.5 	-6.07706123114727E-14 	
78.5999755859375 	-0.356100000000879 	78.5999755859375 	-1.98045909682758E-14 	
78.7000122070313 	-0.356700000000274 	78.7000122070313 	1.9452899576726E-14 	
78.7999877929688 	-0.359000000000378 	78.7999877929688 	5.68818129168208E-14 	
78.8999633789063 	-0.358200000002398 	78.8999633789063 	9.24340804170427E-14 	
79 	-0.355999999999767 	79 	1.26056598252285E-13 	
79.0999755859375 	-0.351900000001478 	79.0999755859375 	1.57634841940182E-13 	
79.2000122070313 	-0.35200000000259 	79.2000122070313 	1.87133360519036E-13 	
79.2999877929688 	-0.352399999999761 	79.2999877929688 	2.1444175895963E-13 	
79.3999633789063 	-0.35109999999986 	79.3999633789063 	2.39503870167785E-13 	
79.5 	-0.353000000002794 	79.5 	2.62257589056225E-13 	
79.5999755859375 	-0.355000000003201 	79.5999755859375 	2.82599396793395E-13 	
79.7000122070313 	-0.353400000003603 	79.7000122070313 	3.00477863809061E-13 	
79.7999877929688 	-0.354100000000471 	79.7999877929688 	3.15794517445521E-13 	
79.8999633789063 	-0.352500000000873 	79.8999633789063 	3.28483960096313E-13 	
80 	-0.353399999999965 	80 	3.38473925803175E-13 	
80.0999755859375 	-0.351600000001781 	80.0999755859375 	3.45674213715116E-13 	
80.2000122070313 	-0.351900000001478 	80.2000122070313 	3.5001508954363E-13 	
80.2999877929688 	-0.35229999999865 	80.2999877929688 	3.51412342892245E-13 	
80.3999633789063 	-0.353500000001077 	80.3999633789063 	3.49790179141307E-13 	
80.5 	-0.353600000002189 	80.5 	3.4506497740489E-13 	
80.5999755859375 	-0.353600000002189 	80.5999755859375 	3.37162236038025E-13 	
80.7000122070313 	-0.352999999999156 	80.7000122070313 	3.25991521028497E-13 	
80.7999877929688 	-0.354800000000978 	80.7999877929688 	3.11485293026484E-13 	
80.8999633789063 	-0.355999999999767 	80.8999633789063 	2.93556159450372E-13 	
81 	-0.3566000000028 	81 	2.7210791598205E-13 	
81.0999755859375 	-0.359300000003714 	81.0999755859375 	2.47084210303728E-13 	
81.2000122070313 	-0.360899999999674 	81.2000122070313 	2.18371444778344E-13 	
81.2999877929688 	-0.360000000000582 	81.2999877929688 	1.85921228783845E-13 	
81.3999633789063 	-0.361800000002404 	81.3999633789063 	1.49633336380041E-13 	
81.5 	-0.360000000000582 	81.5 	1.09397716864264E-13 	
81.5999755859375 	-0.357200000002194 	81.5999755859375 	6.51786862627607E-14 	
81.7000122070313 	-0.355100000000675 	81.7000122070313 	2.05966435093674E-14 	
81.7999877929688 	-0.355900000002293 	81.7999877929688 	6.78669537337196E-15 	
81.8999633789063 	-0.354600000002392 	81.8999633789063 	-7.47150132727902E-15 	
82 	-0.350999999998749 	82 	-2.21070484192457E-14 	
82.0999755859375 	-0.350900000001275 	82.0999755859375 	-3.70196387940152E-14 	
82.2000122070313 	-0.35200000000259 	82.2000122070313 	-5.2142479801072E-14 	
82.2999877929688 	-0.355000000003201 	82.2999877929688 	-6.73697020897796E-14 	
82.3999633789063 	-0.354100000004109 	82.3999633789063 	-8.26206262561061E-14 	
82.5 	-0.354500000001281 	82.5 	-9.78121454591908E-14 	
82.5999755859375 	-0.353600000002189 	82.5999755859375 	-1.12830855873338E-13 	
82.7000122070313 	-0.350900000001275 	82.7000122070313 	-1.27597666022466E-13 	
82.7999877929688 	-0.353600000002189 	82.7999877929688 	-1.41994722716083E-13 	
82.8999633789063 	-0.353699999999662 	82.8999633789063 	-1.55928859578403E-13 	
83 	-0.350200000000768 	83 	-1.69303294284042E-13 	
83.0999755859375 	-0.349200000000565 	83.0999755859375 	-1.81994422027288E-13 	
83.2000122070313 	-0.347100000002683 	83.2000122070313 	-1.93907880952514E-13 	
83.2999877929688 	-0.350200000000768 	83.2999877929688 	-2.04916881400164E-13 	
83.3999633789063 	-0.350399999999354 	83.3999633789063 	-2.14914265285723E-13 	
83.5 	-0.350100000003295 	83.5 	-2.23787918451814E-13 	
83.5999755859375 	-0.348500000000058 	83.5999755859375 	-2.31407309910809E-13 	
83.7000122070313 	-0.346000000001368 	83.7000122070313 	-2.3765945681262E-13 	
83.7999877929688 	-0.34400000000096 	83.7999877929688 	-2.42412059460357E-13 	
83.8999633789063 	-0.343899999999849 	83.8999633789063 	-2.45542273793329E-13 	
84 	-0.341599999999744 	84 	-2.46920807944233E-13 	
84.0999755859375 	-0.338400000000547 	84.0999755859375 	-2.46413858602553E-13 	
84.2000122070313 	-0.333000000002357 	84.2000122070313 	-2.43886092247901E-13 	
84.2999877929688 	-0.330200000000332 	84.2999877929688 	-2.39203504638705E-13 	
84.3999633789063 	-0.333600000001752 	84.3999633789063 	-2.32225681940192E-13 	
84.5 	-0.337299999999232 	84.5 	-2.22804119166732E-13 	
84.5999755859375 	-0.336899999998423 	84.5999755859375 	-2.10805773604883E-13 	
84.7000122070313 	-0.33270000000266 	84.7000122070313 	-1.96068852327179E-13 	
84.7999877929688 	-0.333000000002357 	84.7999877929688 	-1.78461831100959E-13 	
84.8999633789063 	-0.341700000000856 	84.8999633789063 	-1.57824652988992E-13 	
85 	-0.342000000000553 	85 	-1.33987374948451E-13 	
85.0999755859375 	-0.339700000004086 	85.0999755859375 	-1.06822126843867E-13 	
85.2000122070313 	-0.34150000000227 	85.2000122070313 	-7.6136168542986E-14 	
85.2999877929688 	-0.342400000001362 	85.2999877929688 	-4.18050194365803E-14 	
85.3999633789063 	-0.341000000003987 	85.3999633789063 	-3.35931328698371E-14 	
85.5 	-0.342100000001665 	85.5 	-8.32518494926426E-14 	
85.5999755859375 	-0.341599999999744 	85.5999755859375 	-1.34357408232977E-13 	
85.7000122070313 	-0.337200000001758 	85.7000122070313 	-1.86891634573128E-13 	
85.7999877929688 	-0.338200000001962 	85.7999877929688 	-2.40709914368542E-13 	
85.8999633789063 	-0.334100000000035 	85.8999633789063 	-2.95763414250687E-13 	
86 	-0.322700000000623 	86 	-3.52006317721898E-13 	
86.0999755859375 	-0.317399999999907 	86.0999755859375 	-4.09289485101147E-13 	
86.2000122070313 	-0.306599999999889 	86.2000122070313 	-4.67602284738424E-13 	
86.2999877929688 	-0.292100000002392 	86.2999877929688 	-5.2679305114896E-13 	
86.3999633789063 	-0.293000000001484 	86.3999633789063 	-5.86816599478714E-13 	
86.5 	-0.295900000000984 	86.5 	-6.476297788395E-13 	
86.5999755859375 	-0.294600000001083 	86.5999755859375 	-7.09077872642565E-13 	
86.7000122070313 	-0.304000000003725 	86.7000122070313 	-7.71155334618137E-13 	
86.7999877929688 	-0.298800000000483 	86.7999877929688 	-8.33705905428694E-13 	
86.8999633789063 	-0.296900000001187 	86.8999633789063 	-8.9668681999094E-13 	
87 	-0.296500000000378 	87 	-9.60056364282475E-13 	
87.0999755859375 	-0.295300000001589 	87.0999755859375 	-1.02365670229424E-12 	
87.2000122070313 	-0.293499999999767 	87.2000122070313 	-1.08748491564928E-12 	
87.2999877929688 	-0.294099999999162 	87.2999877929688 	-1.15138260864475E-12 	
87.3999633789063 	-0.295100000003004 	87.3999633789063 	-1.21530820722439E-12 	
87.5 	-0.302599999999074 	87.5 	-1.27922020548784E-12 	
87.5999755859375 	-0.303899999998976 	87.5999755859375 	-1.3429601054932E-12 	
87.7000122070313 	-0.299100000003818 	87.7000122070313 	-1.40652515926889E-12 	
87.7999877929688 	-0.296200000000681 	87.7999877929688 	-1.46975729223416E-12 	
87.8999633789063 	-0.294300000001385 	87.8999633789063 	-1.53261489261608E-12 	
88 	-0.304400000000896 	88 	-1.59505543389263E-12 	
88.0999755859375 	-0.31710000000021 	88.0999755859375 	-1.65692221367648E-12 	
88.2000122070313 	-0.314800000000105 	88.2000122070313 	-1.71821019691397E-12 	
88.2999877929688 	-0.317699999999604 	88.2999877929688 	-1.77876408763394E-12 	
88.3999633789063 	-0.316399999999703 	88.3999633789063 	-1.83854100760304E-12 	
88.5 	-0.308700000001409 	88.5 	-1.89749618093385E-12 	
88.5999755859375 	-0.306500000002416 	88.5999755859375 	-1.95547715828108E-12 	
88.7000122070313 	-0.298800000000483 	88.7000122070313 	-2.01247416002156E-12 	
88.7999877929688 	-0.294399999998859 	88.7999877929688 	-2.06833712628113E-12 	
88.8999633789063 	-0.293500000003405 	88.8999633789063 	-2.12302068362229E-12 	
89 	-0.301699999999983 	89 	-2.17647657804853E-12 	
89.0999755859375 	-0.310500000003231 	89.0999755859375 	-2.22855907074405E-12 	
89.2000122070313 	-0.322499999998399 	89.2000122070313 	-2.27925118002868E-12 	
89.2999877929688 	-0.32839999999851 	89.2999877929688 	-2.32841053961273E-12 	
89.3999633789063 	-0.330100000002858 	89.3999633789063 	-2.37598805211085E-12 	
89.5 	-0.329700000002049 	89.5 	-2.4219307566737E-12 	
89.5999755859375 	-0.328000000001339 	89.5999755859375 	-2.46610208250239E-12 	
89.7000122070313 	-0.32140000000436 	89.7000122070313 	-2.50847538837235E-12 	
89.7999877929688 	-0.328700000001845 	89.7999877929688 	-2.54891845906577E-12 	
89.8999633789063 	-0.328999999997905 	89.8999633789063 	-2.58737724450575E-12 	
90 	-0.335699999999633 	90 	-2.62379284824638E-12 	
90.0999755859375 	-0.345700000001671 	90.0999755859375 	-2.65804032499313E-12 	
90.2000122070313 	-0.352699999999459 	90.2000122070313 	-2.69008091648959E-12 	
90.2999877929688 	-0.356999999999971 	90.2999877929688 	-2.71979501607728E-12 	
90.3999633789063 	-0.355200000001787 	90.3999633789063 	-2.74712239224401E-12 	
90.5 	-0.362600000004022 	90.5 	-2.77199698420359E-12 	
90.5999755859375 	-0.368400000003021 	90.5999755859375 	-2.7943079296533E-12 	
90.7000122070313 	-0.374899999998888 	90.7000122070313 	-2.81400189581743E-12 	
90.7999877929688 	-0.380700000001525 	90.7999877929688 	-2.83097434208429E-12 	
90.8999633789063 	-0.37960000000021 	90.8999633789063 	-2.84515762676266E-12 	
91 	-0.388000000002648 	91 	-2.85647729598236E-12 	
91.0999755859375 	-0.392100000000937 	91.0999755859375 	-2.86483902791991E-12 	
91.2000122070313 	-0.399499999999534 	91.2000122070313 	-2.87017245779289E-12 	
91.2999877929688 	-0.406800000000658 	91.2999877929688 	-2.8723905685238E-12 	
91.3999633789063 	-0.412600000003295 	91.3999633789063 	-2.8714170794987E-12 	
91.5 	-0.415899999999965 	91.5 	-2.8671679150197E-12 	
91.5999755859375 	-0.414000000000669 	91.5999755859375 	-2.85956775122999E-12 	
91.7000122070313 	-0.414200000002893 	91.7000122070313 	-2.84852673385299E-12 	
91.7999877929688 	-0.426299999999173 	91.7999877929688 	-2.83397782683285E-12 	
91.8999633789063 	-0.427800000001298 	91.8999633789063 	-2.81583488188918E-12 	
92 	-0.430599999999686 	92 	-2.79400297275265E-12 	
92.0999755859375 	-0.423500000000786 	92.0999755859375 	-2.76842823102057E-12 	
92.2000122070313 	-0.415799999998853 	92.2000122070313 	-2.73899885543475E-12 	
92.2999877929688 	-0.414700000001176 	92.2999877929688 	-2.70567024844846E-12 	
92.3999633789063 	-0.413799999998446 	92.3999633789063 	-2.66834516537111E-12 	
92.5 	-0.412400000001071 	92.5 	-2.62691660061821E-12 	
92.5999755859375 	-0.41110000000117 	92.5999755859375 	-2.58135459872867E-12 	
92.7000122070313 	-0.405900000001566 	92.7000122070313 	-2.53152295397521E-12 	
92.7999877929688 	-0.402200000000448 	92.7999877929688 	-2.47740196480765E-12 	
92.8999633789063 	-0.400399999998626 	92.8999633789063 	-2.41888206138151E-12 	
93 	-0.388500000000931 	93 	-2.35584293005343E-12 	
93.0999755859375 	-0.37930000000415 	93.0999755859375 	-2.2882809857913E-12 	
93.2000122070313 	-0.370000000002619 	93.2000122070313 	-2.21603316091137E-12 	
93.2999877929688 	-0.362100000002101 	93.2999877929688 	-2.13910710734745E-12 	
93.3999633789063 	-0.352500000000873 	93.3999633789063 	-2.05737970135741E-12 	
93.5 	-0.353500000001077 	93.5 	-1.97071609249531E-12 	
93.5999755859375 	-0.353500000001077 	93.5999755859375 	-1.8791415236455E-12 	
93.7000122070313 	-0.342100000001665 	93.7000122070313 	-1.78246360768027E-12 	
93.7999877929688 	-0.335299999998824 	93.7999877929688 	-1.68071980750487E-12 	
93.8999633789063 	-0.330900000000838 	93.8999633789063 	-1.57377221673584E-12 	
94 	-0.332999999998719 	94 	-1.46147021938089E-12 	
94.0999755859375 	-0.335300000002462 	94.0999755859375 	-1.34387034372828E-12 	
94.2000122070313 	-0.330600000001141 	94.2000122070313 	-1.22074842571893E-12 	
94.2999877929688 	-0.321300000003248 	94.2999877929688 	-1.09217419671694E-12 	
94.3999633789063 	-0.317200000001321 	94.3999633789063 	-9.579937389538E-13 	
94.5 	-0.322900000002846 	94.5 	-8.18039442147179E-13 	
94.5999755859375 	-0.330600000001141 	94.5999755859375 	-6.72401577476675E-13 	
94.7000122070313 	-0.337100000000646 	94.7000122070313 	-5.20821746464372E-13 	
94.7999877929688 	-0.350900000001275 	94.7999877929688 	-3.63404406420687E-13 	
94.8999633789063 	-0.365499999999884 	94.8999633789063 	-1.99978399448332E-13 	
95 	-0.371600000002218 	95 	-1.0406000916156E-13 	
95.0999755859375 	-0.370200000001205 	95.0999755859375 	-2.14855257677327E-13 	
95.2000122070313 	-0.378800000002229 	95.2000122070313 	-3.26466485147495E-13 	
95.2999877929688 	-0.389300000002549 	95.2999877929688 	-4.38711429769954E-13 	
95.3999633789063 	-0.407500000001164 	95.3999633789063 	-5.5161192108426E-13 	
95.5 	-0.407500000001164 	95.5 	-6.6519138972089E-13 	
95.5999755859375 	-0.386500000000524 	95.5999755859375 	-7.7926517211916E-13 	
95.7000122070313 	-0.364699999998265 	95.7000122070313 	-8.93926447500054E-13 	
95.7999877929688 	-0.355900000002293 	95.7999877929688 	-1.00898923222145E-12 	
95.8999633789063 	-0.329100000002654 	95.8999633789063 	-1.1244772870349E-12 	
96 	-0.30710000000181 	96 	-1.24041541136107E-12 	
96.0999755859375 	-0.278699999998935 	96.0999755859375 	-1.35661606347493E-12 	
96.2000122070313 	-0.257300000001123 	96.2000122070313 	-1.47317501950797E-12 	
96.2999877929688 	-0.230200000001787 	96.2999877929688 	-1.58990398016138E-12 	
96.3999633789063 	-0.209000000002561 	96.3999633789063 	-1.70682793430706E-12 	
96.5 	-0.172800000000279 	96.5 	-1.82397234706419E-12 	
96.5999755859375 	-0.164800000002288 	96.5999755859375 	-1.9411482047267E-12 	
96.7000122070313 	-0.162300000003597 	96.7000122070313 	-2.05845247415328E-12 	
96.7999877929688 	-0.184799999999086 	96.7999877929688 	-2.17569594657179E-12 	
96.8999633789063 	-0.192100000003848 	96.8999633789063 	-2.2929041358828E-12 	
97 	-0.208600000001752 	97 	-2.41010246981228E-12 	
97.0999755859375 	-0.224600000001374 	97.0999755859375 	-2.52710186885654E-12 	
97.2000122070313 	-0.241799999999785 	97.2000122070313 	-2.64399908441808E-12 	
97.2999877929688 	-0.248400000000402 	97.2999877929688 	-2.76060540443477E-12 	
97.3999633789063 	-0.255700000001525 	97.3999633789063 	-2.87694616474417E-12 	
97.5 	-0.256900000000314 	97.5 	-2.99304605258741E-12 	
97.5999755859375 	-0.261900000001333 	97.5999755859375 	-3.10871732884651E-12 	
97.7000122070313 	-0.264400000000023 	97.7000122070313 	-3.22405512328441E-12 	
97.7999877929688 	-0.263999999999214 	97.7999877929688 	-3.33887262673236E-12 	
97.8999633789063 	-0.269099999997707 	97.8999633789063 	-3.45319429387324E-12 	
98 	-0.272900000003574 	98 	-3.56704336837166E-12 	
98.0999755859375 	-0.272400000001653 	98.0999755859375 	-3.68023485767867E-12 	
98.2000122070313 	-0.269000000000233 	98.2000122070313 	-3.79286086373433E-12 	
98.2999877929688 	-0.259699999998702 	98.2999877929688 	-3.90473788644664E-12 	
98.3999633789063 	-0.263000000002648 	98.3999633789063 	-4.01588879625209E-12 	
98.5 	-0.25800000000163 	98.5 	-4.12633469014708E-12 	
98.5999755859375 	-0.258900000000722 	98.5999755859375 	-4.23589472833508E-12 	
98.7000122070313 	-0.255499999999302 	98.7000122070313 	-4.34465657874992E-12 	
98.7999877929688 	-0.258499999999913 	98.7999877929688 	-4.45244145655966E-12 	
98.8999633789063 	-0.261600000001636 	98.8999633789063 	-4.55926994486275E-12 	
99 	-0.267400000000634 	99 	-4.66516029089573E-12 	
99.0999755859375 	-0.27190000000337 	99.0999755859375 	-4.76993721379782E-12 	
99.2000122070313 	-0.275800000003073 	99.2000122070313 	-4.87368254131324E-12 	
99.2999877929688 	-0.275200000000041 	99.2999877929688 	-4.97622361005349E-12 	
99.3999633789063 	-0.276300000001356 	99.3999633789063 	-5.07757801268732E-12 	
99.5 	-0.277600000001257 	99.5 	-5.17776044359968E-12 	
99.5999755859375 	-0.277800000003481 	99.5999755859375 	-5.27660258704894E-12 	
99.7000122070313 	-0.280200000001059 	99.7000122070313 	-5.37417902440634E-12 	
99.7999877929688 	-0.28099999999904 	99.7999877929688 	-5.47032461991019E-12 	
99.8999633789063 	-0.275799999999435 	99.8999633789063 	-5.56505327270784E-12 	
100 	-0.275300000001153 	100 	-5.65837542124099E-12 	
100.099975585938 	-0.280399999999645 	100.099975585938 	-5.7501311210705E-12 	
100.200012207031 	-0.280099999999948 	100.200012207031 	-5.8403863010113E-12 	
100.299987792969 	-0.279600000001665 	100.299987792969 	-5.92898475911182E-12 	
100.399963378906 	-0.280500000000757 	100.399963378906 	-6.01593599790637E-12 	
100.5 	-0.281899999998132 	100.5 	-6.10124549680173E-12 	
100.599975585938 	-0.281800000004296 	100.599975585938 	-6.18476308884457E-12 	
100.700012207031 	-0.278900000001158 	100.700012207031 	-6.26654464411016E-12 	
100.799987792969 	-0.280300000002171 	100.799987792969 	-6.34644430064046E-12 	
100.899963378906 	-0.283599999998842 	100.899963378906 	-6.42446646126499E-12 	
101 	-0.283299999999144 	101 	-6.50061094326396E-12 	
101.099975585938 	-0.281200000001263 	101.099975585938 	-6.57473876335322E-12 	
101.200012207031 	-0.282000000002881 	101.200012207031 	-6.64689432668501E-12 	
101.299987792969 	-0.279399999999441 	101.299987792969 	-6.71694351747815E-12 	
101.399963378906 	-0.278800000000047 	101.399963378906 	-6.78488493576575E-12 	
101.5 	-0.279099999999744 	101.5 	-6.85071203360974E-12 	
101.599975585938 	-0.277000000001863 	101.599975585938 	-6.91429841757849E-12 	
101.700012207031 	-0.27809999999954 	101.700012207031 	-6.9756756217179E-12 	
101.799987792969 	-0.279300000001967 	101.799987792969 	-7.03472268260697E-12 	
101.899963378906 	-0.278400000002875 	101.899963378906 	-7.09143169439073E-12 	
102 	-0.278500000000349 	102 	-7.14578904082113E-12 	
102.099975585938 	-0.276699999998527 	102.099975585938 	-7.19768232450247E-12 	
102.200012207031 	-0.277799999999843 	102.200012207031 	-7.24712880219089E-12 	
102.299987792969 	-0.275099999998929 	102.299987792969 	-7.29402206900898E-12 	
102.399963378906 	-0.275099999998929 	102.399963378906 	-7.33834701012197E-12 	
102.5 	-0.27980000000025 	102.5 	-7.3800822378802E-12 	
102.599975585938 	-0.277900000000955 	102.599975585938 	-7.4191307571072E-12 	
102.700012207031 	-0.278900000001158 	102.700012207031 	-7.45549414108605E-12 	
102.799987792969 	-0.279400000003079 	102.799987792969 	-7.48908194966624E-12 	
102.899963378906 	-0.280399999999645 	102.899963378906 	-7.51987115594154E-12 	
103 	-0.282500000001164 	103 	-7.54783189776901E-12 	
103.099975585938 	-0.284600000002683 	103.099975585938 	-7.57288398837476E-12 	
103.200012207031 	-0.287600000003295 	103.200012207031 	-7.59501191138544E-12 	
103.299987792969 	-0.288100000001577 	103.299987792969 	-7.61414259756081E-12 	
103.399963378906 	-0.286599999999453 	103.399963378906 	-7.63024440483152E-12 	
103.5 	-0.284200000001874 	103.5 	-7.64327829346962E-12 	
103.599975585938 	-0.284299999999348 	103.599975585938 	-7.65318229128721E-12 	
103.700012207031 	-0.286400000000867 	103.700012207031 	-7.65992238607112E-12 	
103.799987792969 	-0.288800000002084 	103.799987792969 	-7.66344428567476E-12 	
103.899963378906 	-0.29070000000138 	103.899963378906 	-7.66370702977395E-12 	
104 	-0.2912000000033 	104 	-7.6606616979641E-12 	
104.099975585938 	-0.288800000002084 	104.099975585938 	-7.65426593882661E-12 	
104.200012207031 	-0.286800000001676 	104.200012207031 	-7.64446583812516E-12 	
104.299987792969 	-0.285700000003999 	104.299987792969 	-7.63122728699015E-12 	
104.399963378906 	-0.284899999998743 	104.399963378906 	-7.61449930375091E-12 	
104.5 	-0.285299999999552 	104.5 	-7.59422238423451E-12 	
104.599975585938 	-0.284600000002683 	104.599975585938 	-7.57037520397502E-12 	
104.700012207031 	-0.283599999998842 	104.700012207031 	-7.54288254052962E-12 	
104.799987792969 	-0.282599999998638 	104.799987792969 	-7.51173187448904E-12 	
104.899963378906 	-0.28360000000248 	104.899963378906 	-7.47686149974445E-12 	
105 	-0.283400000003894 	105 	-7.43820062526291E-12 	
105.099975585938 	-0.28360000000248 	105.099975585938 	-7.39575035971451E-12 	
105.200012207031 	-0.286400000000867 	105.200012207031 	-7.34941276626657E-12 	
105.299987792969 	-0.28269999999975 	105.299987792969 	-7.2991983211535E-12 	
105.399963378906 	-0.286500000001979 	105.399963378906 	-7.24503389073665E-12 	
105.5 	-0.291400000001886 	105.5 	-7.18683669403138E-12 	
105.599975585938 	-0.291900000000169 	105.599975585938 	-7.12463167902713E-12 	
105.700012207031 	-0.290400000001682 	105.700012207031 	-7.05829678831805E-12 	
105.799987792969 	-0.292700000001787 	105.799987792969 	-6.98786689996559E-12 	
105.899963378906 	-0.294200000000274 	105.899963378906 	-6.91325674970955E-12 	
106 	-0.293600000000879 	106 	-6.83437086352195E-12 	
106.099975585938 	-0.294800000003306 	106.099975585938 	-6.75125943489496E-12 	
106.200012207031 	-0.294000000001688 	106.200012207031 	-6.66377487966615E-12 	
106.299987792969 	-0.296500000000378 	106.299987792969 	-6.57197788390737E-12 	
106.399963378906 	-0.295000000001892 	106.399963378906 	-6.47577034964524E-12 	
106.5 	-0.296200000004319 	106.5 	-6.37504340671672E-12 	
106.599975585938 	-0.294799999999668 	106.599975585938 	-6.26987390030006E-12 	
106.700012207031 	-0.291199999999662 	106.700012207031 	-6.16008731329292E-12 	
106.799987792969 	-0.290100000001985 	106.799987792969 	-6.04577154596091E-12 	
106.899963378906 	-0.291099999998551 	106.899963378906 	-5.92681496352576E-12 	
107 	-0.293600000000879 	107 	-5.80309459659772E-12 	
107.099975585938 	-0.295500000000175 	107.099975585938 	-5.67471534822448E-12 	
107.200012207031 	-0.293799999999464 	107.200012207031 	-5.54147436218043E-12 	
107.299987792969 	-0.290099999998347 	107.299987792969 	-5.40348815910827E-12 	
107.399963378906 	-0.281800000000658 	107.399963378906 	-5.26063086433318E-12 	
107.5 	-0.286200000002282 	107.5 	-5.11276470614704E-12 	
107.599975585938 	-0.289000000000669 	107.599975585938 	-4.9600240516503E-12 	
107.700012207031 	-0.289199999999255 	107.700012207031 	-4.80217629931074E-12 	
107.799987792969 	-0.289800000002288 	107.799987792969 	-4.6393679963315E-12 	
107.899963378906 	-0.285899999998946 	107.899963378906 	-4.47145832504957E-12 	
108 	-0.284500000001572 	108 	-4.29829400834673E-12 	
108.099975585938 	-0.279299999998329 	108.099975585938 	-4.12004028355957E-12 	
108.200012207031 	-0.275300000001153 	108.200012207031 	-3.9364333976659E-12 	
108.299987792969 	-0.273400000001857 	108.299987792969 	-3.74765133061269E-12 	
108.399963378906 	-0.274799999999232 	108.399963378906 	-3.55353761865699E-12 	
108.5 	-0.275299999997515 	108.5 	-3.35392277617885E-12 	
108.599975585938 	-0.279600000001665 	108.599975585938 	-3.14900431693436E-12 	
108.700012207031 	-0.280699999999342 	108.700012207031 	-2.938485930228E-12 	
108.799987792969 	-0.277900000000955 	108.799987792969 	-2.72257843493388E-12 	
108.899963378906 	-0.277000000001863 	108.899963378906 	-2.5011090181375E-12 	
109 	-0.279099999999744 	109 	-2.27389128262548E-12 	
109.099975585938 	-0.277600000001257 	109.099975585938 	-2.04115642475674E-12 	
109.200012207031 	-0.284000000003289 	109.200012207031 	-1.80257416997908E-12 	
109.299987792969 	-0.285700000000361 	109.299987792969 	-1.55838958227715E-12 	
109.399963378906 	-0.284700000000157 	109.399963378906 	-1.30841279647317E-12 	
109.5 	-0.283699999999953 	109.5 	-1.05243980066866E-12 	
109.599975585938 	-0.290400000001682 	109.599975585938 	-7.90736880008756E-13 	
109.700012207031 	-0.296200000000681 	109.700012207031 	-5.22938389901209E-13 	
109.799987792969 	-0.297800000000279 	109.799987792969 	-2.49325045624545E-13 	
109.899963378906 	-0.296999999998661 	109.899963378906 	-1.3381462620737E-13 	
110 	-0.296400000002905 	110 	-1.53771417862791E-13 	
110.099975585938 	-0.295999999998457 	110.099975585938 	-1.73700698670673E-13 	
110.200012207031 	-0.300599999998667 	110.200012207031 	-1.93621332139311E-13 	
110.299987792969 	-0.304700000000594 	110.299987792969 	-2.13503544272771E-13 	
110.399963378906 	-0.306900000003225 	110.399963378906 	-2.33354033175013E-13 	
110.5 	-0.309600000004139 	110.5 	-2.53179419469956E-13 	
110.599975585938 	-0.306799999998475 	110.599975585938 	-2.72950045387633E-13 	
110.700012207031 	-0.303300000003219 	110.700012207031 	-2.92684580718519E-13 	
110.799987792969 	-0.303500000001804 	110.799987792969 	-3.12353478554105E-13 	
110.899963378906 	-0.299599999998463 	110.899963378906 	-3.31963331794491E-13 	
111 	-0.299999999999272 	111 	-3.51520589130724E-13 	
111.099975585938 	-0.303100000000995 	111.099975585938 	-3.70995919978877E-13 	
111.200012207031 	-0.305899999999383 	111.200012207031 	-3.90407633573783E-13 	
111.299987792969 	-0.309300000000803 	111.299987792969 	-4.09726576932176E-13 	
111.399963378906 	-0.311200000003737 	111.399963378906 	-4.28959154331387E-13 	
111.5 	-0.312300000001414 	111.5 	-4.4811155911068E-13 	
111.599975585938 	-0.317700000003242 	111.599975585938 	-4.6715495470999E-13 	
111.700012207031 	-0.323400000001129 	111.700012207031 	-4.86107122970685E-13 	
111.799987792969 	-0.328700000001845 	111.799987792969 	-5.04939471672566E-13 	
111.899963378906 	-0.33009999999922 	111.899963378906 	-5.23658133051287E-13 	
112 	-0.331500000000233 	112 	-5.42268961675409E-13 	
112.099975585938 	-0.327700000001641 	112.099975585938 	-5.60743781846558E-13 	
112.200012207031 	-0.325400000001537 	112.200012207031 	-5.79099681174812E-13 	
112.299987792969 	-0.32470000000103 	112.299987792969 	-5.97308795040863E-13 	
112.399963378906 	-0.319200000001729 	112.399963378906 	-6.15376900219775E-13 	
112.5 	-0.319900000002235 	112.5 	-6.33309429090496E-13 	
112.599975585938 	-0.323400000001129 	112.599975585938 	-6.51079033654166E-13 	
112.700012207031 	-0.315500000000611 	112.700012207031 	-6.68701940451747E-13 	
112.799987792969 	-0.313300000001618 	112.799987792969 	-6.86151179302651E-13 	
112.899963378906 	-0.308400000001711 	112.899963378906 	-7.03432088102436E-13 	
113 	-0.30739999999787 	113 	-7.20549593621524E-13 	
113.099975585938 	-0.304299999999785 	113.099975585938 	-7.37477342398398E-13 	
113.200012207031 	-0.301100000000588 	113.200012207031 	-7.54230533067076E-13 	
113.299987792969 	-0.306300000000192 	113.299987792969 	-7.70783256723515E-13 	
113.399963378906 	-0.304000000000087 	113.399963378906 	-7.87140328964855E-13 	
113.5 	-0.304000000000087 	113.5 	-8.03306087534078E-13 	
113.599975585938 	-0.302100000000792 	113.599975585938 	-8.19255340344839E-13 	
113.700012207031 	-0.306500000002416 	113.700012207031 	-8.35002091286383E-13 	
113.799987792969 	-0.306700000001001 	113.799987792969 	-8.50521659569038E-13 	
113.899963378906 	-0.30789999999979 	113.899963378906 	-8.65818255072615E-13 	
114 	-0.307500000002619 	114 	-8.80895543093745E-13 	
114.099975585938 	-0.302200000001903 	114.099975585938 	-8.95729659759074E-13 	
114.200012207031 	-0.304199999998673 	114.200012207031 	-9.10333247375253E-13 	
114.299987792969 	-0.304800000001705 	114.299987792969 	-9.24683020104808E-13 	
114.399963378906 	-0.304000000000087 	114.399963378906 	-9.38782498691303E-13 	
114.5 	-0.304200000002311 	114.5 	-9.52634592566108E-13 	
114.599975585938 	-0.303100000000995 	114.599975585938 	-9.66216932906687E-13 	
114.700012207031 	-0.308700000001409 	114.700012207031 	-9.7954063359927E-13 	
114.799987792969 	-0.305700000000797 	114.799987792969 	-9.92583970596406E-13 	
114.899963378906 	-0.306400000001304 	114.899963378906 	-1.0053496920865E-12 	
115 	-0.314600000001519 	115 	-1.01783986821675E-12 	
115.099975585938 	-0.310900000000402 	115.099975585938 	-1.03003379205326E-12 	
115.200012207031 	-0.308600000000297 	115.200012207031 	-1.04194088222402E-12 	
115.299987792969 	-0.309100000002218 	115.299987792969 	-1.05354114330942E-12 	
115.399963378906 	-0.312799999999697 	115.399963378906 	-1.0648364675238E-12 	
115.5 	-0.312800000003335 	115.5 	-1.07582800231126E-12 	
115.599975585938 	-0.312799999999697 	115.599975585938 	-1.08649686946439E-12 	
115.700012207031 	-0.280400000003283 	115.700012207031 	-1.09685062551509E-12 	
115.799987792969 	-0.252500000002328 	115.799987792969 	-1.10687117050943E-12 	
115.899963378906 	-0.244300000002113 	115.899963378906 	-1.11655945726878E-12 	
116 	-0.244300000002113 	116 	-1.12591562711522E-12 	
116.099975585938 	-0.244300000002113 	116.099975585938 	-1.13492279740564E-12 	
116.200012207031 	 	116.200012207031 	-1.14358649573806E-12 	
116.299987792969 	 	116.299987792969 	-1.15189068446203E-12 	
116.399963378906 	 	116.399963378906 	-1.15983529358702E-12 	
116.5 	 	116.5 	-1.16741937489422E-12 	
116.599975585938 	 	116.599975585938 	-1.17462820814262E-12 	
116.700012207031 	 	116.700012207031 	-1.18146512515851E-12 	
116.799987792969 	 	116.799987792969 	-1.18791631743279E-12 	
116.899963378906 	 	116.899963378906 	-1.19398060874412E-12 	
117 	 	117 	-1.19398060874412E-12 	
117.099975585938 	 	117.099975585938 	0.401788623130496 	
117.200012207031 	 	117.200012207031 	0.442502554570385 	
117.299987792969 	 	117.299987792969 	0.446621109504591 	
117.399963378906 	 	117.399963378906 	0.447038385836347 	
117.5 	 	117.5 	0.447080674168995 	
117.599975585938 	 	117.599975585938 	0.447084949289741 	
117.700012207031 	 	117.700012207031 	0.447085384973189 	
117.799987792969 	 	117.799987792969 	0.447085423662277 	
117.899963378906 	 	117.899963378906 	0.44708543524862 	
118 	 	118 	0.447085436142628 	
118.099975585938 	 	118.099975585938 	0.447085439473726 	
118.200012207031 	 	118.200012207031 	0.447085438041519 	
118.299987792969 	 	118.299987792969 	0.447085435052999 	
118.399963378906 	 	118.399963378906 	0.447085434954735 	
118.5 	 	118.5 	0.447085436073283 	
118.599975585938 	 	118.599975585938 	0.447085436479065 	
118.700012207031 	3.22490000000107 	118.700012207031 	0.447085436211973 	
118.799987792969 	3.16089999999895 	118.799987792969 	0.447085435522173 	
118.899963378906 	3.06560000000172 	118.899963378906 	0.447085435514253 	
119 	2.89799999999741 	119 	0.447085435163822 	
119.099975585938 	2.84639999999854 	119.099975585938 	0.447085435533049 	
119.200012207031 	2.78479999999763 	119.200012207031 	0.44708543560549 	
119.299987792969 	2.65889999999854 	119.299987792969 	0.447085435947463 	
119.399963378906 	2.57079999999769 	119.399963378906 	0.447085436097858 	
119.5 	2.48929999999746 	119.5 	0.447085436221603 	
119.599975585938 	2.5080999999991 	119.599975585938 	0.447085436262124 	
119.700012207031 	2.49439999999959 	119.700012207031 	0.447085436261804 	
119.799987792969 	2.53399999999965 	119.799987792969 	0.44708543626863 	
119.899963378906 	2.52999999999884 	119.899963378906 	0.447085436138871 	
120 	2.55609999999797 	120 	0.447085435950618 	
120.099975585938 	2.55299999999988 	120.099975585938 	0.447085435789655 	
120.200012207031 	2.52479999999923 	120.200012207031 	0.44708543578711 	
120.299987792969 	2.5041999999994 	120.299987792969 	0.447085436038376 	
120.399963378906 	2.48819999999978 	120.399963378906 	0.447085435806573 	
120.5 	2.46990000000005 	120.5 	0.447085435601493 	
120.599975585938 	2.44840000000113 	120.599975585938 	0.447085435512481 	
120.700012207031 	2.42749999999796 	120.700012207031 	0.447085435654142 	
120.799987792969 	2.43029999999635 	120.799987792969 	0.447085436005863 	
120.899963378906 	2.42889999999898 	120.899963378906 	0.44708543599415 	
121 	2.41029999999955 	121 	0.447085436000022 	
121.099975585938 	2.38680000000022 	121.099975585938 	0.447085436037269 	
121.200012207031 	2.39489999999932 	121.200012207031 	0.447085436122846 	
121.299987792969 	2.38699999999881 	121.299987792969 	0.447085436231929 	
121.399963378906 	2.38320000000022 	121.399963378906 	0.447085436278125 	
121.5 	2.38259999999718 	121.5 	0.447085436313373 	
121.599975585938 	2.36750000000029 	121.599975585938 	0.447085436330868 	
121.700012207031 	2.35979999999836 	121.700012207031 	0.44708543632303 	
121.799987792969 	2.35509999999704 	121.799987792969 	0.447085436305184 	
121.899963378906 	2.34839999999895 	121.899963378906 	0.447085436301141 	
122 	2.34159999999611 	122 	0.447085436294266 	
122.099975585938 	2.33529999999882 	122.099975585938 	0.447085436287488 	
122.200012207031 	2.33489999999802 	122.200012207031 	0.447085436284381 	
122.299987792969 	2.33050000000003 	122.299987792969 	0.447085436272263 	
122.399963378906 	2.32469999999739 	122.399963378906 	0.447085436248184 	
122.5 	2.31249999999636 	122.5 	0.447085436223433 	
122.599975585938 	2.30659999999989 	122.599975585938 	0.447085436200017 	
122.700012207031 	2.29100000000108 	122.700012207031 	0.447085436179883 	
122.799987792969 	2.28559999999561 	122.799987792969 	0.447085436165034 	
122.899963378906 	2.28069999999934 	122.899963378906 	0.447085436157431 	
123 	2.27890000000116 	123 	0.447085436159054 	
123.099975585938 	2.27809999999954 	123.099975585938 	0.447085436171875 	
123.200012207031 	2.2683999999972 	123.200012207031 	0.44708543619789 	
123.299987792969 	2.26009999999951 	123.299987792969 	0.447085436239042 	
123.399963378906 	2.25719999999637 	123.399963378906 	0.447085436236109 	
123.5 	2.25539999999819 	123.5 	0.447085436188859 	
123.599975585938 	2.2551999999996 	123.599975585938 	0.447085436140393 	
123.700012207031 	2.25079999999798 	123.700012207031 	0.447085436091887 	
123.799987792969 	2.24679999999717 	123.799987792969 	0.447085436044634 	
123.899963378906 	2.24120000000039 	123.899963378906 	0.44708543599984 	
124 	2.23649999999907 	124 	0.447085435958714 	
124.099975585938 	2.23019999999815 	124.099975585938 	0.447085435922541 	
124.200012207031 	2.22789999999804 	124.200012207031 	0.447085435892513 	
124.299987792969 	2.22179999999935 	124.299987792969 	0.4470854358699 	
124.399963378906 	2.21730000000025 	124.399963378906 	0.447085435855917 	
124.5 	2.21529999999984 	124.5 	0.447085435851798 	
124.599975585938 	2.2097999999969 	124.599975585938 	0.447085435858782 	
124.700012207031 	2.20420000000013 	124.700012207031 	0.447085435878114 	
124.799987792969 	2.20290000000023 	124.799987792969 	0.447085435911005 	
124.899963378906 	2.20079999999871 	124.899963378906 	0.447085435958697 	
125 	2.1942999999992 	125 	0.447085436022467 	
125.099975585938 	2.18760000000111 	125.099975585938 	0.447085436103473 	
125.200012207031 	2.17949999999837 	125.200012207031 	0.447085436203049 	
125.299987792969 	2.17459999999846 	125.299987792969 	0.447085436229429 	
125.399963378906 	2.17280000000028 	125.399963378906 	0.447085436219576 	
125.5 	2.16909999999916 	125.5 	0.447085436210202 	
125.599975585938 	2.16389999999956 	125.599975585938 	0.447085436201497 	
125.700012207031 	2.15949999999793 	125.700012207031 	0.447085436193629 	
125.799987792969 	2.15220000000045 	125.799987792969 	0.447085436186787 	
125.899963378906 	2.14779999999882 	125.899963378906 	0.447085436181142 	
126 	2.14170000000013 	126 	0.447085436176872 	
126.099975585938 	2.13669999999547 	126.099975585938 	0.44708543617416 	
126.200012207031 	2.13060000000041 	126.200012207031 	0.44708543617318 	
126.299987792969 	2.12540000000081 	126.299987792969 	0.447085436174113 	
126.399963378906 	2.12139999999999 	126.399963378906 	0.447085436177135 	
126.5 	2.11999999999898 	126.5 	0.447085436182429 	
126.599975585938 	2.11609999999928 	126.599975585938 	0.447085436190166 	
126.700012207031 	2.11459999999715 	126.700012207031 	0.447085436200534 	
126.799987792969 	2.11440000000221 	126.799987792969 	0.4470854362137 	
126.899963378906 	2.11200000000099 	126.899963378906 	0.447085436229846 	
127 	2.11469999999827 	127 	0.447085436249163 	
127.099975585938 	2.10949999999866 	127.099975585938 	0.447085436271807 	
127.200012207031 	2.1095000000023 	127.200012207031 	0.4470854362777 	
127.299987792969 	2.10789999999906 	127.299987792969 	0.447085436279753 	
127.399963378906 	2.10380000000077 	127.399963378906 	0.447085436281703 	
127.5 	2.10129999999845 	127.5 	0.447085436283537 	
127.599975585938 	2.09959999999774 	127.599975585938 	0.44708543628524 	
127.700012207031 	2.09499999999753 	127.700012207031 	0.447085436286798 	
127.799987792969 	2.09130000000005 	127.799987792969 	0.447085436288198 	
127.899963378906 	2.08949999999822 	127.899963378906 	0.447085436289426 	
128 	2.09010000000126 	128 	0.447085436290469 	
128.099975585938 	2.08879999999772 	128.099975585938 	0.447085436291312 	
128.200012207031 	2.09379999999874 	128.200012207031 	0.447085436291941 	
128.299987792969 	2.09079999999813 	128.299987792969 	0.447085436292344 	
128.399963378906 	2.08799999999974 	128.399963378906 	0.447085436292505 	
128.5 	2.08569999999963 	128.5 	0.447085436292412 	
128.599975585938 	2.08169999999882 	128.599975585938 	0.447085436292051 	
128.700012207031 	2.08150000000023 	128.700012207031 	0.447085436291407 	
128.799987792969 	2.07790000000023 	128.799987792969 	0.447085436290468 	
128.899963378906 	2.07439999999769 	128.899963378906 	0.447085436289219 	
129 	2.07280000000173 	129 	0.447085436287646 	
129.099975585938 	2.07109999999739 	129.099975585938 	0.447085436291278 	
129.200012207031 	2.07229999999618 	129.200012207031 	0.447085436295003 	
129.299987792969 	2.07009999999718 	129.299987792969 	0.447085436298623 	
129.399963378906 	2.07470000000103 	129.399963378906 	0.447085436302141 	
129.5 	2.07819999999992 	129.5 	0.447085436305559 	
129.599975585938 	2.07530000000042 	129.599975585938 	0.447085436308872 	
129.700012207031 	2.0734999999986 	129.700012207031 	0.447085436312086 	
129.799987792969 	2.07250000000204 	129.799987792969 	0.447085436315195 	
129.899963378906 	2.07869999999821 	129.899963378906 	0.447085436318202 	
130 	2.07749999999942 	130 	0.447085436321108 	
130.099975585938 	2.07660000000033 	130.099975585938 	0.447085436323911 	
130.200012207031 	2.07079999999769 	130.200012207031 	0.447085436326613 	
130.299987792969 	2.0692999999992 	130.299987792969 	0.447085436329211 	
130.399963378906 	2.06960000000254 	130.399963378906 	0.447085436331707 	
130.5 	2.06840000000011 	130.5 	0.447085436334103 	
130.599975585938 	2.0672999999988 	130.599975585938 	0.447085436336394 	
130.700012207031 	2.06759999999849 	130.700012207031 	0.447085436338585 	
130.799987792969 	2.0666999999994 	130.799987792969 	0.447085436340672 	
130.899963378906 	2.06109999999899 	130.899963378906 	0.447085436342657 	
131 	2.0573000000004 	131 	0.447085436344541 	
131.099975585938 	2.05839999999807 	131.099975585938 	0.447085436346322 	
131.200012207031 	2.05879999999888 	131.200012207031 	0.447085436348001 	
131.299987792969 	2.05919999999605 	131.299987792969 	0.447085436349577 	
131.399963378906 	2.056700000001 	131.399963378906 	0.447085436351052 	
131.5 	2.05529999999999 	131.5 	0.447085436352424 	
131.599975585938 	2.0551000000014 	131.599975585938 	0.447085436353694 	
131.700012207031 	2.05819999999949 	131.700012207031 	0.447085436354862 	
131.799987792969 	2.06139999999868 	131.799987792969 	0.447085436355927 	
131.899963378906 	2.06249999999636 	131.899963378906 	0.44708543635689 	
132 	2.06389999999737 	132 	0.447085436357752 	
132.099975585938 	2.06319999999687 	132.099975585938 	0.44708543635851 	
132.200012207031 	2.06009999999878 	132.200012207031 	0.447085436359167 	
132.299987792969 	2.06000000000131 	132.299987792969 	0.447085436359721 	
132.399963378906 	2.06009999999878 	132.399963378906 	0.447085436360174 	
132.5 	2.05709999999817 	132.5 	0.447085436360524 	
132.599975585938 	2.05549999999857 	132.599975585938 	0.447085436360771 	
132.700012207031 	2.05629999999655 	132.700012207031 	0.447085436360917 	
132.799987792969 	2.05449999999837 	132.799987792969 	0.44708543636096 	
132.899963378906 	2.05529999999999 	132.899963378906 	0.447085436360901 	
133 	2.05399999999645 	133 	0.44708543636074 	
133.099975585938 	2.05429999999978 	133.099975585938 	0.447085436360477 	
133.200012207031 	2.05179999999746 	133.200012207031 	0.447085436360111 	
133.299987792969 	2.04639999999927 	133.299987792969 	0.447085436359643 	
133.399963378906 	2.04699999999866 	133.399963378906 	0.447085436359073 	
133.5 	2.04279999999926 	133.5 	0.447085436358401 	
133.599975585938 	2.04439999999886 	133.599975585938 	0.447085436357627 	
133.700012207031 	2.04029999999693 	133.700012207031 	0.44708543635675 	
133.799987792969 	2.04209999999875 	133.799987792969 	0.447085436355771 	
133.899963378906 	2.04099999999744 	133.899963378906 	0.44708543635469 	
134 	2.04159999999683 	134 	0.447085436353506 	
134.099975585938 	2.03809999999794 	134.099975585938 	0.447085436352221 	
134.200012207031 	2.03529999999955 	134.200012207031 	0.447085436350833 	
134.299987792969 	2.03869999999733 	134.299987792969 	0.447085436349343 	
134.399963378906 	2.03979999999865 	134.399963378906 	0.447085436347751 	
134.5 	2.03800000000047 	134.5 	0.447085436346056 	
134.599975585938 	2.03559999999561 	134.599975585938 	0.44708543634426 	
134.700012207031 	2.03640000000087 	134.700012207031 	0.44708543634236 	
134.799987792969 	2.03749999999854 	134.799987792969 	0.447085436340359 	
134.899963378906 	2.04000000000087 	134.899963378906 	0.447085436338257 	
135 	2.03789999999935 	135 	0.44708543633605 	
135.099975585938 	2.03450000000157 	135.099975585938 	0.447085436333743 	
135.200012207031 	2.03529999999955 	135.200012207031 	0.447085436331332 	
135.299987792969 	2.03280000000086 	135.299987792969 	0.44708543632882 	
135.399963378906 	2.03289999999834 	135.399963378906 	0.447085436326207 	
135.5 	2.03339999999662 	135.5 	0.447085436323489 	
135.599975585938 	2.02800000000207 	135.599975585938 	0.447085436320671 	
135.700012207031 	2.02879999999641 	135.700012207031 	0.447085436317748 	
135.799987792969 	2.02639999999883 	135.799987792969 	0.447085436314726 	
135.899963378906 	2.02590000000055 	135.899963378906 	0.447085436311601 	
136 	2.02669999999853 	136 	0.447085436308372 	
136.099975585938 	2.02869999999893 	136.099975585938 	0.447085436305043 	
136.200012207031 	2.02799999999843 	136.200012207031 	0.447085436301609 	
136.299987792969 	2.02719999999681 	136.299987792969 	0.447085436298076 	
136.399963378906 	2.03009999999631 	136.399963378906 	0.44708543629444 	
136.5 	2.02690000000075 	136.5 	0.4470854362907 	
136.599975585938 	2.0235999999968 	136.599975585938 	0.447085436289207 	
136.700012207031 	2.02379999999903 	136.700012207031 	0.447085436290852 	
136.799987792969 	2.02669999999853 	136.799987792969 	0.447085436292471 	
136.899963378906 	2.02620000000024 	136.899963378906 	0.447085436294067 	
137 	2.02309999999852 	137 	0.44708543629564 	
137.099975585938 	2.02400000000125 	137.099975585938 	0.447085436297188 	
137.200012207031 	2.02560000000085 	137.200012207031 	0.447085436298714 	
137.299987792969 	2.02569999999832 	137.299987792969 	0.447085436300215 	
137.399963378906 	2.02499999999782 	137.399963378906 	0.447085436301691 	
137.5 	2.02669999999853 	137.5 	0.447085436303146 	
137.599975585938 	2.02469999999812 	137.599975585938 	0.447085436304575 	
137.700012207031 	2.02079999999842 	137.700012207031 	0.447085436305981 	
137.799987792969 	2.01849999999831 	137.799987792969 	0.447085436307363 	
137.899963378906 	2.01880000000165 	137.899963378906 	0.447085436308721 	
138 	2.01699999999983 	138 	0.447085436310056 	
138.099975585938 	2.01659999999902 	138.099975585938 	0.447085436311367 	
138.200012207031 	2.0160999999971 	138.200012207031 	0.447085436312654 	
138.299987792969 	2.01489999999831 	138.299987792969 	0.447085436313917 	
138.399963378906 	2.01620000000185 	138.399963378906 	0.447085436315156 	
138.5 	2.01589999999851 	138.5 	0.447085436316372 	
138.599975585938 	2.01859999999942 	138.599975585938 	0.447085436317564 	
138.700012207031 	2.01459999999861 	138.700012207031 	0.447085436318732 	
138.799987792969 	2.01640000000043 	138.799987792969 	0.447085436319876 	
138.899963378906 	2.0160999999971 	138.899963378906 	0.447085436320996 	
139 	2.01819999999861 	139 	0.447085436322094 	
139.099975585938 	2.01929999999993 	139.099975585938 	0.447085436323166 	
139.200012207031 	2.02059999999983 	139.200012207031 	0.447085436324216 	
139.299987792969 	2.02249999999913 	139.299987792969 	0.447085436325241 	
139.399963378906 	2.01959999999963 	139.399963378906 	0.447085436326242 	
139.5 	2.02369999999792 	139.5 	0.44708543632722 	
139.599975585938 	2.01659999999902 	139.599975585938 	0.447085436328174 	
139.700012207031 	2.02079999999842 	139.700012207031 	0.447085436329104 	
139.799987792969 	2.01859999999942 	139.799987792969 	0.44708543633001 	
139.899963378906 	2.01780000000144 	139.899963378906 	0.447085436330893 	
140 	2.01520000000164 	140 	0.447085436331752 	
140.099975585938 	2.0154999999977 	140.099975585938 	0.447085436332587 	
140.200012207031 	2.01589999999851 	140.200012207031 	0.447085436333398 	
140.299987792969 	2.0164999999979 	140.299987792969 	0.447085436334186 	
140.399963378906 	2.01380000000063 	140.399963378906 	0.447085436334949 	
140.5 	2.01199999999881 	140.5 	0.447085436335689 	
140.599975585938 	2.01150000000052 	140.599975585938 	0.447085436336405 	
140.700012207031 	2.0112999999983 	140.700012207031 	0.447085436337098 	
140.799987792969 	2.0096999999987 	140.799987792969 	0.447085436337766 	
140.899963378906 	2.00600000000122 	140.899963378906 	0.44708543633841 	
141 	2.00110000000132 	141 	0.447085436339032 	
141.099975585938 	2.00140000000101 	141.099975585938 	0.447085436339629 	
141.200012207031 	2.00300000000061 	141.200012207031 	0.447085436340202 	
141.299987792969 	2.00079999999798 	141.299987792969 	0.447085436340752 	
141.399963378906 	2.00089999999909 	141.399963378906 	0.447085436341277 	
141.5 	1.9976999999999 	141.5 	0.447085436341779 	
141.599975585938 	1.99780000000101 	141.599975585938 	0.447085436342258 	
141.700012207031 	2.00039999999717 	141.700012207031 	0.447085436342712 	
141.799987792969 	1.99989999999889 	141.799987792969 	0.447085436343143 	
141.899963378906 	2.00119999999879 	141.899963378906 	0.447085436343549 	
142 	2.00149999999849 	142 	0.447085436343932 	
142.099975585938 	1.9961000000003 	142.099975585938 	0.447085436344292 	
142.200012207031 	1.9939000000013 	142.200012207031 	0.447085436344627 	
142.299987792969 	1.99169999999867 	142.299987792969 	0.447085436344939 	
142.399963378906 	1.9903000000013 	142.399963378906 	0.447085436345227 	
142.5 	1.99279999999999 	142.5 	0.447085436345491 	
142.599975585938 	1.99360000000161 	142.599975585938 	0.447085436345731 	
142.700012207031 	1.99309999999605 	142.700012207031 	0.447085436345948 	
142.799987792969 	1.9916000000012 	142.799987792969 	0.44708543634614 	
142.899963378906 	1.99109999999928 	142.899963378906 	0.447085436346309 	
143 	1.990600000001 	143 	0.447085436346454 	
143.099975585938 	1.99129999999786 	143.099975585938 	0.447085436346576 	
143.200012207031 	1.98819999999978 	143.200012207031 	0.447085436346673 	
143.299987792969 	1.98779999999897 	143.299987792969 	0.447085436346747 	
143.399963378906 	1.98609999999826 	143.399963378906 	0.447085436346797 	
143.5 	1.98579999999856 	143.5 	0.447085436346823 	
143.599975585938 	1.98649999999907 	143.599975585938 	0.447085436346826 	
143.700012207031 	1.99109999999564 	143.700012207031 	0.447085436346804 	
143.799987792969 	1.99159999999756 	143.799987792969 	0.447085436346759 	
143.899963378906 	1.99389999999767 	143.899963378906 	0.44708543634669 	
144 	1.99209999999584 	144 	0.447085436346598 	
144.099975585938 	1.9932000000008 	144.099975585938 	0.447085436346481 	
144.200012207031 	1.99720000000161 	144.200012207031 	0.447085436346341 	
144.299987792969 	1.99819999999818 	144.299987792969 	0.447085436346177 	
144.399963378906 	1.99699999999939 	144.399963378906 	0.447085436345989 	
144.5 	1.99650000000111 	144.5 	0.447085436345777 	
144.599975585938 	1.99899999999616 	144.599975585938 	0.447085436345542 	
144.700012207031 	2.00150000000212 	144.700012207031 	0.447085436345282 	
144.799987792969 	2.0002999999997 	144.799987792969 	0.447085436344999 	
144.899963378906 	1.99959999999919 	144.899963378906 	0.447085436344693 	
145 	1.99750000000131 	145 	0.447085436344362 	
145.099975585938 	1.99629999999888 	145.099975585938 	0.447085436344008 	
145.200012207031 	1.99749999999767 	145.200012207031 	0.447085436343629 	
145.299987792969 	1.99859999999899 	145.299987792969 	0.447085436343228 	
145.399963378906 	1.99959999999555 	145.399963378906 	0.447085436342802 	
145.5 	1.99869999999646 	145.5 	0.447085436342352 	
145.599975585938 	2.0002999999997 	145.599975585938 	0.447085436341879 	
145.700012207031 	1.99699999999939 	145.700012207031 	0.447085436341382 	
145.799987792969 	1.99709999999686 	145.799987792969 	0.447085436340861 	
145.899963378906 	1.99780000000101 	145.899963378906 	0.447085436340316 	
146 	1.99499999999898 	146 	0.447085436339748 	
146.099975585938 	1.99679999999717 	146.099975585938 	0.447085436339155 	
146.200012207031 	1.99369999999908 	146.200012207031 	0.447085436338539 	
146.299987792969 	1.99239999999918 	146.299987792969 	0.447085436337899 	
146.399963378906 	1.99339999999938 	146.399963378906 	0.447085436337236 	
146.5 	1.99379999999655 	146.5 	0.447085436336548 	
146.599975585938 	1.99479999999676 	146.599975585938 	0.447085436335837 	
146.700012207031 	1.99289999999746 	146.700012207031 	0.447085436335102 	
146.799987792969 	1.99199999999837 	146.799987792969 	0.447085436334343 	
146.899963378906 	1.99220000000059 	146.899963378906 	0.447085436333561 	
147 	1.99229999999807 	147 	0.447085436332754 	
147.099975585938 	1.99229999999807 	147.099975585938 	0.447085436331924 	
147.200012207031 	1.99199999999837 	147.200012207031 	0.44708543633107 	
147.299987792969 	1.99159999999756 	147.299987792969 	0.447085436330193 	
147.399963378906 	1.9945000000007 	147.399963378906 	0.447085436329291 	
147.5 	1.99419999999736 	147.5 	0.447085436328366 	
147.599975585938 	1.99469999999928 	147.599975585938 	0.447085436327417 	
147.700012207031 	1.99430000000211 	147.700012207031 	0.447085436326443 	
147.799987792969 	1.99149999999645 	147.799987792969 	0.447085436325447 	
147.899963378906 	1.99049999999988 	147.899963378906 	0.447085436324427 	
148 	1.99109999999928 	148 	0.447085436323382 	
148.099975585938 	1.98919999999634 	148.099975585938 	0.447085436322314 	
148.200012207031 	1.99349999999686 	148.200012207031 	0.447085436321222 	
148.299987792969 	1.99529999999868 	148.299987792969 	0.447085436320107 	
148.399963378906 	1.99519999999757 	148.399963378906 	0.447085436318968 	
148.5 	1.99620000000141 	148.5 	0.447085436317804 	
148.599975585938 	1.99459999999817 	148.599975585938 	0.447085436316617 	
148.700012207031 	1.99360000000161 	148.700012207031 	0.447085436315406 	
148.799987792969 	1.99059999999736 	148.799987792969 	0.447085436314172 	
148.899963378906 	1.99139999999898 	148.899963378906 	0.447085436312914 	
149 	1.9890000000014 	149 	0.447085436311631 	
149.099975585938 	1.98730000000069 	149.099975585938 	0.447085436310326 	
149.200012207031 	1.98470000000088 	149.200012207031 	0.447085436308995 	
149.299987792969 	1.98470000000088 	149.299987792969 	0.447085436307642 	
149.399963378906 	1.98379999999815 	149.399963378906 	0.447085436306265 	
149.5 	1.98389999999927 	149.5 	0.447085436304864 	
149.599975585938 	1.98449999999866 	149.599975585938 	0.447085436303439 	
149.700012207031 	1.98140000000058 	149.700012207031 	0.44708543630199 	
149.799987792969 	1.97929999999906 	149.799987792969 	0.447085436300518 	
149.899963378906 	1.97879999999714 	149.899963378906 	0.447085436299022 	
150 	1.97609999999986 	150 	0.447085436297502 	
150.099975585938 	1.97589999999764 	150.099975585938 	0.447085436295958 	
150.200012207031 	1.97450000000026 	150.200012207031 	0.44708543629439 	
150.299987792969 	1.96819999999934 	150.299987792969 	0.447085436292799 	
150.399963378906 	1.96459999999934 	150.399963378906 	0.447085436291184 	
150.5 	1.96389999999883 	150.5 	0.447085436289545 	
150.599975585938 	1.96640000000116 	150.599975585938 	0.447085436287882 	
150.700012207031 	1.96389999999883 	150.700012207031 	0.447085436287914 	
150.799987792969 	1.96019999999771 	150.799987792969 	0.447085436288357 	
150.899963378906 	1.95709999999963 	150.899963378906 	0.447085436288795 	
151 	1.95439999999871 	151 	0.44708543628923 	
151.099975585938 	1.95669999999882 	151.099975585938 	0.44708543628966 	
151.200012207031 	1.95609999999942 	151.200012207031 	0.447085436290086 	
151.299987792969 	1.9545999999973 	151.299987792969 	0.447085436290508 	
151.399963378906 	1.95519999999669 	151.399963378906 	0.447085436290925 	
151.5 	1.95349999999962 	151.5 	0.447085436291339 	
151.599975585938 	1.9545999999973 	151.599975585938 	0.447085436291748 	
151.700012207031 	1.95130000000063 	151.700012207031 	0.447085436292154 	
151.799987792969 	1.95179999999891 	151.799987792969 	0.447085436292554 	
151.899963378906 	1.95189999999639 	151.899963378906 	0.447085436292951 	
152 	1.95219999999972 	152 	0.447085436293344 	
152.099975585938 	1.9535999999971 	152.099975585938 	0.447085436293733 	
152.200012207031 	1.95060000000012 	152.200012207031 	0.447085436294117 	
152.299987792969 	1.949099999998 	152.299987792969 	0.447085436294497 	
152.399963378906 	1.94919999999911 	152.399963378906 	0.447085436294873 	
152.5 	1.94709999999759 	152.5 	0.447085436295245 	
152.599975585938 	1.94389999999839 	152.599975585938 	0.447085436295613 	
152.700012207031 	1.94319999999789 	152.700012207031 	0.447085436295977 	
152.799987792969 	1.94470000000001 	152.799987792969 	0.447085436296336 	
152.899963378906 	1.94439999999668 	152.899963378906 	0.447085436296692 	
153 	1.94239999999991 	153 	0.447085436297043 	
153.099975585938 	1.94280000000072 	153.099975585938 	0.44708543629739 	
153.200012207031 	1.94529999999577 	153.200012207031 	0.447085436297733 	
153.299987792969 	1.94770000000062 	153.299987792969 	0.447085436298071 	
153.399963378906 	1.94519999999829 	153.399963378906 	0.447085436298406 	
153.5 	1.94369999999981 	153.5 	0.447085436298736 	
153.599975585938 	1.94120000000112 	153.599975585938 	0.447085436299062 	
153.700012207031 	1.93839999999909 	153.700012207031 	0.447085436299385 	
153.799987792969 	1.93839999999909 	153.799987792969 	0.447085436299702 	
153.899963378906 	1.94079999999667 	153.899963378906 	0.447085436300016 	
154 	1.93949999999677 	154 	0.447085436300326 	
154.099975585938 	1.93859999999768 	154.099975585938 	0.447085436300631 	
154.200012207031 	1.93999999999869 	154.200012207031 	0.447085436300933 	
154.299987792969 	1.9387999999999 	154.299987792969 	0.44708543630123 	
154.399963378906 	1.9377999999997 	154.399963378906 	0.447085436301523 	
154.5 	1.93509999999878 	154.5 	0.447085436301811 	
154.599975585938 	1.9346000000005 	154.599975585938 	0.447085436302096 	
154.700012207031 	1.93349999999919 	154.700012207031 	0.447085436302377 	
154.799987792969 	1.9333000000006 	154.799987792969 	0.447085436302653 	
154.899963378906 	1.93549999999959 	154.899963378906 	0.447085436302925 	
155 	1.93199999999706 	155 	0.447085436303193 	
155.099975585938 	1.93809999999939 	155.099975585938 	0.447085436303457 	
155.200012207031 	1.93989999999758 	155.200012207031 	0.447085436303717 	
155.299987792969 	1.9426999999996 	155.299987792969 	0.447085436303972 	
155.399963378906 	1.94319999999789 	155.399963378906 	0.447085436304224 	
155.5 	1.94549999999799 	155.5 	0.447085436304471 	
155.599975585938 	1.94529999999941 	155.599975585938 	0.447085436304714 	
155.700012207031 	1.9426999999996 	155.700012207031 	0.447085436304953 	
155.799987792969 	1.94349999999758 	155.799987792969 	0.447085436305188 	
155.899963378906 	1.94259999999849 	155.899963378906 	0.447085436305418 	
156 	1.94159999999829 	156 	0.447085436305645 	
156.099975585938 	1.94150000000081 	156.099975585938 	0.447085436305867 	
156.200012207031 	1.94110000000001 	156.200012207031 	0.447085436306085 	
156.299987792969 	1.94090000000142 	156.299987792969 	0.447085436306299 	
156.399963378906 	1.94189999999799 	156.399963378906 	0.447085436306509 	
156.5 	1.94239999999991 	156.5 	0.447085436306714 	
156.599975585938 	1.9398000000001 	156.599975585938 	0.447085436306916 	
156.700012207031 	1.93600000000151 	156.700012207031 	0.447085436307113 	
156.799987792969 	1.93279999999868 	156.799987792969 	0.447085436307307 	
156.899963378906 	1.93419999999605 	156.899963378906 	0.447085436307495 	
157 	1.9336000000003 	157 	0.44708543630768 	
157.099975585938 	1.93159999999625 	157.099975585938 	0.447085436307861 	
157.200012207031 	1.92739999999685 	157.200012207031 	0.447085436308038 	
157.299987792969 	1.92840000000069 	157.299987792969 	0.44708543630821 	
157.399963378906 	1.9285000000018 	157.399963378906 	0.447085436308378 	
157.5 	1.92399999999907 	157.5 	0.447085436308542 	
157.599975585938 	1.92489999999816 	157.599975585938 	0.447085436308702 	
157.700012207031 	1.92349999999715 	157.700012207031 	0.447085436308858 	
157.799987792969 	1.92669999999998 	157.799987792969 	0.44708543630901 	
157.899963378906 	1.92709999999715 	157.899963378906 	0.447085436309157 	
158 	1.92609999999695 	158 	0.4470854363093 	
158.099975585938 	1.92180000000008 	158.099975585938 	0.44708543630944 	
158.200012207031 	1.92199999999866 	158.200012207031 	0.447085436309575 	
158.299987792969 	1.92069999999876 	158.299987792969 	0.447085436309705 	
158.399963378906 	1.92269999999917 	158.399963378906 	0.447085436309832 	
158.5 	1.92150000000038 	158.5 	0.447085436309955 	
158.599975585938 	1.92059999999765 	158.599975585938 	0.447085436310073 	
158.700012207031 	1.92180000000008 	158.700012207031 	0.447085436310187 	
158.799987792969 	1.92039999999906 	158.799987792969 	0.447085436310297 	
158.899963378906 	1.92129999999815 	158.899963378906 	0.447085436310403 	
159 	1.92050000000017 	159 	0.447085436310505 	
159.099975585938 	1.92059999999765 	159.099975585938 	0.447085436310602 	
159.200012207031 	1.92069999999876 	159.200012207031 	0.447085436310696 	
159.299987792969 	1.91860000000088 	159.299987792969 	0.447085436310785 	
159.399963378906 	1.91660000000047 	159.399963378906 	0.44708543631087 	
159.5 	1.91719999999987 	159.5 	0.447085436310951 	
159.599975585938 	1.91610000000219 	159.599975585938 	0.447085436311028 	
159.700012207031 	1.91759999999704 	159.700012207031 	0.4470854363111 	
159.799987792969 	1.91920000000027 	159.799987792969 	0.447085436311169 	
159.899963378906 	1.91809999999896 	159.899963378906 	0.447085436311233 	
160 	1.91679999999906 	160 	0.447085436311293 	
160.099975585938 	1.91709999999875 	160.099975585938 	0.447085436311349 	
160.200012207031 	1.91510000000198 	160.200012207031 	0.447085436311401 	
160.299987792969 	1.91319999999905 	160.299987792969 	0.447085436311449 	
160.399963378906 	1.91270000000077 	160.399963378906 	0.447085436311492 	
160.5 	1.91189999999915 	160.5 	0.447085436311532 	
160.599975585938 	1.91510000000198 	160.599975585938 	0.447085436311567 	
160.700012207031 	1.91519999999946 	160.700012207031 	0.447085436311598 	
160.799987792969 	1.91250000000218 	160.799987792969 	0.447085436311625 	
160.899963378906 	1.91300000000047 	160.899963378906 	0.447085436311648 	
161 	1.91279999999824 	161 	0.447085436311666 	
161.099975585938 	1.91699999999764 	161.099975585938 	0.447085436311681 	
161.200012207031 	1.91379999999845 	161.200012207031 	0.447085436311691 	
161.299987792969 	1.91179999999804 	161.299987792969 	0.447085436311697 	
161.399963378906 	1.90820000000167 	161.399963378906 	0.447085436311699 	
161.5 	1.90940000000046 	161.5 	0.447085436311697 	
161.599975585938 	1.90620000000126 	161.599975585938 	0.44708543631169 	
161.700012207031 	1.90549999999712 	161.700012207031 	0.44708543631168 	
161.799987792969 	1.90460000000166 	161.799987792969 	0.447085436311665 	
161.899963378906 	1.90499999999884 	161.899963378906 	0.447085436311646 	
162 	1.90679999999702 	162 	0.447085436311623 	
162.099975585938 	1.90740000000005 	162.099975585938 	0.447085436311596 	
162.200012207031 	1.90660000000207 	162.200012207031 	0.447085436311565 	
162.299987792969 	1.90920000000187 	162.299987792969 	0.447085436311529 	
162.399963378906 	1.90980000000127 	162.399963378906 	0.44708543631149 	
162.5 	1.91179999999804 	162.5 	0.447085436311446 	
162.599975585938 	1.91329999999653 	162.599975585938 	0.447085436311398 	
162.700012207031 	1.91249999999854 	162.700012207031 	0.447085436311346 	
162.799987792969 	1.91330000000016 	162.799987792969 	0.44708543631129 	
162.899963378906 	1.91649999999572 	162.899963378906 	0.447085436311229 	
163 	1.91579999999885 	163 	0.447085436311165 	
163.099975585938 	1.91599999999744 	163.099975585938 	0.447085436311096 	
163.200012207031 	1.91629999999714 	163.200012207031 	0.447085436311023 	
163.299987792969 	1.91690000000017 	163.299987792969 	0.447085436310946 	
163.399963378906 	1.91529999999693 	163.399963378906 	0.447085436310865 	
163.5 	1.91549999999916 	163.5 	0.447085436310779 	
163.599975585938 	1.91729999999734 	163.599975585938 	0.44708543631069 	
163.700012207031 	1.91449999999895 	163.700012207031 	0.447085436310596 	
163.799987792969 	1.91419999999925 	163.799987792969 	0.447085436310498 	
163.899963378906 	1.91339999999764 	163.899963378906 	0.447085436310396 	
164 	1.91359999999986 	164 	0.44708543631029 	
164.099975585938 	1.91319999999905 	164.099975585938 	0.44708543631018 	
164.200012207031 	1.91270000000077 	164.200012207031 	0.447085436310065 	
164.299987792969 	1.91249999999854 	164.299987792969 	0.447085436309947 	
164.399963378906 	1.91660000000047 	164.399963378906 	0.447085436309824 	
164.5 	1.91679999999906 	164.5 	0.447085436309697 	
164.599975585938 	1.91930000000139 	164.599975585938 	0.447085436309566 	
164.700012207031 	1.92049999999654 	164.700012207031 	0.447085436309431 	
164.799987792969 	1.91869999999835 	164.799987792969 	0.447085436309291 	
164.899963378906 	1.91920000000027 	164.899963378906 	0.447085436309148 	
165 	1.91649999999936 	165 	0.447085436309 	
165.099975585938 	1.91639999999825 	165.099975585938 	0.447085436308848 	
165.200012207031 	1.91589999999997 	165.200012207031 	0.447085436308692 	
165.299987792969 	1.91249999999854 	165.299987792969 	0.447085436308532 	
165.399963378906 	1.91079999999783 	165.399963378906 	0.447085436308368 	
165.5 	1.90969999999652 	165.5 	0.447085436308199 	
165.599975585938 	1.91059999999925 	165.599975585938 	0.447085436308026 	
165.700012207031 	1.90869999999995 	165.700012207031 	0.44708543630785 	
165.799987792969 	1.90679999999702 	165.799987792969 	0.447085436307669 	
165.899963378906 	1.90809999999692 	165.899963378906 	0.447085436307484 	
166 	1.90810000000056 	166 	0.447085436307294 	
166.099975585938 	1.90769999999975 	166.099975585938 	0.447085436307101 	
166.200012207031 	1.90719999999783 	166.200012207031 	0.447085436306903 	
166.299987792969 	1.90810000000056 	166.299987792969 	0.447085436306701 	
166.399963378906 	1.90939999999682 	166.399963378906 	0.447085436306495 	
166.5 	1.91089999999895 	166.5 	0.447085436306285 	
166.599975585938 	1.91239999999743 	166.599975585938 	0.447085436306071 	
166.700012207031 	1.90849999999773 	166.700012207031 	0.447085436305853 	
166.799987792969 	1.90650000000096 	166.799987792969 	0.44708543630563 	
166.899963378906 	1.91049999999814 	166.899963378906 	0.447085436305404 	
167 	1.91129999999976 	167 	0.447085436305173 	
167.099975585938 	1.91309999999794 	167.099975585938 	0.447085436304938 	
167.200012207031 	1.91240000000107 	167.200012207031 	0.447085436304698 	
167.299987792969 	1.91089999999895 	167.299987792969 	0.447085436304455 	
167.399963378906 	1.91249999999854 	167.399963378906 	0.447085436304208 	
167.5 	1.91270000000077 	167.5 	0.447085436303956 	
167.599975585938 	1.91109999999753 	167.599975585938 	0.4470854363037 	
167.700012207031 	1.91049999999814 	167.700012207031 	0.44708543630344 	
167.799987792969 	1.90910000000076 	167.799987792969 	0.447085436303176 	
167.899963378906 	1.91089999999895 	167.899963378906 	0.447085436302908 	
168 	1.91009999999733 	168 	0.447085436302635 	
168.099975585938 	1.90610000000015 	168.099975585938 	0.447085436302359 	
168.200012207031 	1.90469999999914 	168.200012207031 	0.447085436302078 	
168.299987792969 	1.90239999999903 	168.299987792969 	0.447085436301793 	
168.399963378906 	1.89939999999842 	168.399963378906 	0.447085436301504 	
168.5 	1.89619999999923 	168.5 	0.447085436301211 	
168.599975585938 	1.89570000000094 	168.599975585938 	0.447085436300913 	
168.700012207031 	1.89799999999741 	168.700012207031 	0.447085436300612 	
168.799987792969 	1.89929999999731 	168.799987792969 	0.447085436300306 	
168.899963378906 	1.89979999999923 	168.899963378906 	0.447085436299996 	
169 	1.89830000000075 	169 	0.447085436299682 	
169.099975585938 	1.89879999999903 	169.099975585938 	0.447085436299364 	
169.200012207031 	1.90020000000004 	169.200012207031 	0.447085436299042 	
169.299987792969 	1.90090000000055 	169.299987792969 	0.447085436298715 	
169.399963378906 	1.89909999999873 	169.399963378906 	0.447085436298385 	
169.5 	1.90029999999751 	169.5 	0.44708543629805 	
169.599975585938 	1.89799999999741 	169.599975585938 	0.447085436297711 	
169.700012207031 	1.89669999999751 	169.700012207031 	0.447085436297368 	
169.799987792969 	1.89760000000024 	169.799987792969 	0.44708543629702 	
169.899963378906 	1.89749999999913 	169.899963378906 	0.447085436296669 	
170 	1.89689999999973 	170 	0.447085436296313 	
170.099975585938 	1.89630000000034 	170.099975585938 	0.447085436295954 	
170.200012207031 	1.89909999999873 	170.200012207031 	0.44708543629559 	
170.299987792969 	1.90190000000075 	170.299987792969 	0.447085436295222 	
170.399963378906 	1.89730000000054 	170.399963378906 	0.447085436294849 	
170.5 	1.89379999999801 	170.5 	0.447085436294473 	
170.599975585938 	1.89140000000043 	170.599975585938 	0.447085436294093 	
170.700012207031 	1.8907999999974 	170.700012207031 	0.447085436293708 	
170.799987792969 	1.89139999999679 	170.799987792969 	0.447085436293319 	
170.899963378906 	1.89040000000023 	170.899963378906 	0.447085436292926 	
171 	1.89359999999942 	171 	0.447085436292529 	
171.099975585938 	1.8933999999972 	171.099975585938 	0.447085436292127 	
171.200012207031 	1.89340000000084 	171.200012207031 	0.447085436291722 	
171.299987792969 	1.89359999999942 	171.299987792969 	0.447085436291312 	
171.399963378906 	1.8965999999964 	171.399963378906 	0.447085436290899 	
171.5 	1.89849999999933 	171.5 	0.447085436290481 	
171.599975585938 	1.8936999999969 	171.599975585938 	0.447085436290059 	
171.700012207031 	1.89420000000246 	171.700012207031 	0.447085436289632 	
171.799987792969 	1.89440000000104 	171.799987792969 	0.447085436289202 	
171.899963378906 	1.89229999999952 	171.899963378906 	0.447085436288767 	
172 	1.89240000000063 	172 	0.447085436288328 	
172.099975585938 	1.89279999999781 	172.099975585938 	0.447085436287886 	
172.200012207031 	1.89289999999892 	172.200012207031 	0.447085436287438 	
172.299987792969 	1.89210000000094 	172.299987792969 	0.447085436287019 	
172.399963378906 	1.89140000000043 	172.399963378906 	0.447085436287019 	
172.5 	1.88869999999952 	172.5 	0.447085436287019 	
172.599975585938 	1.8846999999987 	172.599975585938 	0.447085436287019 	
172.700012207031 	1.8820999999989 	172.700012207031 	0.447085436287018 	
172.799987792969 	1.88709999999992 	172.799987792969 	0.447085436287018 	
172.899963378906 	1.88739999999962 	172.899963378906 	0.447085436287018 	
173 	1.88220000000001 	173 	0.447085436287018 	
173.099975585938 	1.88279999999941 	173.099975585938 	0.447085436287017 	
173.200012207031 	1.88419999999678 	173.200012207031 	0.447085436287017 	
173.299987792969 	1.88430000000153 	173.299987792969 	0.447085436287017 	
173.399963378906 	1.8839999999982 	173.399963378906 	0.447085436287017 	
173.5 	1.8839999999982 	173.5 	0.447085436287016 	
173.599975585938 	1.88769999999931 	173.599975585938 	0.447085436287016 	
173.700012207031 	1.8891999999978 	173.700012207031 	0.447085436287016 	
173.799987792969 	1.88679999999658 	173.799987792969 	0.447085436287016 	
173.899963378906 	1.88490000000093 	173.899963378906 	0.447085436287015 	
174 	1.88929999999891 	174 	0.447085436287015 	
174.099975585938 	1.8917999999976 	174.099975585938 	0.447085436287015 	
174.200012207031 	1.89289999999892 	174.200012207031 	0.447085436287015 	
174.299987792969 	1.88969999999608 	174.299987792969 	0.447085436287014 	
174.399963378906 	1.88669999999911 	174.399963378906 	0.447085436287014 	
174.5 	1.88459999999759 	174.5 	0.447085436287014 	
174.599975585938 	1.88619999999719 	174.599975585938 	0.447085436287014 	
174.700012207031 	1.88690000000133 	174.700012207031 	0.447085436287013 	
174.799987792969 	1.88769999999931 	174.799987792969 	0.447085436287013 	
174.899963378906 	1.88200000000143 	174.899963378906 	0.447085436287013 	
175 	1.8846999999987 	175 	0.447085436287013 	
175.099975585938 	1.8846999999987 	175.099975585938 	0.447085436287012 	
175.200012207031 	1.89229999999952 	175.200012207031 	0.447085436287012 	
175.299987792969 	1.8936999999969 	175.299987792969 	0.447085436287012 	
175.399963378906 	1.8933999999972 	175.399963378906 	0.447085436287012 	
175.5 	1.89429999999629 	175.5 	0.447085436287011 	
175.599975585938 	1.8994999999959 	175.599975585938 	0.447085436287011 	
175.700012207031 	1.90790000000197 	175.700012207031 	0.447085436287011 	
175.799987792969 	1.90790000000197 	175.799987792969 	0.447085436287011 	
175.899963378906 	1.90849999999773 	175.899963378906 	0.44708543628701 	
176 	1.90849999999773 	176 	0.44708543628701 	
176.099975585938 	1.90790000000197 	176.099975585938 	0.44708543628701 	
176.200012207031 	 	176.200012207031 	0.44708543628701 	
176.299987792969 	 	176.299987792969 	0.447085436287009 	
176.399963378906 	 	176.399963378906 	0.447085436287009 	
176.5 	 	176.5 	0.447085436287009 	
176.599975585938 	 	176.599975585938 	0.447085436287009 	
176.700012207031 	 	176.700012207031 	0.447085436287008 	
176.799987792969 	 	176.799987792969 	0.447085436287008 	
176.899963378906 	 	176.899963378906 	0.447085436287008 	
177 	 	177 	0.447085436287008 	
177.099975585938 	 	177.099975585938 	0.0460765937244936 	
177.200012207031 	 	177.200012207031 	0.004742068251165 	
177.299987792969 	 	177.299987792969 	0.000488717592039483 	
177.399963378906 	 	177.399963378906 	5.03673648379149E-05 	
177.5 	 	177.5 	5.18376450934743E-06 	
177.599975585938 	 	177.599975585938 	5.34330653756926E-07 	
177.700012207031 	 	177.700012207031 	5.50653854189644E-08 	
177.799987792969 	 	177.799987792969 	5.72314125436373E-09 	
177.899963378906 	 	177.899963378906 	6.26253749321991E-10 	
178 	 	178 	1.90845055894556E-10 	
178.099975585938 	 	178.099975585938 	1.41459549961261E-11 	
178.200012207031 	 	178.200012207031 	-9.60258120711627E-12 	
178.299987792969 	 	178.299987792969 	-1.02777794950436E-10 	
178.399963378906 	 	178.399963378906 	-3.13136289823834E-11 	
178.5 	 	178.5 	3.60905162651762E-11 	
178.599975585938 	 	178.599975585938 	2.70356245847899E-11 	
178.700012207031 	-1.58499999999913 	178.700012207031 	-1.95291733632059E-12 	
178.799987792969 	-1.34170000000086 	178.799987792969 	-3.58200009987874E-12 	
178.899963378906 	-1.22479999999996 	178.899963378906 	5.96419255446471E-12 	
179 	-1.12559999999939 	179 	6.63374196575203E-12 	
179.099975585938 	-1.02070000000094 	179.099975585938 	2.44482925705826E-12 	
179.200012207031 	-1.01080000000002 	179.200012207031 	-2.69517899368302E-12 	
179.299987792969 	-0.944999999999709 	179.299987792969 	-4.1556054561185E-12 	
179.399963378906 	-0.812400000002526 	179.399963378906 	-6.07555141017847E-12 	
179.5 	-0.760800000003655 	179.5 	-4.26784662193062E-12 	
179.599975585938 	-0.621299999998882 	179.599975585938 	-7.89093809151869E-12 	
179.700012207031 	-0.693300000002637 	179.700012207031 	-6.6839912381226E-12 	
179.799987792969 	-0.760600000001432 	179.799987792969 	-8.18342558650012E-12 	
179.899963378906 	-0.795100000003004 	179.899963378906 	-9.14146826515346E-12 	
180 	-0.783800000001065 	180 	-4.84161483338124E-12 	
180.099975585938 	-0.784299999999348 	180.099975585938 	-3.46414736338649E-12 	
180.200012207031 	-0.784300000002986 	180.200012207031 	-1.17058986722299E-12 	
180.299987792969 	-0.746500000001106 	180.299987792969 	7.39948313806839E-13 	
180.399963378906 	-0.757799999999406 	180.399963378906 	1.33088268291549E-12 	
180.5 	-0.747600000002421 	180.5 	2.28144227544766E-12 	
180.599975585938 	-0.738300000000891 	180.599975585938 	5.07804373073607E-12 	
180.700012207031 	-0.724699999998847 	180.700012207031 	7.60878503986498E-12 	
180.799987792969 	-0.730800000001182 	180.799987792969 	8.32929744577675E-12 	
180.899963378906 	-0.717599999999948 	180.899963378906 	5.1060355670012E-12 	
181 	-0.712100000000646 	181 	5.22635074776014E-12 	
181.099975585938 	-0.703000000001339 	181.099975585938 	7.51605726343215E-12 	
181.200012207031 	-0.695700000000215 	181.200012207031 	8.87281710955029E-12 	
181.299987792969 	-0.68920000000071 	181.299987792969 	8.14015059960114E-12 	
181.399963378906 	-0.682499999998981 	181.399963378906 	3.8833219264336E-12 	
181.5 	-0.684800000002724 	181.5 	3.13594113996245E-12 	
181.599975585938 	-0.68210000000181 	181.599975585938 	3.0223518035748E-12 	
181.700012207031 	-0.670500000003813 	181.700012207031 	2.68029711049913E-12 	
181.799987792969 	-0.675100000004022 	181.799987792969 	1.95714243403749E-12 	
181.899963378906 	-0.671699999998964 	181.899963378906 	6.98796121429927E-13 	
182 	-0.669000000001688 	182 	2.16996730041989E-13 	
182.099975585938 	-0.666600000000471 	182.099975585938 	-1.5990913982324E-13 	
182.200012207031 	-0.665100000001985 	182.200012207031 	-3.78842920296239E-13 	
182.299987792969 	-0.65690000000177 	182.299987792969 	-3.8065465161226E-13 	
182.399963378906 	-0.655500000000757 	182.399963378906 	-1.96671382535875E-13 	
182.5 	-0.644799999998213 	182.5 	-3.58080601913114E-13 	
182.599975585938 	-0.638999999999214 	182.599975585938 	-5.11624428512226E-13 	
182.700012207031 	-0.634900000000926 	182.700012207031 	-6.45834689411756E-13 	
182.799987792969 	-0.630600000004051 	182.799987792969 	-7.43363013413256E-13 	
182.899963378906 	-0.624899999998888 	182.899963378906 	-7.81587202212251E-13 	
183 	-0.62760000000344 	183 	-7.32198402219768E-13 	
183.099975585938 	-0.627599999999802 	183.099975585938 	-5.61458676863614E-13 	
183.200012207031 	-0.62840000000142 	183.200012207031 	-2.29790894733741E-13 	
183.299987792969 	-0.629900000003545 	183.299987792969 	-4.2072207429611E-13 	
183.399963378906 	-0.629900000003545 	183.399963378906 	-6.80894362818855E-13 	
183.5 	-0.624899999998888 	183.5 	-9.45731821774392E-13 	
183.599975585938 	-0.622000000003027 	183.599975585938 	-1.20381478323783E-12 	
183.700012207031 	-0.625899999999092 	183.700012207031 	-1.44435283498332E-12 	
183.799987792969 	-0.623900000002322 	183.799987792969 	-1.65595596058959E-12 	
183.899963378906 	-0.626000000000204 	183.899963378906 	-1.82768659181931E-12 	
184 	-0.621700000003329 	184 	-1.94850977684564E-12 	
184.099975585938 	-0.620200000001205 	184.099975585938 	-2.00718158206208E-12 	
184.200012207031 	-0.6179000000011 	184.200012207031 	-1.99266811397751E-12 	
184.299987792969 	-0.6137000000017 	184.299987792969 	-1.89389058438279E-12 	
184.399963378906 	-0.614799999999377 	184.399963378906 	-1.69977274250289E-12 	
184.5 	-0.615799999999581 	184.5 	-1.39900548075298E-12 	
184.599975585938 	-0.617600000001403 	184.599975585938 	-9.80859313905803E-13 	
184.700012207031 	-0.615099999999074 	184.700012207031 	-4.33718153144162E-13 	
184.799987792969 	-0.625 	184.799987792969 	-5.64033073701E-13 	
184.899963378906 	-0.638999999999214 	184.899963378906 	-9.38461173903511E-13 	
185 	-0.645600000003469 	185 	-1.31864962496296E-12 	
185.099975585938 	-0.652699999998731 	185.099975585938 	-1.69810877171253E-12 	
185.200012207031 	-0.655600000001868 	185.200012207031 	-2.07127130095561E-12 	
185.299987792969 	-0.669700000002194 	185.299987792969 	-2.43165613095042E-12 	
185.399963378906 	-0.696500000001834 	185.399963378906 	-2.77347087934326E-12 	
185.5 	-0.69800000000032 	185.5 	-3.09087780867452E-12 	
185.599975585938 	-0.724599999997736 	185.599975585938 	-3.37746387332192E-12 	
185.700012207031 	-0.745500000000902 	185.700012207031 	-3.62754836194218E-12 	
185.799987792969 	-0.771600000000035 	185.799987792969 	-3.83480037954231E-12 	
185.899963378906 	-0.799300000002404 	185.899963378906 	-3.99336164473817E-12 	
186 	-0.812400000002526 	186 	-4.09725495506178E-12 	
186.099975585938 	-0.811400000002322 	186.099975585938 	-4.14032780621969E-12 	
186.200012207031 	-0.809300000000803 	186.200012207031 	-4.11660215693766E-12 	
186.299987792969 	-0.700000000000728 	186.299987792969 	-4.0200812307558E-12 	
186.399963378906 	0.0149999999994179 	186.399963378906 	-3.84474888136739E-12 	
186.5 	-0.941900000001624 	186.5 	-3.58439647540385E-12 	
186.599975585938 	-1.45960000000196 	186.599975585938 	-3.23331598168499E-12 	
186.700012207031 	-0.460299999998824 	186.700012207031 	-2.78504809722118E-12 	
186.799987792969 	-0.327300000000832 	186.799987792969 	-2.23411409587005E-12 	
186.899963378906 	-0.145000000004075 	186.899963378906 	-1.57424800051005E-12 	
187 	-0.266999999999825 	187 	-7.989177809799E-13 	
187.099975585938 	-0.230299999999261 	187.099975585938 	-4.24685655317589E-13 	
187.200012207031 	-0.232100000001083 	187.200012207031 	-4.84489352143906E-13 	
187.299987792969 	-0.209899999998015 	187.299987792969 	-5.42340547934929E-13 	
187.399963378906 	-0.18579999999929 	187.399963378906 	-5.97546603626177E-13 	
187.5 	-0.184700000001612 	187.5 	-6.49408419728711E-13 	
187.599975585938 	-0.169600000001083 	187.599975585938 	-6.97132777125263E-13 	
187.700012207031 	-0.163700000000972 	187.700012207031 	-7.40047418675005E-13 	
187.799987792969 	-0.155299999998533 	187.799987792969 	-7.77370043106371E-13 	
187.899963378906 	-0.130300000000716 	187.899963378906 	-8.08398820636085E-13 	
188 	-0.122000000003027 	188 	-8.32416549545575E-13 	
188.099975585938 	-0.153900000001158 	188.099975585938 	-8.48663987639107E-13 	
188.200012207031 	-0.329200000003766 	188.200012207031 	-8.56430444418946E-13 	
188.299987792969 	-0.465300000003481 	188.299987792969 	-8.54976508405806E-13 	
188.399963378906 	0.346299999997427 	188.399963378906 	-8.43580018689133E-13 	
188.5 	0.356999999999971 	188.5 	-8.21494530912254E-13 	
188.599975585938 	-0.0789000000004307 	188.599975585938 	-7.88017060617913E-13 	
188.700012207031 	-0.0925999999999476 	188.700012207031 	-7.42376203134523E-13 	
188.799987792969 	0.0652999999983876 	188.799987792969 	-6.83897717592024E-13 	
188.899963378906 	-0.212800000001153 	188.899963378906 	-6.11827971544114E-13 	
189 	-0.44550000000163 	189 	-5.25380137587537E-13 	
189.099975585938 	-0.614900000000489 	189.099975585938 	-4.23929769820473E-13 	
189.200012207031 	-0.707300000001851 	189.200012207031 	-3.06622468580525E-13 	
189.299987792969 	-0.871399999999994 	189.299987792969 	-1.72871444423817E-13 	
189.399963378906 	-0.626000000000204 	189.399963378906 	-6.4106670286494E-14 	
189.5 	-0.874800000001414 	189.5 	-5.10303218186787E-14 	
189.599975585938 	-0.591899999999441 	189.599975585938 	-3.84975012912712E-14 	
189.700012207031 	-0.648000000001048 	189.700012207031 	-2.65473862750264E-14 	
189.799987792969 	-0.742799999999988 	189.799987792969 	-1.52489948171188E-14 	
189.899963378906 	-0.913000000000466 	189.899963378906 	-4.64925839618601E-15 	
190 	-0.976699999999255 	190 	5.20318513143164E-15 	
190.099975585938 	-0.964899999999034 	190.099975585938 	1.42418774153123E-14 	
190.200012207031 	-0.943299999998999 	190.200012207031 	2.24233745498491E-14 	
190.299987792969 	-0.952500000003056 	190.299987792969 	2.96832571674061E-14 	
190.399963378906 	-0.963400000000547 	190.399963378906 	3.59723775103938E-14 	
190.5 	-0.949899999999616 	190.5 	4.12392168555641E-14 	
190.599975585938 	-0.937399999998888 	190.599975585938 	4.5422912464676E-14 	
190.700012207031 	-0.914100000001781 	190.700012207031 	4.84740924752549E-14 	
190.799987792969 	-0.902900000000955 	190.799987792969 	5.03345978212196E-14 	
190.899963378906 	-0.885099999999511 	190.899963378906 	5.09522336550204E-14 	
191 	-0.874300000003132 	191 	5.02717695754933E-14 	
191.099975585938 	-0.847399999998743 	191.099975585938 	4.82396000785947E-14 	
191.200012207031 	-0.829100000002654 	191.200012207031 	4.4798763722966E-14 	
191.299987792969 	-0.805899999999383 	191.299987792969 	3.98990233660964E-14 	
191.399963378906 	-0.791700000001583 	191.399963378906 	3.34843062594686E-14 	
191.5 	-0.785899999998946 	191.5 	2.54948395129943E-14 	
191.599975585938 	-0.757600000000821 	191.599975585938 	1.58859364788433E-14 	
191.700012207031 	-0.732299999999668 	191.700012207031 	7.5094628713737E-15 	
191.799987792969 	-0.704000000001543 	191.799987792969 	4.49193798888907E-14 	
191.899963378906 	-0.690500000000611 	191.899963378906 	8.17660452688243E-14 	
192 	-0.682499999998981 	192 	1.18071438019716E-13 	
192.099975585938 	-0.690200000000914 	192.099975585938 	1.53791256259015E-13 	
192.200012207031 	-0.713800000001356 	192.200012207031 	1.88969113928404E-13 	
192.299987792969 	-0.696000000003551 	192.299987792969 	2.23562085027066E-13 	
192.399963378906 	-0.698899999999412 	192.399963378906 	2.57591804488146E-13 	
192.5 	-0.705300000001444 	192.5 	2.9107853157298E-13 	
192.599975585938 	-0.723700000002282 	192.599975585938 	3.23981403893424E-13 	
192.700012207031 	-0.725999999998749 	192.700012207031 	3.56340595896755E-13 	
192.799987792969 	-0.711800000004587 	192.799987792969 	3.88116621076564E-13 	
192.899963378906 	-0.715200000002369 	192.899963378906 	4.19329394618789E-13 	
193 	-0.723799999999756 	193 	4.49997456037565E-13 	
193.099975585938 	-0.724200000000565 	193.099975585938 	4.80083382439155E-13 	
193.200012207031 	-0.724799999999959 	193.200012207031 	5.09623908776429E-13 	
193.299987792969 	-0.72280000000319 	193.299987792969 	5.38582988037382E-13 	
193.399963378906 	-0.74029999999766 	193.399963378906 	5.66978815660753E-13 	
193.5 	-0.740600000000995 	193.5 	5.94828211413472E-13 	
193.599975585938 	-0.736400000001595 	193.599975585938 	6.22097191896207E-13 	
193.700012207031 	-0.733599999999569 	193.700012207031 	6.48819052567423E-13 	
193.799987792969 	-0.733599999999569 	193.799987792969 	6.74961185909523E-13 	
193.899963378906 	-0.732100000001083 	193.899963378906 	7.00540067614039E-13 	
194 	-0.718700000001263 	194 	7.255707977007E-13 	
194.099975585938 	-0.720200000003388 	194.099975585938 	7.50022832264581E-13 	
194.200012207031 	-0.71480000000156 	194.200012207031 	7.73926027269739E-13 	
194.299987792969 	-0.713700000000244 	194.299987792969 	7.97251214692984E-13 	
194.399963378906 	-0.713599999999133 	194.399963378906 	8.20013150478646E-13 	
194.5 	-0.709600000001956 	194.5 	8.42225214899249E-13 	
194.599975585938 	-0.706800000003568 	194.599975585938 	8.63860303544276E-13 	
194.700012207031 	-0.700400000001537 	194.700012207031 	8.84944832883376E-13 	
194.799987792969 	-0.696900000002643 	194.799987792969 	9.05453074387767E-13 	
194.899963378906 	-0.699300000000221 	194.899963378906 	9.25398064254574E-13 	
195 	-0.694300000002841 	195 	9.4479146300912E-13 	
195.099975585938 	-0.69090000000142 	195.099975585938 	9.63609605735292E-13 	
195.200012207031 	-0.693900000002031 	195.200012207031 	9.81875469408334E-13 	
195.299987792969 	-0.692300000002433 	195.299987792969 	9.99566764993871E-13 	
195.399963378906 	-0.695700000000215 	195.399963378906 	1.01669480894182E-12 	
195.5 	-0.694200000001729 	195.5 	1.03326954203031E-12 	
195.599975585938 	-0.68840000000273 	195.599975585938 	1.04927073883763E-12 	
195.700012207031 	-0.684800000002724 	195.700012207031 	1.06471793684461E-12 	
195.799987792969 	-0.68500000000131 	195.799987792969 	1.0795922865113E-12 	
195.899963378906 	-0.684799999999086 	195.899963378906 	1.09390338454039E-12 	
196 	-0.684700000001612 	196 	1.10765945196283E-12 	
196.099975585938 	-0.684000000001106 	196.099975585938 	1.12084370285129E-12 	
196.200012207031 	-0.684499999999389 	196.200012207031 	1.13347223519222E-12 	
196.299987792969 	-0.681700000001001 	196.299987792969 	1.14552963894004E-12 	
196.399963378906 	-0.682400000001508 	196.399963378906 	1.15702379105029E-12 	
196.5 	-0.6833000000006 	196.5 	1.16796119280666E-12 	
196.599975585938 	-0.682800000002317 	196.599975585938 	1.17832849777627E-12 	
196.700012207031 	-0.679100000001199 	196.700012207031 	1.18813836445114E-12 	
196.799987792969 	-0.675999999999476 	196.799987792969 	1.19737882228011E-12 	
196.899963378906 	-0.675400000003719 	196.899963378906 	1.2060560284715E-12 	
197 	-0.673399999999674 	197 	1.21417476456182E-12 	
197.099975585938 	-0.674299999998766 	197.099975585938 	1.22172512361257E-12 	
197.200012207031 	-0.673800000000483 	197.200012207031 	1.22871632462138E-12 	
197.299987792969 	-0.673699999999371 	197.299987792969 	1.2351398365315E-12 	
197.399963378906 	-0.67359999999826 	197.399963378906 	1.24100009680404E-12 	
197.5 	-0.668300000001182 	197.5 	1.24630016722829E-12 	
197.599975585938 	-0.663800000002084 	197.599975585938 	1.25103358036019E-12 	
197.700012207031 	-0.661200000002282 	197.700012207031 	1.25520611570295E-12 	
197.799987792969 	-0.659599999999045 	197.799987792969 	1.25881268169421E-12 	
197.899963378906 	-0.66030000000319 	197.899963378906 	1.26185599604789E-12 	
198 	-0.658500000001368 	198 	1.26433740080609E-12 	
198.099975585938 	-0.658300000002782 	198.099975585938 	1.26625386801914E-12 	
198.200012207031 	-0.657600000002276 	198.200012207031 	1.26760773769583E-12 	
198.299987792969 	-0.656100000003789 	198.299987792969 	1.26839735776824E-12 	
198.399963378906 	-0.65650000000096 	198.399963378906 	1.26862372620307E-12 	
198.5 	-0.657900000001973 	198.5 	1.26828646529521E-12 	
198.599975585938 	-0.659200000001874 	198.599975585938 	1.2673859865894E-12 	
198.700012207031 	-0.658300000002782 	198.700012207031 	1.26592119060004E-12 	
198.799987792969 	-0.658500000001368 	198.799987792969 	1.2638938647536E-12 	
198.899963378906 	-0.659600000002683 	198.899963378906 	1.26130328726957E-12 	
199 	-0.658400000000256 	199 	1.25814736069565E-12 	
199.099975585938 	-0.660200000002078 	199.099975585938 	1.25442993607099E-12 	
199.200012207031 	-0.65940000000046 	199.200012207031 	1.25014647441557E-12 	
199.299987792969 	-0.65940000000046 	199.299987792969 	1.24530220265027E-12 	
199.399963378906 	-0.659800000001269 	199.399963378906 	1.23989467924739E-12 	
199.5 	-0.662599999999657 	199.5 	1.23392008700742E-12 	
199.599975585938 	-0.665499999999156 	199.599975585938 	1.2273857164639E-12 	
199.700012207031 	-0.66570000000138 	199.700012207031 	1.22028358914242E-12 	
199.799987792969 	-0.664899999999761 	199.799987792969 	1.21262237145827E-12 	
199.899963378906 	-0.669099999999162 	199.899963378906 	1.20439790213653E-12 	
200 	-0.670200000000477 	200 	1.1956046442305E-12 	
200.099975585938 	-0.671099999999569 	200.099975585938 	1.18625332776813E-12 	
200.200012207031 	-0.671800000000076 	200.200012207031 	1.17633253478059E-12 	
200.299987792969 	-0.669200000003912 	200.299987792969 	1.16585437117759E-12 	
200.399963378906 	-0.669400000002497 	200.399963378906 	1.15481295593699E-12 	
200.5 	-0.66899999999805 	200.5 	1.14320103236491E-12 	
200.599975585938 	-0.669200000000274 	200.599975585938 	1.13103276998368E-12 	
200.700012207031 	-0.669000000001688 	200.700012207031 	1.11829331133009E-12 	
200.799987792969 	-0.667300000000978 	200.799987792969 	1.10499820180823E-12 	
200.899963378906 	-0.662900000002992 	200.899963378906 	1.09113984064878E-12 	
201 	-0.660800000001473 	201 	1.07670925141063E-12 	
201.099975585938 	-0.661599999999453 	201.099975585938 	1.06172404311055E-12 	
201.200012207031 	-0.662400000001071 	201.200012207031 	1.0461659187909E-12 	
201.299987792969 	-0.659600000002683 	201.299987792969 	1.03005386335019E-12 	
201.399963378906 	-0.662600000003295 	201.399963378906 	1.01337855627188E-12 	
201.5 	-0.662700000004406 	201.5 	9.96129301367681E-13 	
201.599975585938 	-0.661800000001676 	201.599975585938 	9.78327147148745E-13 	
201.700012207031 	-0.658899999998539 	201.700012207031 	9.59950357163039E-13 	
201.799987792969 	-0.656000000002678 	201.799987792969 	9.41021355803467E-13 	
201.899963378906 	-0.655500000000757 	201.899963378906 	9.21529102806312E-13 	
202 	-0.658699999999953 	202 	9.01461182236051E-13 	
202.099975585938 	-0.659499999997934 	202.099975585938 	8.8084208209826E-13 	
202.200012207031 	-0.657100000000355 	202.200012207031 	8.59646626446496E-13 	
202.299987792969 	-0.654699999999139 	202.299987792969 	8.3790067916807E-13 	
202.399963378906 	-0.657600000002276 	202.399963378906 	8.15591480252061E-13 	
202.5 	-0.664800000002288 	202.5 	7.92704894015742E-13 	
202.599975585938 	-0.661299999999756 	202.599975585938 	7.69268847959097E-13 	
202.700012207031 	-0.652699999998731 	202.700012207031 	7.45254726641275E-13 	
202.799987792969 	-0.638899999998102 	202.799987792969 	7.20691833443995E-13 	
202.899963378906 	-0.626800000001822 	202.899963378906 	6.95565688609131E-13 	
203 	-0.611199999999371 	203 	6.69860436706754E-13 	
203.099975585938 	-0.612400000001799 	203.099975585938 	6.43607444731255E-13 	
203.200012207031 	-0.613800000002811 	203.200012207031 	6.16774657747375E-13 	
203.299987792969 	-0.618200000000797 	203.299987792969 	5.8939481863124E-13 	
203.399963378906 	-0.623700000000099 	203.399963378906 	5.61451727877522E-13 	
203.5 	-0.629100000001927 	203.5 	5.32927810309088E-13 	
203.599975585938 	-0.626799999998184 	203.599975585938 	5.03857872414734E-13 	
203.700012207031 	-0.636300000001938 	203.700012207031 	4.74206419764797E-13 	
203.799987792969 	-0.638500000000931 	203.799987792969 	4.44009634729808E-13 	
203.899963378906 	-0.640100000004168 	203.899963378906 	4.13249598057235E-13 	
204 	-0.644000000000233 	204 	3.81907014822743E-13 	
204.099975585938 	-0.645199999999022 	204.099975585938 	3.50020131009534E-13 	
204.200012207031 	-0.639100000000326 	204.200012207031 	3.1755001269354E-13 	
204.299987792969 	-0.634200000000419 	204.299987792969 	2.84536281739696E-13 	
204.399963378906 	-0.637000000002445 	204.399963378906 	2.50959299148269E-13 	
204.5 	-0.633099999999104 	204.5 	2.16798050247719E-13 	
204.599975585938 	-0.640999999999622 	204.599975585938 	1.82094220515656E-13 	
204.700012207031 	-0.643700000000536 	204.700012207031 	1.46805436533604E-13 	
204.799987792969 	-0.649600000000646 	204.799987792969 	1.10974759660906E-13 	
204.899963378906 	-0.649900000000343 	204.899963378906 	7.4580831150624E-14 	
205 	-0.64679999999862 	205 	3.76009165840168E-14 	
205.099975585938 	-0.640699999999924 	205.099975585938 	2.53456202756871E-14 	
205.200012207031 	-0.633399999998801 	205.200012207031 	4.54564492560807E-14 	
205.299987792969 	-0.622100000000501 	205.299987792969 	6.54087442780034E-14 	
205.399963378906 	-0.619999999998981 	205.399963378906 	8.52148201573087E-14 	
205.5 	-0.6208000000006 	205.5 	1.0488663458785E-13 	
205.599975585938 	-0.613799999999173 	205.599975585938 	1.24400182915044E-13 	
205.700012207031 	-0.621900000001915 	205.700012207031 	1.43779291205225E-13 	
205.799987792969 	-0.62840000000142 	205.799987792969 	1.63000311980308E-13 	
205.899963378906 	-0.625200000002224 	205.899963378906 	1.82075113612774E-13 	
206 	-0.627500000002328 	206 	2.01015207353102E-13 	
206.099975585938 	-0.629400000001624 	206.099975585938 	2.19797481433457E-13 	
206.200012207031 	-0.618099999999686 	206.200012207031 	2.38444869033425E-13 	
206.299987792969 	-0.609500000002299 	206.299987792969 	2.56934615561669E-13 	
206.399963378906 	-0.606299999999464 	206.399963378906 	2.75278142947296E-13 	
206.5 	-0.602600000001985 	206.5 	2.9348651599741E-13 	
206.599975585938 	-0.613300000000891 	206.599975585938 	3.11537515830926E-13 	
206.700012207031 	-0.620300000002317 	206.700012207031 	3.29453182740681E-13 	
206.799987792969 	-0.637299999998504 	206.799987792969 	3.47211655022086E-13 	
206.899963378906 	-0.654300000001967 	206.899963378906 	3.64823908160873E-13 	
207 	-0.673200000001088 	207 	3.82300560520774E-13 	
207.099975585938 	-0.682200000002922 	207.099975585938 	3.99620286107451E-13 	
207.200012207031 	-0.687799999999697 	207.200012207031 	4.16804232326992E-13 	
207.299987792969 	-0.689000000002125 	207.299987792969 	4.33831430361558E-13 	
207.399963378906 	-0.684900000003836 	207.399963378906 	4.50712409253506E-13 	
207.5 	-0.684399999998277 	207.5 	4.67457340923194E-13 	
207.599975585938 	-0.685100000002421 	207.599975585938 	4.84045792263032E-13 	
207.700012207031 	-0.692200000001321 	207.700012207031 	5.00498017792359E-13 	
207.799987792969 	-0.70260000000053 	207.799987792969 	5.16793941580085E-13 	
207.899963378906 	-0.704600000000937 	207.899963378906 	5.32943646225195E-13 	
208 	-0.702900000000227 	208 	5.48956857204669E-13 	
208.099975585938 	-0.705699999998615 	208.099975585938 	5.64814034297668E-13 	
208.200012207031 	-0.69970000000103 	208.200012207031 	5.80534539136782E-13 	
208.299987792969 	-0.702300000000832 	208.299987792969 	5.96099188677669E-13 	
208.399963378906 	-0.696100000001024 	208.399963378906 	6.11517619075939E-13 	
208.5 	-0.706800000003568 	208.5 	6.26799109365201E-13 	
208.599975585938 	-0.702499999999418 	208.599975585938 	6.41925012211359E-13 	
208.700012207031 	-0.696100000001024 	208.700012207031 	6.56913796360261E-13 	
208.799987792969 	-0.694400000000314 	208.799987792969 	6.71747171654309E-13 	
208.899963378906 	-0.687999999998283 	208.899963378906 	6.8643432780574E-13 	
209 	-0.681499999998778 	209 	7.00984097404787E-13 	
209.099975585938 	-0.676900000002206 	209.099975585938 	7.15378726004107E-13 	
209.200012207031 	-0.67870000000039 	209.200012207031 	7.29635789462795E-13 	
209.299987792969 	-0.681400000001304 	209.299987792969 	7.43737890510004E-13 	
209.399963378906 	-0.67450000000099 	209.399963378906 	7.57693772414596E-13 	
209.5 	-0.674200000001292 	209.5 	7.7151182132343E-13 	
209.599975585938 	-0.673900000001595 	209.599975585938 	7.85175175675911E-13 	
209.700012207031 	-0.676800000001094 	209.700012207031 	7.98700518444385E-13 	
209.799987792969 	-0.678299999999581 	209.799987792969 	8.12071345244755E-13 	
209.899963378906 	-0.67529999999897 	209.899963378906 	8.25295952902508E-13 	
210 	-0.671200000000681 	210 	8.38382281121129E-13 	
210.099975585938 	-0.672400000003108 	210.099975585938 	8.51314361226771E-13 	
210.200012207031 	-0.676100000004226 	210.200012207031 	8.64107983305031E-13 	
210.299987792969 	-0.668900000000576 	210.299987792969 	8.76747535858562E-13 	
210.399963378906 	-0.665300000004208 	210.399963378906 	8.89240869269475E-13 	
210.5 	-0.667700000001787 	210.5 	9.01595476797883E-13 	
210.599975585938 	-0.672100000003411 	210.599975585938 	9.13796282656685E-13 	
210.700012207031 	-0.674400000003516 	210.700012207031 	9.25858184044733E-13 	
210.799987792969 	-0.675300000002608 	210.799987792969 	9.37766462351424E-13 	
210.899963378906 	-0.665800000002491 	210.899963378906 	9.49528521515498E-13 	
211 	-0.665899999999965 	211 	9.61151408353693E-13 	
211.099975585938 	-0.652200000004086 	211.099975585938 	9.72620939965656E-13 	
211.200012207031 	-0.641700000000128 	211.200012207031 	9.83951120663491E-13 	
211.299987792969 	-0.649399999998423 	211.299987792969 	9.95128124723343E-13 	
211.399963378906 	-0.657299999998941 	211.399963378906 	1.00615890964058E-12 	
211.5 	-0.667000000001281 	211.5 	1.01705007578856E-12 	
211.599975585938 	-0.675999999999476 	211.599975585938 	1.02778833315368E-12 	
211.700012207031 	-0.699000000004162 	211.700012207031 	1.0383867931613E-12 	
211.799987792969 	-0.73489999999947 	211.799987792969 	1.04883252297432E-12 	
211.899963378906 	-0.755000000001019 	211.899963378906 	1.05913203364471E-12 	
212 	-0.78780000000188 	212 	1.06929147910248E-12 	
212.099975585938 	-0.782900000001973 	212.099975585938 	1.07929846222077E-12 	
212.200012207031 	-0.768200000002253 	212.200012207031 	1.08916520153817E-12 	
212.299987792969 	-0.734900000003108 	212.299987792969 	1.09887965710435E-12 	
212.399963378906 	-0.722600000000966 	212.399963378906 	1.1084478935279E-12 	
212.5 	-0.701600000003964 	212.5 	1.11787561829546E-12 	
212.599975585938 	-0.679000000003725 	212.599975585938 	1.1271513271669E-12 	
212.700012207031 	-0.644600000003265 	212.700012207031 	1.1362863457941E-12 	
212.799987792969 	-0.598200000000361 	212.799987792969 	1.14526952711343E-12 	
212.899963378906 	-0.573599999999715 	212.899963378906 	1.15410648929015E-12 	
213 	-0.547200000000885 	213 	1.16280249336749E-12 	
213.099975585938 	-0.516900000002352 	213.099975585938 	1.1713469279921E-12 	
213.200012207031 	-0.510399999999208 	213.200012207031 	1.17975022592908E-12 	
213.299987792969 	-0.536499999998341 	213.299987792969 	1.18800213300157E-12 	
213.399963378906 	-0.550100000000384 	213.399963378906 	1.19610782093145E-12 	
213.5 	-0.56170000000202 	213.5 	1.20407210431858E-12 	
213.599975585938 	-0.585000000002765 	213.599975585938 	1.21188526469635E-12 	
213.700012207031 	-0.599600000001374 	213.700012207031 	1.21955684194312E-12 	
213.799987792969 	-0.601700000002893 	213.799987792969 	1.22707747476877E-12 	
213.899963378906 	-0.599500000000262 	213.899963378906 	1.23445188845181E-12 	
214 	-0.60320000000138 	214 	1.24168445114873E-12 	
214.099975585938 	-0.599200000000565 	214.099975585938 	1.24876633727965E-12 	
214.200012207031 	-0.597300000001269 	214.200012207031 	1.25570619383621E-12 	
214.299987792969 	-0.599300000001676 	214.299987792969 	1.26249555241503E-12 	
214.399963378906 	-0.59440000000177 	214.399963378906 	1.26913869185122E-12 	
214.5 	-0.59320000000298 	214.5 	1.27563953385793E-12 	
214.599975585938 	-0.592200000002777 	214.599975585938 	1.28199014574201E-12 	
214.700012207031 	-0.596700000001874 	214.700012207031 	1.28819828160836E-12 	
214.799987792969 	-0.592800000002171 	214.799987792969 	1.29425636594033E-12 	
214.899963378906 	-0.589799999997922 	214.899963378906 	1.30016823112969E-12 	
215 	-0.586699999999837 	215 	1.30593735244618E-12 	
215.099975585938 	-0.580000000001746 	215.099975585938 	1.31155669008343E-12 	
215.200012207031 	-0.577799999999115 	215.200012207031 	1.31703310525956E-12 	
215.299987792969 	-0.575700000001234 	215.299987792969 	1.3223599153447E-12 	
215.399963378906 	-0.578499999999622 	215.399963378906 	1.32754050628722E-12 	
215.5 	-0.582200000000739 	215.5 	1.33257790691349E-12 	
215.599975585938 	-0.582500000004075 	215.599975585938 	1.3374659703039E-12 	
215.700012207031 	-0.584100000000035 	215.700012207031 	1.34221066478982E-12 	
215.799987792969 	-0.586800000000949 	215.799987792969 	1.34680620062812E-12 	
215.899963378906 	-0.58640000000014 	215.899963378906 	1.3512555173238E-12 	
216 	-0.588299999999435 	216 	1.35556119725986E-12 	
216.099975585938 	-0.587600000002567 	216.099975585938 	1.35971798640343E-12 	
216.200012207031 	-0.588499999998021 	216.200012207031 	1.36373096019913E-12 	
216.299987792969 	-0.586700000003475 	216.299987792969 	1.36759522179059E-12 	
216.399963378906 	-0.590700000000652 	216.399963378906 	1.37131326423944E-12 	
216.5 	-0.587100000000646 	216.5 	1.37488722348529E-12 	
216.599975585938 	-0.590199999998731 	216.599975585938 	1.37831273838202E-12 	
216.700012207031 	-0.593500000002678 	216.700012207031 	1.38159399148751E-12 	
216.799987792969 	-0.592500000002474 	216.799987792969 	1.38472697883213E-12 	
216.899963378906 	-0.592100000001665 	216.899963378906 	1.38771374703413E-12 	
217 	-0.58980000000156 	217 	1.39055598558977E-12 	
217.099975585938 	-0.588400000000547 	217.099975585938 	1.39325022623966E-12 	
217.200012207031 	-0.590100000001257 	217.200012207031 	1.39579975865493E-12 	
217.299987792969 	-0.589400000000751 	217.299987792969 	1.39820147175271E-12 	
217.399963378906 	-0.589900000002672 	217.399963378906 	1.40045696570788E-12 	
217.5 	-0.589100000001054 	217.5 	1.4025674835733E-12 	
217.599975585938 	-0.58640000000014 	217.599975585938 	1.40453044997635E-12 	
217.700012207031 	-0.582800000000134 	217.700012207031 	1.40634826170142E-12 	
217.799987792969 	-0.583700000002864 	217.799987792969 	1.40801870055236E-12 	
217.899963378906 	-0.58560000000216 	217.899963378906 	1.40954292026068E-12 	
218 	-0.582099999999627 	218 	1.41092171743589E-12 	
218.099975585938 	-0.583899999997811 	218.099975585938 	1.41215340959211E-12 	
218.200012207031 	-0.588599999999133 	218.200012207031 	1.41323950062695E-12 	
218.299987792969 	-0.590800000001764 	218.299987792969 	1.41417866523106E-12 	
218.399963378906 	-0.589900000002672 	218.399963378906 	1.41497161069254E-12 	
218.5 	-0.587200000001758 	218.5 	1.41561868717754E-12 	
218.599975585938 	-0.58810000000085 	218.599975585938 	1.41611910508691E-12 	
218.700012207031 	-0.584000000002561 	218.700012207031 	1.41647347543155E-12 	
218.799987792969 	-0.58810000000085 	218.799987792969 	1.41668136578881E-12 	
218.899963378906 	-0.586800000000949 	218.899963378906 	1.41674303700346E-12 	
219 	-0.589599999999336 	219 	1.41665839279824E-12 	
219.099975585938 	-0.591900000003079 	219.099975585938 	1.41642753646078E-12 	
219.200012207031 	-0.592700000001059 	219.200012207031 	1.4160501861152E-12 	
219.299987792969 	-0.592700000001059 	219.299987792969 	1.41552680222562E-12 	
219.399963378906 	-0.593600000003789 	219.399963378906 	1.41485719919343E-12 	
219.5 	-0.596400000002177 	219.5 	1.414040834298E-12 	
219.599975585938 	-0.600399999999354 	219.599975585938 	1.4130787037137E-12 	
219.700012207031 	-0.600999999998749 	219.700012207031 	1.4119696326779E-12 	
219.799987792969 	-0.603000000002794 	219.799987792969 	1.41071497454149E-12 	
219.899963378906 	-0.602600000001985 	219.899963378906 	1.40931409726246E-12 	
220 	-0.602100000000064 	220 	1.40776601167681E-12 	
220.099975585938 	-0.601800000000367 	220.099975585938 	1.40607260684567E-12 	
220.200012207031 	-0.601800000000367 	220.200012207031 	1.40423181511967E-12 	
220.299987792969 	-0.601999999998952 	220.299987792969 	1.40224588273641E-12 	
220.399963378906 	-0.599600000001374 	220.399963378906 	1.40011373121054E-12 	
220.5 	-0.600700000002689 	220.5 	1.39783392493468E-12 	
220.599975585938 	-0.601500000000669 	220.599975585938 	1.3954092458567E-12 	
220.700012207031 	-0.603500000001077 	220.700012207031 	1.39283673344048E-12 	
220.799987792969 	-0.60229999999865 	220.799987792969 	1.39011952681039E-12 	
220.899963378906 	-0.602100000000064 	220.899963378906 	1.38725610103768E-12 	
221 	-0.59780000000319 	221 	1.38424457407161E-12 	
221.099975585938 	-0.59690000000046 	221.099975585938 	1.38108862074679E-12 	
221.200012207031 	-0.596399999998539 	221.200012207031 	1.37778438764036E-12 	
221.299987792969 	-0.597400000002381 	221.299987792969 	1.37433590676342E-12 	
221.399963378906 	-0.600600000001577 	221.399963378906 	1.37074120674388E-12 	
221.5 	-0.60109999999986 	221.5 	1.36699795908759E-12 	
221.599975585938 	-0.602100000003702 	221.599975585938 	1.36311073151593E-12 	
221.700012207031 	-0.600400000002992 	221.700012207031 	1.35907477771928E-12 	
221.799987792969 	-0.602300000002288 	221.799987792969 	1.35489502259551E-12 	
221.899963378906 	-0.599300000001676 	221.899963378906 	1.35056904832913E-12 	
222 	-0.600000000002183 	222 	1.34609407998263E-12 	
222.099975585938 	-0.602200000001176 	222.099975585938 	1.34147557816413E-12 	
222.200012207031 	-0.601500000000669 	222.200012207031 	1.33670790367727E-12 	
222.299987792969 	-0.599099999999453 	222.299987792969 	1.33179687430666E-12 	
222.399963378906 	-0.601600000001781 	222.399963378906 	1.32673962579343E-12 	
222.5 	-0.599900000001071 	222.5 	1.32153293675672E-12 	
222.599975585938 	-0.595900000003894 	222.599975585938 	1.31618316069138E-12 	
222.700012207031 	-0.598400000002584 	222.700012207031 	1.31068376551431E-12 	
222.799987792969 	-0.601300000002084 	222.799987792969 	1.30504146189686E-12 	
222.899963378906 	-0.602500000000873 	222.899963378906 	1.29925293913679E-12 	
223 	-0.603900000001886 	223 	1.29331452940987E-12 	
223.099975585938 	-0.604400000000169 	223.099975585938 	1.28723347909769E-12 	
223.200012207031 	-0.605300000002899 	223.200012207031 	1.28100236323041E-12 	
223.299987792969 	-0.607100000001083 	223.299987792969 	1.27462878536612E-12 	
223.399963378906 	-0.607800000001589 	223.399963378906 	1.26810898835921E-12 	
223.5 	-0.606700000000274 	223.5 	1.26143885794207E-12 	
223.599975585938 	-0.611799999998766 	223.599975585938 	1.25462653338306E-12 	
223.700012207031 	-0.610900000003312 	223.700012207031 	1.24766369682556E-12 	
223.799987792969 	-0.612400000001799 	223.799987792969 	1.24055884471443E-12 	
223.899963378906 	-0.613300000000891 	223.899963378906 	1.23330777346069E-12 	
224 	-0.614799999999377 	224 	1.22590592235333E-12 	
224.099975585938 	-0.614199999999983 	224.099975585938 	1.21836232354748E-12 	
224.200012207031 	-0.619100000003527 	224.200012207031 	1.21066776629977E-12 	
224.299987792969 	-0.622400000000198 	224.299987792969 	1.2028316399418E-12 	
224.399963378906 	-0.623199999998178 	224.399963378906 	1.19484929444122E-12 	
224.5 	-0.622800000001007 	224.5 	1.18671572264365E-12 	
224.599975585938 	-0.622600000002421 	224.599975585938 	1.17844084959096E-12 	
224.700012207031 	-0.621200000001409 	224.700012207031 	1.17001457165303E-12 	
224.799987792969 	-0.620100000000093 	224.799987792969 	1.16144717104822E-12 	
224.899963378906 	-0.618500000000495 	224.899963378906 	1.1527335513008E-12 	
225 	-0.614900000000489 	225 	1.14386825881302E-12 	
225.099975585938 	-0.622400000003836 	225.099975585938 	1.13486211151349E-12 	
225.200012207031 	-0.626000000000204 	225.200012207031 	1.12570411288535E-12 	
225.299987792969 	-0.62590000000273 	225.299987792969 	1.1164054380337E-12 	
225.399963378906 	-0.625500000001921 	225.399963378906 	1.10696054403944E-12 	
225.5 	-0.624300000003132 	225.5 	1.09736353086145E-12 	
225.599975585938 	-0.625800000001618 	225.599975585938 	1.08762610931508E-12 	
225.700012207031 	-0.624700000000303 	225.700012207031 	1.07773638999672E-12 	
225.799987792969 	-0.626200000002427 	225.799987792969 	1.06770644089824E-12 	
225.899963378906 	-0.627000000000407 	225.899963378906 	1.05753027265714E-12 	
226 	-0.624499999998079 	226 	1.04720153878893E-12 	
226.099975585938 	-0.625 	226.099975585938 	1.03673284299572E-12 	
226.200012207031 	-0.628000000004249 	226.200012207031 	1.02611140298716E-12 	
226.299987792969 	-0.628499999998894 	226.299987792969 	1.01535017964183E-12 	
226.399963378906 	-0.633400000002439 	226.399963378906 	1.00444273715389E-12 	
226.5 	-0.633499999999913 	226.5 	9.93382282595473E-13 	
226.599975585938 	-0.629700000001321 	226.599975585938 	9.82182312555421E-13 	
226.700012207031 	-0.629700000001321 	226.700012207031 	9.70829151856642E-13 	
226.799987792969 	-0.629100000001927 	226.799987792969 	9.5933665426448E-13 	
226.899963378906 	-0.624900000002526 	226.899963378906 	9.476979375297E-13 	
227 	-0.627300000000105 	227 	9.35905762281068E-13 	
227.099975585938 	-0.628300000000309 	227.099975585938 	9.23974517994177E-13 	
227.200012207031 	-0.624799999997776 	227.200012207031 	9.11889636605185E-13 	
227.299987792969 	-0.625199999998586 	227.299987792969 	8.99665864766183E-13 	
227.399963378906 	-0.624899999998888 	227.399963378906 	8.87295873784564E-13 	
227.5 	-0.621500000001106 	227.5 	8.74771977845719E-13 	
227.599975585938 	-0.618500000000495 	227.599975585938 	8.62109459311988E-13 	
227.700012207031 	-0.621700000003329 	227.700012207031 	8.49292857232783E-13 	
227.799987792969 	-0.619200000001001 	227.799987792969 	8.36337811146942E-13 	
227.899963378906 	-0.617700000002515 	227.899963378906 	8.23236545918484E-13 	
228 	-0.618299999998271 	228 	8.09980929289425E-13 	
228.099975585938 	-0.612700000001496 	228.099975585938 	7.96587136508856E-13 	
228.200012207031 	-0.613000000001193 	228.200012207031 	7.83038813739437E-13 	
228.299987792969 	-0.611300000000483 	228.299987792969 	7.69352493406757E-13 	
228.399963378906 	-0.611300000004121 	228.399963378906 	7.55519953931459E-13 	
228.5 	-0.608200000002398 	228.5 	7.41532616612187E-13 	
228.599975585938 	-0.608900000002905 	228.599975585938 	7.27407549584779E-13 	
228.700012207031 	-0.610899999999674 	228.700012207031 	7.13127506125147E-13 	
228.799987792969 	-0.613200000003417 	228.799987792969 	6.98709911545628E-13 	
228.899963378906 	-0.614399999998568 	228.899963378906 	6.84146097823491E-13 	
229 	-0.608800000001793 	229 	6.69427039814005E-13 	
229.099975585938 	-0.609400000001187 	229.099975585938 	6.54570698539758E-13 	
229.200012207031 	-0.610899999999674 	229.200012207031 	6.39558934389913E-13 	
229.299987792969 	-0.611400000001595 	229.299987792969 	6.24410065563554E-13 	
229.399963378906 	-0.6108000000022 	229.399963378906 	6.09114977594578E-13 	
229.5 	-0.607299999999668 	229.5 	5.93664198894879E-13 	
229.599975585938 	-0.600900000001275 	229.599975585938 	5.78076583373793E-13 	
229.700012207031 	-0.599799999999959 	229.700012207031 	5.62333098533734E-13 	
229.799987792969 	-0.604800000000978 	229.799987792969 	5.46452955460536E-13 	
229.899963378906 	-0.604500000001281 	229.899963378906 	5.30426593244721E-13 	
230 	-0.606000000003405 	230 	5.14244093854809E-13 	
230.099975585938 	-0.61160000000018 	230.099975585938 	4.97925204086883E-13 	
230.200012207031 	-0.611900000003516 	230.200012207031 	4.81449998556611E-13 	
230.299987792969 	-0.613199999999779 	230.299987792969 	4.64838581236574E-13 	
230.399963378906 	-0.614400000002206 	230.399963378906 	4.4808094477392E-13 	
230.5 	-0.61200000000099 	230.5 	4.31166724693795E-13 	
230.599975585938 	-0.607100000001083 	230.599975585938 	4.14116560679029E-13 	
230.700012207031 	-0.600999999998749 	230.700012207031 	3.96909634458544E-13 	
230.799987792969 	-0.605400000004011 	230.799987792969 	3.79566942891668E-13 	
230.899963378906 	-0.609400000001187 	230.899963378906 	3.62078032182175E-13 	
231 	-0.607100000001083 	231 	3.44432091411836E-13 	
231.099975585938 	-0.605800000001182 	231.099975585938 	3.26650653150231E-13 	
231.200012207031 	-0.608900000002905 	231.200012207031 	3.08712006239533E-13 	
231.299987792969 	-0.609700000000885 	231.299987792969 	2.90638040425818E-13 	
231.399963378906 	-0.614900000000489 	231.399963378906 	2.72417855469485E-13 	
231.5 	-0.6137000000017 	231.5 	2.54040194008933E-13 	
231.599975585938 	-0.615700000002107 	231.599975585938 	2.35527481500489E-13 	
231.700012207031 	-0.623599999998987 	231.700012207031 	2.16857113899577E-13 	
231.799987792969 	-0.630400000001828 	231.799987792969 	1.98051873839023E-13 	
231.899963378906 	-0.63640000000305 	231.899963378906 	1.79100414635851E-13 	
232 	-0.645700000000943 	232 	1.59991032485086E-13 	
232.099975585938 	-0.639800000000832 	232.099975585938 	1.40747045729803E-13 	
232.200012207031 	-0.639400000000023 	232.200012207031 	1.21344957438678E-13 	
232.299987792969 	-0.638800000000629 	232.299987792969 	1.01808443131284E-13 	
232.399963378906 	-0.631199999999808 	232.399963378906 	8.2125709681273E-14 	
232.5 	-0.631400000002031 	232.5 	6.22846068402943E-14 	
232.599975585938 	-0.631199999999808 	232.599975585938 	4.23093458381724E-14 	
232.700012207031 	-0.571500000001834 	232.700012207031 	2.21755368568338E-14 	
232.799987792969 	-0.539300000004005 	232.799987792969 	1.09082476827815E-14 	
232.899963378906 	-0.539100000001781 	232.899963378906 	1.66180111314429E-14 	
233 	-0.539300000004005 	233 	2.23047861857597E-14 	
233.099975585938 	-0.539300000004005 	233.099975585938 	2.79616335229075E-14 	
233.200012207031 	 	233.200012207031 	3.35954601603923E-14 	
233.299987792969 	 	233.299987792969 	3.91993913860264E-14 	
233.399963378906 	 	233.399963378906 	4.47768726297688E-14 	
233.5 	 	233.5 	5.03312847207997E-14 	
233.599975585938 	 	233.599975585938 	5.58558498530289E-14 	
233.700012207031 	 	233.700012207031 	6.13573135272278E-14 	
233.799987792969 	 	233.799987792969 	6.68289625479429E-14 	
233.899963378906 	 	233.899963378906 	7.22741615867663E-14 	
234 	 	234 	7.22741615867663E-14 	
234.099975585938 	 	234.099975585938 	3.82569863823955 	
234.200012207031 	 	234.200012207031 	4.15815444979223 	
234.299987792969 	 	234.299987792969 	4.18699386635222 	
234.399963378906 	 	234.399963378906 	4.18949968510861 	
234.5 	 	234.5 	4.18971744719167 	
234.599975585938 	 	234.599975585938 	4.18973633381698 	
234.700012207031 	 	234.700012207031 	4.18973794278822 	
234.799987792969 	 	234.799987792969 	4.18973815332854 	
234.899963378906 	 	234.899963378906 	4.18973816278587 	
235 	 	235 	4.18973816505815 	
235.099975585938 	 	235.099975585938 	4.18973818047032 	
235.200012207031 	 	235.200012207031 	4.1897382076556 	
235.299987792969 	 	235.299987792969 	4.18973819469702 	
235.399963378906 	 	235.399963378906 	4.18973816860129 	
235.5 	 	235.5 	4.1897381638767 	
235.599975585938 	 	235.599975585938 	4.18973816862859 	
235.700012207031 	5.55209999999715 	235.700012207031 	4.1897381752415 	
235.799987792969 	5.36260000000038 	235.799987792969 	4.18973817453389 	
235.899963378906 	5.3106000000007 	235.899963378906 	4.18973817005486 	
236 	5.13950000000114 	236 	4.18973816742869 	
236.099975585938 	4.91259999999966 	236.099975585938 	4.18973816628879 	
236.200012207031 	4.8804999999993 	236.200012207031 	4.18973816371278 	
236.299987792969 	4.85189999999784 	236.299987792969 	4.18973815871325 	
236.399963378906 	4.85189999999784 	236.399963378906 	4.1897381544895 	
236.5 	4.74219999999696 	236.5 	4.18973815312596 	
236.599975585938 	4.64489999999932 	236.599975585938 	4.18973815670933 	
236.700012207031 	4.55449999999837 	236.700012207031 	4.1897381615108 	
236.799987792969 	4.56029999999737 	236.799987792969 	4.18973815906879 	
236.899963378906 	4.51789999999892 	236.899963378906 	4.18973815761167 	
237 	4.52599999999802 	237 	4.18973815770284 	
237.099975585938 	4.56219999999666 	237.099975585938 	4.18973815990525 	
237.200012207031 	4.57979999999952 	237.200012207031 	4.18973816470771 	
237.299987792969 	4.57370000000083 	237.299987792969 	4.18973816533056 	
237.399963378906 	4.59789999999703 	237.399963378906 	4.18973816592776 	
237.5 	4.60949999999866 	237.5 	4.18973816646135 	
237.599975585938 	4.61059999999998 	237.599975585938 	4.18973816689241 	
237.700012207031 	4.61189999999624 	237.700012207031 	4.18973816718316 	
237.799987792969 	4.62319999999818 	237.799987792969 	4.18973816745019 	
237.899963378906 	4.60120000000097 	237.899963378906 	4.1897381676835 	
238 	4.58330000000205 	238 	4.18973816780561 	
238.099975585938 	4.5692999999992 	238.099975585938 	4.18973816779862 	
238.200012207031 	4.56899999999951 	238.200012207031 	4.18973816764479 	
238.299987792969 	4.54759999999806 	238.299987792969 	4.18973816755344 	
238.399963378906 	4.53809999999794 	238.399963378906 	4.18973816786577 	
238.5 	4.53319999999803 	238.5 	4.18973816812985 	
238.599975585938 	4.52400000000125 	238.599975585938 	4.18973816834535 	
238.700012207031 	4.505799999999 	238.700012207031 	4.18973816851253 	
238.799987792969 	4.49619999999777 	238.799987792969 	4.1897381686312 	
238.899963378906 	4.48119999999835 	238.899963378906 	4.18973816870146 	
239 	4.48779999999897 	239 	4.18973816872331 	
239.099975585938 	4.47520000000077 	239.099975585938 	4.18973816869673 	
239.200012207031 	4.46599999999671 	239.200012207031 	4.18973816862169 	
239.299987792969 	4.4535999999971 	239.299987792969 	4.18973816849828 	
239.399963378906 	4.44189999999799 	239.399963378906 	4.18973816832647 	
239.5 	4.4327000000012 	239.5 	4.1897381681061 	
239.599975585938 	4.43179999999847 	239.599975585938 	4.18973816783745 	
239.700012207031 	4.42879999999786 	239.700012207031 	4.18973816752018 	
239.799987792969 	4.41849999999613 	239.799987792969 	4.18973816744208 	
239.899963378906 	4.41240000000107 	239.899963378906 	4.1897381674365 	
240 	4.40619999999763 	240 	4.18973816743027 	
240.099975585938 	4.39579999999842 	240.099975585938 	4.18973816742338 	
240.200012207031 	4.3907999999974 	240.200012207031 	4.18973816741583 	
240.299987792969 	4.38669999999911 	240.299987792969 	4.18973816740763 	
240.399963378906 	4.37909999999829 	240.399963378906 	4.18973816739877 	
240.5 	4.37099999999919 	240.5 	4.18973816738925 	
240.599975585938 	4.3611000000019 	240.599975585938 	4.18973816737908 	
240.700012207031 	4.35930000000008 	240.700012207031 	4.18973816736824 	
240.799987792969 	4.35930000000008 	240.799987792969 	4.18973816735675 	
240.899963378906 	4.35420000000158 	240.899963378906 	4.1897381673446 	
241 	4.34960000000137 	241 	4.18973816733179 	
241.099975585938 	4.34310000000187 	241.099975585938 	4.18973816731833 	
241.200012207031 	4.3324999999968 	241.200012207031 	4.18973816730712 	
241.299987792969 	4.32819999999992 	241.299987792969 	4.1897381673042 	
241.399963378906 	4.32319999999891 	241.399963378906 	4.1897381673015 	
241.5 	4.32170000000042 	241.5 	4.18973816729902 	
241.599975585938 	4.31910000000062 	241.599975585938 	4.18973816729677 	
241.700012207031 	4.3143999999993 	241.700012207031 	4.18973816729473 	
241.799987792969 	4.3086000000003 	241.799987792969 	4.18973816729291 	
241.899963378906 	4.30489999999918 	241.899963378906 	4.18973816729132 	
242 	4.30329999999958 	242 	4.18973816728995 	
242.099975585938 	4.29139999999825 	242.099975585938 	4.1897381672888 	
242.200012207031 	4.28869999999733 	242.200012207031 	4.18973816728787 	
242.299987792969 	4.28519999999844 	242.299987792969 	4.18973816728716 	
242.399963378906 	4.27920000000086 	242.399963378906 	4.18973816728667 	
242.5 	4.27109999999811 	242.5 	4.18973816728641 	
242.599975585938 	4.26810000000114 	242.599975585938 	4.18973816728636 	
242.700012207031 	4.26529999999912 	242.700012207031 	4.18973816728654 	
242.799987792969 	4.26849999999831 	242.799987792969 	4.18973816728693 	
242.899963378906 	4.27010000000155 	242.899963378906 	4.18973816728755 	
243 	4.26640000000043 	243 	4.18973816728839 	
243.099975585938 	4.26719999999841 	243.099975585938 	4.18973816728945 	
243.200012207031 	4.2664999999979 	243.200012207031 	4.18973816729073 	
243.299987792969 	4.26180000000022 	243.299987792969 	4.18973816729223 	
243.399963378906 	4.2560999999987 	243.399963378906 	4.18973816729396 	
243.5 	4.2518999999993 	243.5 	4.1897381672959 	
243.599975585938 	4.25360000000001 	243.599975585938 	4.18973816729807 	
243.700012207031 	4.24889999999868 	243.700012207031 	4.18973816730045 	
243.799987792969 	4.24319999999716 	243.799987792969 	4.18973816730102 	
243.899963378906 	4.23989999999685 	243.899963378906 	4.18973816730103 	
244 	4.23439999999755 	244 	4.18973816730103 	
244.099975585938 	4.22990000000209 	244.099975585938 	4.18973816730103 	
244.200012207031 	4.22560000000158 	244.200012207031 	4.18973816730104 	
244.299987792969 	4.22509999999966 	244.299987792969 	4.18973816730104 	
244.399963378906 	4.22209999999905 	244.399963378906 	4.18973816730105 	
244.5 	4.22060000000056 	244.5 	4.18973816730105 	
244.599975585938 	4.21719999999914 	244.599975585938 	4.18973816730105 	
244.700012207031 	4.22009999999864 	244.700012207031 	4.18973816730106 	
244.799987792969 	4.22049999999945 	244.799987792969 	4.18973816730106 	
244.899963378906 	4.22060000000056 	244.899963378906 	4.18973816730107 	
245 	4.21659999999611 	245 	4.18973816730107 	
245.099975585938 	4.21059999999852 	245.099975585938 	4.18973816730108 	
245.200012207031 	4.21570000000065 	245.200012207031 	4.18973816730108 	
245.299987792969 	4.20959999999832 	245.299987792969 	4.18973816730108 	
245.399963378906 	4.20669999999882 	245.399963378906 	4.18973816730109 	
245.5 	4.204899999997 	245.5 	4.18973816730109 	
245.599975585938 	4.20509999999922 	245.599975585938 	4.1897381673011 	
245.700012207031 	4.20330000000104 	245.700012207031 	4.1897381673011 	
245.799987792969 	4.20919999999751 	245.799987792969 	4.1897381673011 	
245.899963378906 	4.21119999999792 	245.899963378906 	4.18973816730111 	
246 	4.2029999999977 	246 	4.18973816730111 	
246.099975585938 	4.19599999999627 	246.099975585938 	4.18973816730112 	
246.200012207031 	4.19609999999739 	246.200012207031 	4.18973816730112 	
246.299987792969 	4.19520000000193 	246.299987792969 	4.18973816730112 	
246.399963378906 	4.19570000000022 	246.399963378906 	4.18973816730113 	
246.5 	4.1851999999999 	246.5 	4.18973816730113 	
246.599975585938 	4.18130000000019 	246.599975585938 	4.18973816730114 	
246.700012207031 	4.18439999999828 	246.700012207031 	4.18973816730114 	
246.799987792969 	4.18149999999878 	246.799987792969 	4.18973816730114 	
246.899963378906 	4.18059999999969 	246.899963378906 	4.18973816730115 	
247 	4.17489999999816 	247 	4.18973816730115 	
247.099975585938 	4.17949999999837 	247.099975585938 	4.18973816730116 	
247.200012207031 	4.17719999999827 	247.200012207031 	4.18973816730116 	
247.299987792969 	4.17540000000008 	247.299987792969 	4.18973816730117 	
247.399963378906 	4.17419999999765 	247.399963378906 	4.18973816730117 	
247.5 	4.17420000000129 	247.5 	4.18973816730117 	
247.599975585938 	4.17290000000139 	247.599975585938 	4.18973816730118 	
247.700012207031 	4.17049999999654 	247.700012207031 	4.18973816730118 	
247.799987792969 	4.16500000000087 	247.799987792969 	4.18973816730119 	
247.899963378906 	4.16049999999814 	247.899963378906 	4.18973816730119 	
248 	4.15979999999763 	248 	4.18973816730119 	
248.099975585938 	4.15579999999682 	248.099975585938 	4.1897381673012 	
248.200012207031 	4.15030000000115 	248.200012207031 	4.1897381673012 	
248.299987792969 	4.14639999999781 	248.299987792969 	4.18973816730121 	
248.399963378906 	4.13909999999669 	248.399963378906 	4.18973816730121 	
248.5 	4.13879999999699 	248.5 	4.18973816730121 	
248.599975585938 	4.13869999999952 	248.599975585938 	4.18973816730122 	
248.700012207031 	4.13459999999759 	248.700012207031 	4.18973816730122 	
248.799987792969 	4.1375999999982 	248.799987792969 	4.18973816730123 	
248.899963378906 	4.13269999999829 	248.899963378906 	4.18973816730123 	
249 	4.12749999999869 	249 	4.18973816730123 	
249.099975585938 	4.1294999999991 	249.099975585938 	4.18973816730124 	
249.200012207031 	4.13450000000012 	249.200012207031 	4.18973816730124 	
249.299987792969 	4.12899999999718 	249.299987792969 	4.18973816730125 	
249.399963378906 	4.12439999999697 	249.399963378906 	4.18973816730125 	
249.5 	4.12510000000111 	249.5 	4.18973816730125 	
249.599975585938 	4.12229999999909 	249.599975585938 	4.18973816730126 	
249.700012207031 	4.11939999999595 	249.700012207031 	4.18973816730126 	
249.799987792969 	4.12199999999939 	249.799987792969 	4.18973816730127 	
249.899963378906 	4.12489999999889 	249.899963378906 	4.18973816730127 	
250 	4.12249999999767 	250 	4.18973816730128 	
250.099975585938 	4.12169999999969 	250.099975585938 	4.18973816730128 	
250.200012207031 	4.12480000000141 	250.200012207031 	4.18973816730128 	
250.299987792969 	4.12249999999767 	250.299987792969 	4.18973816730129 	
250.399963378906 	4.11759999999776 	250.399963378906 	4.18973816730129 	
250.5 	4.11489999999685 	250.5 	4.1897381673013 	
250.599975585938 	4.11339999999836 	250.599975585938 	4.1897381673013 	
250.700012207031 	4.11390000000029 	250.700012207031 	4.1897381673013 	
250.799987792969 	4.11229999999705 	250.799987792969 	4.18973816730131 	
250.899963378906 	4.11330000000089 	250.899963378906 	4.18973816730131 	
251 	4.11579999999958 	251 	4.18973816730132 	
251.099975585938 	4.11369999999806 	251.099975585938 	4.18973816730132 	
251.200012207031 	4.11109999999826 	251.200012207031 	4.18973816730132 	
251.299987792969 	4.11409999999887 	251.299987792969 	4.18973816730133 	
251.399963378906 	4.11489999999685 	251.399963378906 	4.18973816730133 	
251.5 	4.11469999999827 	251.5 	4.18973816730134 	
251.599975585938 	4.11229999999705 	251.599975585938 	4.18973816730134 	
251.700012207031 	4.11119999999937 	251.700012207031 	4.18973816730134 	
251.799987792969 	4.11230000000069 	251.799987792969 	4.18973816730135 	
251.899963378906 	4.10789999999906 	251.899963378906 	4.18973816730135 	
252 	4.1111000000019 	252 	4.18973816730136 	
252.099975585938 	4.11079999999856 	252.099975585938 	4.18973816730136 	
252.200012207031 	4.11569999999847 	252.200012207031 	4.18973816730136 	
252.299987792969 	4.10610000000088 	252.299987792969 	4.18973816730137 	
252.399963378906 	4.10159999999814 	252.399963378906 	4.18973816730137 	
252.5 	4.09589999999662 	252.5 	4.18973816730138 	
252.599975585938 	4.08859999999913 	252.599975585938 	4.18973816730138 	
252.700012207031 	4.08849999999802 	252.700012207031 	4.18973816730139 	
252.799987792969 	4.09259999999995 	252.799987792969 	4.18973816730139 	
252.899963378906 	4.08559999999852 	252.899963378906 	4.18973816730139 	
253 	4.08309999999983 	253 	4.1897381673014 	
253.099975585938 	4.07359999999971 	253.099975585938 	4.1897381673014 	
253.200012207031 	4.06970000000001 	253.200012207031 	4.18973816730141 	
253.299987792969 	4.06479999999647 	253.299987792969 	4.18973816730141 	
253.399963378906 	4.0622000000003 	253.399963378906 	4.18973816730141 	
253.5 	4.05400000000009 	253.5 	4.18973816730142 	
253.599975585938 	4.05219999999827 	253.599975585938 	4.18973816730142 	
253.700012207031 	4.05529999999635 	253.700012207031 	4.18973816730143 	
253.799987792969 	4.05549999999857 	253.799987792969 	4.18973816730143 	
253.899963378906 	4.05609999999797 	253.899963378906 	4.18973816730144 	
254 	4.04650000000038 	254 	4.18973816730144 	
254.099975585938 	4.04159999999683 	254.099975585938 	4.18973816730144 	
254.200012207031 	4.03569999999672 	254.200012207031 	4.18973816730145 	
254.299987792969 	4.03769999999713 	254.299987792969 	4.18973816730145 	
254.399963378906 	4.03750000000218 	254.399963378906 	4.18973816730146 	
254.5 	4.03340000000026 	254.5 	4.18973816730146 	
254.599975585938 	4.02649999999994 	254.599975585938 	4.18973816730146 	
254.700012207031 	4.02569999999832 	254.700012207031 	4.18973816730147 	
254.799987792969 	4.02390000000014 	254.799987792969 	4.18973816730147 	
254.899963378906 	4.01929999999629 	254.899963378906 	4.18973816730148 	
255 	4.01770000000033 	255 	4.18973816730148 	
255.099975585938 	4.01699999999983 	255.099975585938 	4.18973816730148 	
255.200012207031 	4.01369999999588 	255.200012207031 	4.18973816730149 	
255.299987792969 	4.01759999999558 	255.299987792969 	4.18973816730149 	
255.399963378906 	4.0154999999977 	255.399963378906 	4.1897381673015 	
255.5 	4.01659999999902 	255.5 	4.1897381673015 	
255.599975585938 	4.01459999999861 	255.599975585938 	4.1897381673015 	
255.700012207031 	4.01509999999689 	255.700012207031 	4.18973816730151 	
255.799987792969 	4.0160999999971 	255.799987792969 	4.18973816730151 	
255.899963378906 	4.01339999999982 	255.899963378906 	4.18973816730152 	
256 	4.01269999999931 	256 	4.18973816730152 	
256.099975585938 	4.005799999999 	256.099975585938 	4.18973816730152 	
256.200012207031 	4.00360000000001 	256.200012207031 	4.18973816730153 	
256.299987792969 	4.00169999999707 	256.299987792969 	4.18973816730153 	
256.399963378906 	4.0028999999995 	256.399963378906 	4.18973816730154 	
256.5 	4.00170000000071 	256.5 	4.18973816730154 	
256.599975585938 	4.00439999999799 	256.599975585938 	4.18973816730155 	
256.700012207031 	4.0054999999993 	256.700012207031 	4.18973816730155 	
256.799987792969 	4.00630000000092 	256.799987792969 	4.18973816730155 	
256.899963378906 	4.01079999999638 	256.899963378906 	4.18973816730156 	
257 	4.00800000000163 	257 	4.18973816730156 	
257.099975585938 	4.0089999999982 	257.099975585938 	4.18973816730157 	
257.200012207031 	4.01410000000033 	257.200012207031 	4.18973816730157 	
257.299987792969 	4.01279999999679 	257.299987792969 	4.18973816730157 	
257.399963378906 	4.00770000000193 	257.399963378906 	4.18973816730158 	
257.5 	4.0080999999991 	257.5 	4.18973816730158 	
257.599975585938 	4.00929999999789 	257.599975585938 	4.18973816730159 	
257.700012207031 	4.01059999999779 	257.700012207031 	4.18973816730159 	
257.799987792969 	4.00860000000102 	257.799987792969 	4.18973816730159 	
257.899963378906 	4.00699999999779 	257.899963378906 	4.1897381673016 	
258 	4.00440000000162 	258 	4.1897381673016 	
258.099975585938 	4.00039999999717 	258.099975585938 	4.18973816730161 	
258.200012207031 	3.99940000000061 	258.200012207031 	4.18973816730161 	
258.299987792969 	3.99510000000009 	258.299987792969 	4.18973816730161 	
258.399963378906 	3.99539999999979 	258.399963378906 	4.18973816730162 	
258.5 	3.99359999999797 	258.5 	4.18973816730162 	
258.599975585938 	3.99129999999786 	258.599975585938 	4.18973816730163 	
258.700012207031 	3.98769999999786 	258.700012207031 	4.18973816730163 	
258.799987792969 	3.98749999999927 	258.799987792969 	4.18973816730163 	
258.899963378906 	3.98630000000048 	258.899963378906 	4.18973816730164 	
259 	3.9861000000019 	259 	4.18973816730164 	
259.099975585938 	3.98489999999947 	259.099975585938 	4.18973816730165 	
259.200012207031 	3.98279999999795 	259.200012207031 	4.18973816730165 	
259.299987792969 	3.98379999999815 	259.299987792969 	4.18973816730166 	
259.399963378906 	3.98340000000098 	259.399963378906 	4.18973816730166 	
259.5 	3.98660000000018 	259.5 	4.18973816730166 	
259.599975585938 	3.98240000000078 	259.599975585938 	4.18973816730167 	
259.700012207031 	3.97809999999663 	259.700012207031 	4.18973816730167 	
259.799987792969 	3.97799999999916 	259.799987792969 	4.18973816730168 	
259.899963378906 	3.97680000000037 	259.899963378906 	4.18973816730168 	
260 	3.97469999999885 	260 	4.18973816730168 	
260.099975585938 	3.98099999999613 	260.099975585938 	4.18973816730169 	
260.200012207031 	3.98049999999785 	260.200012207031 	4.18973816730169 	
260.299987792969 	3.98070000000007 	260.299987792969 	4.1897381673017 	
260.399963378906 	3.97629999999845 	260.399963378906 	4.1897381673017 	
260.5 	3.97649999999703 	260.5 	4.1897381673017 	
260.599975585938 	3.97789999999804 	260.599975585938 	4.18973816730171 	
260.700012207031 	3.97559999999794 	260.700012207031 	4.18973816730171 	
260.799987792969 	3.97659999999814 	260.799987792969 	4.18973816730172 	
260.899963378906 	3.97699999999895 	260.899963378906 	4.18973816730172 	
261 	3.97549999999683 	261 	4.18973816730172 	
261.099975585938 	3.97289999999703 	261.099975585938 	4.18973816730173 	
261.200012207031 	3.97249999999985 	261.200012207031 	4.18973816730173 	
261.299987792969 	3.97539999999935 	261.299987792969 	4.18973816730174 	
261.399963378906 	3.97269999999844 	261.399963378906 	4.18973816730174 	
261.5 	3.97209999999905 	261.5 	4.18973816730175 	
261.599975585938 	3.97329999999783 	261.599975585938 	4.18973816730175 	
261.700012207031 	3.96990000000005 	261.700012207031 	4.18973816730175 	
261.799987792969 	3.9655999999959 	261.799987792969 	4.18973816730176 	
261.899963378906 	3.96669999999722 	261.899963378906 	4.18973816730176 	
262 	3.96229999999923 	262 	4.18973816730177 	
262.099975585938 	3.95929999999862 	262.099975585938 	4.18973816730177 	
262.200012207031 	3.95239999999831 	262.200012207031 	4.18973816730177 	
262.299987792969 	3.94700000000012 	262.299987792969 	4.18973816730178 	
262.399963378906 	3.94989999999962 	262.399963378906 	4.18973816730178 	
262.5 	3.94949999999881 	262.5 	4.18973816730179 	
262.599975585938 	3.9484999999986 	262.599975585938 	4.18973816730179 	
262.700012207031 	3.94769999999698 	262.700012207031 	4.18973816730179 	
262.799987792969 	3.94639999999708 	262.799987792969 	4.1897381673018 	
262.899963378906 	3.9445999999989 	262.899963378906 	4.1897381673018 	
263 	3.94019999999728 	263 	4.18973816730181 	
263.099975585938 	3.93549999999959 	263.099975585938 	4.18973816730181 	
263.200012207031 	3.93379999999888 	263.200012207031 	4.18973816730181 	
263.299987792969 	3.93839999999909 	263.299987792969 	4.18973816730182 	
263.399963378906 	3.93999999999869 	263.399963378906 	4.18973816730182 	
263.5 	3.94029999999839 	263.5 	4.18973816730183 	
263.599975585938 	3.9390999999996 	263.599975585938 	4.18973816730183 	
263.700012207031 	3.93929999999818 	263.700012207031 	4.18973816730183 	
263.799987792969 	3.94219999999768 	263.799987792969 	4.18973816730184 	
263.899963378906 	3.93719999999666 	263.899963378906 	4.18973816730184 	
264 	3.93319999999585 	264 	4.18973816730185 	
264.099975585938 	3.93089999999575 	264.099975585938 	4.18973816730185 	
264.200012207031 	3.92809999999736 	264.200012207031 	4.18973816730186 	
264.299987792969 	3.92299999999886 	264.299987792969 	4.18973816730186 	
264.399963378906 	3.92039999999906 	264.399963378906 	4.18973816730186 	
264.5 	3.91809999999896 	264.5 	4.18973816730187 	
264.599975585938 	3.91790000000037 	264.599975585938 	4.18973816730187 	
264.700012207031 	3.91349999999875 	264.700012207031 	4.18973816730188 	
264.799987792969 	3.91799999999785 	264.799987792969 	4.18973816730188 	
264.899963378906 	3.91820000000007 	264.899963378906 	4.18973816730188 	
265 	3.91649999999936 	265 	4.18973816730189 	
265.099975585938 	3.91339999999764 	265.099975585938 	4.18973816730189 	
265.200012207031 	3.91370000000097 	265.200012207031 	4.1897381673019 	
265.299987792969 	3.91419999999925 	265.299987792969 	4.1897381673019 	
265.399963378906 	3.90929999999935 	265.399963378906 	4.1897381673019 	
265.5 	3.90869999999995 	265.5 	4.18973816730191 	
265.599975585938 	3.90669999999955 	265.599975585938 	4.18973816730191 	
265.700012207031 	3.90620000000126 	265.700012207031 	4.18973816730192 	
265.799987792969 	3.90250000000015 	265.799987792969 	4.18973816730192 	
265.899963378906 	3.89689999999973 	265.899963378906 	4.18973816730192 	
266 	3.89530000000013 	266 	4.18973816730193 	
266.099975585938 	3.89099999999962 	266.099975585938 	4.18973816730193 	
266.200012207031 	3.8891999999978 	266.200012207031 	4.18973816730194 	
266.299987792969 	3.88869999999952 	266.299987792969 	4.18973816730194 	
266.399963378906 	3.88809999999648 	266.399963378906 	4.18973816730194 	
266.5 	3.88489999999729 	266.5 	4.18973816730195 	
266.599975585938 	3.8801999999996 	266.599975585938 	4.18973816730195 	
266.700012207031 	3.87899999999718 	266.700012207031 	4.18973816730196 	
266.799987792969 	3.87559999999939 	266.799987792969 	4.18973816730196 	
266.899963378906 	3.87719999999899 	266.899963378906 	4.18973816730197 	
267 	3.87719999999899 	267 	4.18973816730197 	
267.099975585938 	3.87909999999829 	267.099975585938 	4.18973816730197 	
267.200012207031 	3.87900000000081 	267.200012207031 	4.18973816730198 	
267.299987792969 	3.87699999999677 	267.299987792969 	4.18973816730198 	
267.399963378906 	3.87860000000001 	267.399963378906 	4.18973816730199 	
267.5 	3.87779999999839 	267.5 	4.18973816730199 	
267.599975585938 	3.87419999999838 	267.599975585938 	4.18973816730199 	
267.700012207031 	3.87249999999767 	267.700012207031 	4.189738167302 	
267.799987792969 	3.87019999999757 	267.799987792969 	4.189738167302 	
267.899963378906 	3.86789999999746 	267.899963378906 	4.18973816730201 	
268 	3.86569999999847 	268 	4.18973816730201 	
268.099975585938 	3.86460000000079 	268.099975585938 	4.18973816730201 	
268.200012207031 	3.86439999999857 	268.200012207031 	4.18973816730202 	
268.299987792969 	3.86199999999735 	268.299987792969 	4.18973816730202 	
268.399963378906 	3.86260000000038 	268.399963378906 	4.18973816730203 	
268.5 	3.86149999999907 	268.5 	4.18973816730203 	
268.599975585938 	3.85949999999866 	268.599975585938 	4.18973816730203 	
268.700012207031 	3.86000000000058 	268.700012207031 	4.18973816730204 	
268.799987792969 	3.85789999999906 	268.799987792969 	4.18973816730204 	
268.899963378906 	3.85289999999804 	268.899963378906 	4.18973816730205 	
269 	3.85009999999966 	269 	4.18973816730205 	
269.099975585938 	3.85029999999824 	269.099975585938 	4.18973816730206 	
269.200012207031 	3.84789999999703 	269.200012207031 	4.18973816730206 	
269.299987792969 	3.84699999999793 	269.299987792969 	4.18973816730206 	
269.399963378906 	3.84730000000127 	269.399963378906 	4.18973816730206 	
269.5 	3.84679999999935 	269.5 	4.18973816730206 	
269.599975585938 	3.84739999999874 	269.599975585938 	4.18973816730206 	
269.700012207031 	3.84659999999712 	269.700012207031 	4.18973816730206 	
269.799987792969 	3.84799999999814 	269.799987792969 	4.18973816730206 	
269.899963378906 	3.84969999999885 	269.899963378906 	4.18973816730206 	
270 	3.84690000000046 	270 	4.18973816730206 	
270.099975585938 	3.84409999999843 	270.099975585938 	4.18973816730206 	
270.200012207031 	3.84110000000146 	270.200012207031 	4.18973816730206 	
270.299987792969 	3.8405999999959 	270.299987792969 	4.18973816730206 	
270.399963378906 	3.84299999999712 	270.399963378906 	4.18973816730206 	
270.5 	3.84069999999701 	270.5 	4.18973816730206 	
270.599975585938 	3.83559999999852 	270.599975585938 	4.18973816730206 	
270.700012207031 	3.83060000000114 	270.700012207031 	4.18973816730206 	
270.799987792969 	3.83149999999659 	270.799987792969 	4.18973816730206 	
270.899963378906 	3.82789999999659 	270.899963378906 	4.18973816730206 	
271 	3.8237999999983 	271 	4.18973816730206 	
271.099975585938 	3.8269999999975 	271.099975585938 	4.18973816730206 	
271.200012207031 	3.8253999999979 	271.200012207031 	4.18973816730206 	
271.299987792969 	3.82029999999941 	271.299987792969 	4.18973816730206 	
271.399963378906 	3.81680000000051 	271.399963378906 	4.18973816730206 	
271.5 	3.81260000000111 	271.5 	4.18973816730206 	
271.599975585938 	3.8122000000003 	271.599975585938 	4.18973816730206 	
271.700012207031 	3.80909999999858 	271.700012207031 	4.18973816730206 	
271.799987792969 	3.8073000000004 	271.799987792969 	4.18973816730206 	
271.899963378906 	3.80679999999847 	271.899963378906 	4.18973816730206 	
272 	3.80549999999857 	272 	4.18973816730206 	
272.099975585938 	3.80429999999615 	272.099975585938 	4.18973816730206 	
272.200012207031 	3.80539999999746 	272.200012207031 	4.18973816730206 	
272.299987792969 	3.80539999999746 	272.299987792969 	4.18973816730206 	
272.399963378906 	3.80180000000109 	272.399963378906 	4.18973816730206 	
272.5 	3.79999999999927 	272.5 	4.18973816730206 	
272.599975585938 	3.79809999999634 	272.599975585938 	4.18973816730206 	
272.700012207031 	3.79709999999977 	272.700012207031 	4.18973816730206 	
272.799987792969 	3.79549999999654 	272.799987792969 	4.18973816730206 	
272.899963378906 	3.79539999999906 	272.899963378906 	4.18973816730206 	
273 	3.79550000000017 	273 	4.18973816730206 	
273.099975585938 	3.79290000000037 	273.099975585938 	4.18973816730206 	
273.200012207031 	3.79309999999896 	273.200012207031 	4.18973816730206 	
273.299987792969 	3.79590000000098 	273.299987792969 	4.18973816730206 	
273.399963378906 	3.79539999999906 	273.399963378906 	4.18973816730206 	
273.5 	3.79559999999765 	273.5 	4.18973816730206 	
273.599975585938 	3.79530000000159 	273.599975585938 	4.18973816730206 	
273.700012207031 	3.79759999999806 	273.700012207031 	4.18973816730206 	
273.799987792969 	3.79539999999906 	273.799987792969 	4.18973816730206 	
273.899963378906 	3.79219999999987 	273.899963378906 	4.18973816730206 	
274 	3.78900000000067 	274 	4.18973816730206 	
274.099975585938 	3.78729999999996 	274.099975585938 	4.18973816730206 	
274.200012207031 	3.78459999999905 	274.200012207031 	4.18973816730206 	
274.299987792969 	3.77809999999954 	274.299987792969 	4.18973816730206 	
274.399963378906 	3.77760000000126 	274.399963378906 	4.18973816730206 	
274.5 	3.7735999999968 	274.5 	4.18973816730206 	
274.599975585938 	3.77219999999943 	274.599975585938 	4.18973816730206 	
274.700012207031 	3.76919999999882 	274.700012207031 	4.18973816730206 	
274.799987792969 	3.76829999999973 	274.799987792969 	4.18973816730206 	
274.899963378906 	3.76849999999831 	274.899963378906 	4.18973816730206 	
275 	3.76569999999992 	275 	4.18973816730206 	
275.099975585938 	3.76499999999578 	275.099975585938 	4.18973816730206 	
275.200012207031 	3.7644999999975 	275.200012207031 	4.18973816730206 	
275.299987792969 	3.76219999999739 	275.299987792969 	4.18973816730206 	
275.399963378906 	3.75829999999769 	275.399963378906 	4.18973816730206 	
275.5 	3.76039999999921 	275.5 	4.18973816730206 	
275.599975585938 	3.76119999999719 	275.599975585938 	4.18973816730206 	
275.700012207031 	3.75569999999789 	275.700012207031 	4.18973816730206 	
275.799987792969 	3.75600000000122 	275.799987792969 	4.18973816730206 	
275.899963378906 	3.75639999999839 	275.899963378906 	4.18973816730206 	
276 	3.75799999999799 	276 	4.18973816730206 	
276.099975585938 	3.75790000000052 	276.099975585938 	4.18973816730206 	
276.200012207031 	3.75559999999678 	276.200012207031 	4.18973816730206 	
276.299987792969 	3.75309999999808 	276.299987792969 	4.18973816730206 	
276.399963378906 	3.7523000000001 	276.399963378906 	4.18973816730206 	
276.5 	3.75400000000081 	276.5 	4.18973816730206 	
276.599975585938 	3.75439999999799 	276.599975585938 	4.18973816730206 	
276.700012207031 	3.7554999999993 	276.700012207031 	4.18973816730206 	
276.799987792969 	3.75720000000001 	276.799987792969 	4.18973816730206 	
276.899963378906 	3.75950000000012 	276.899963378906 	4.18973816730206 	
277 	3.76049999999668 	277 	4.18973816730206 	
277.099975585938 	3.75909999999931 	277.099975585938 	4.18973816730206 	
277.200012207031 	3.75989999999729 	277.200012207031 	4.18973816730206 	
277.299987792969 	3.76009999999951 	277.299987792969 	4.18973816730206 	
277.399963378906 	3.761599999998 	277.399963378906 	4.18973816730206 	
277.5 	3.76260000000184 	277.5 	4.18973816730206 	
277.599975585938 	3.75989999999729 	277.599975585938 	4.18973816730206 	
277.700012207031 	3.75930000000153 	277.700012207031 	4.18973816730206 	
277.799987792969 	3.75820000000022 	277.799987792969 	4.18973816730206 	
277.899963378906 	3.75569999999789 	277.899963378906 	4.18973816730206 	
278 	3.7583999999988 	278 	4.18973816730206 	
278.099975585938 	3.7573999999986 	278.099975585938 	4.18973816730206 	
278.200012207031 	3.75440000000162 	278.200012207031 	4.18973816730206 	
278.299987792969 	3.75099999999657 	278.299987792969 	4.18973816730206 	
278.399963378906 	3.74859999999899 	278.399963378906 	4.18973816730206 	
278.5 	3.7502999999997 	278.5 	4.18973816730206 	
278.599975585938 	3.74709999999686 	278.599975585938 	4.18973816730206 	
278.700012207031 	3.74289999999746 	278.700012207031 	4.18973816730206 	
278.799987792969 	3.7468000000008 	278.799987792969 	4.18973816730206 	
278.899963378906 	3.74569999999949 	278.899963378906 	4.18973816730206 	
279 	3.74319999999716 	279 	4.18973816730206 	
279.099975585938 	3.73779999999897 	279.099975585938 	4.18973816730206 	
279.200012207031 	3.73469999999725 	279.200012207031 	4.18973816730206 	
279.299987792969 	3.73649999999907 	279.299987792969 	4.18973816730206 	
279.399963378906 	3.73919999999998 	279.399963378906 	4.18973816730206 	
279.5 	3.73959999999715 	279.5 	4.18973816730206 	
279.599975585938 	3.73759999999675 	279.599975585938 	4.18973816730206 	
279.700012207031 	3.73549999999886 	279.700012207031 	4.18973816730206 	
279.799987792969 	3.73300000000017 	279.799987792969 	4.18973816730206 	
279.899963378906 	3.73579999999856 	279.899963378906 	4.18973816730206 	
280 	3.73689999999988 	280 	4.18973816730206 	
280.099975585938 	3.73570000000109 	280.099975585938 	4.18973816730206 	
280.200012207031 	3.73279999999795 	280.200012207031 	4.18973816730206 	
280.299987792969 	3.73289999999542 	280.299987792969 	4.18973816730206 	
280.399963378906 	3.73259999999937 	280.399963378906 	4.18973816730206 	
280.5 	3.73279999999795 	280.5 	4.18973816730206 	
280.599975585938 	3.73379999999815 	280.599975585938 	4.18973816730206 	
280.700012207031 	3.73070000000007 	280.700012207031 	4.18973816730206 	
280.799987792969 	3.73109999999724 	280.799987792969 	4.18973816730206 	
280.899963378906 	3.72710000000006 	280.899963378906 	4.18973816730206 	
281 	3.72350000000006 	281 	4.18973816730206 	
281.099975585938 	3.72179999999571 	281.099975585938 	4.18973816730206 	
281.200012207031 	3.71810000000187 	281.200012207031 	4.18973816730206 	
281.299987792969 	3.71640000000116 	281.299987792969 	4.18973816730206 	
281.399963378906 	3.71359999999913 	281.399963378906 	4.18973816730206 	
281.5 	3.71069999999963 	281.5 	4.18973816730206 	
281.599975585938 	3.70859999999811 	281.599975585938 	4.18973816730206 	
281.700012207031 	3.70579999999609 	281.700012207031 	4.18973816730206 	
281.799987792969 	3.70309999999881 	281.799987792969 	4.18973816730206 	
281.899963378906 	3.70049999999901 	281.899963378906 	4.18973816730206 	
282 	3.69440000000031 	282 	4.18973816730206 	
282.099975585938 	3.69469999999637 	282.099975585938 	4.18973816730206 	
282.200012207031 	3.69789999999921 	282.200012207031 	4.18973816730206 	
282.299987792969 	3.6945999999989 	282.299987792969 	4.18973816730206 	
282.399963378906 	3.69470000000001 	282.399963378906 	4.18973816730206 	
282.5 	3.69740000000093 	282.5 	4.18973816730206 	
282.599975585938 	3.69369999999981 	282.599975585938 	4.18973816730206 	
282.700012207031 	3.69059999999808 	282.700012207031 	4.18973816730206 	
282.799987792969 	3.68990000000122 	282.799987792969 	4.18973816730206 	
282.899963378906 	3.68709999999555 	282.899963378906 	4.18973816730206 	
283 	3.68599999999788 	283 	4.18973816730206 	
283.099975585938 	3.68609999999899 	283.099975585938 	4.18973816730206 	
283.200012207031 	3.68739999999889 	283.200012207031 	4.18973816730206 	
283.299987792969 	3.68709999999919 	283.299987792969 	4.18973816730206 	
283.399963378906 	3.68609999999899 	283.399963378906 	4.18973816730206 	
283.5 	3.68209999999817 	283.5 	4.18973816730206 	
283.599975585938 	3.68289999999979 	283.599975585938 	4.18973816730206 	
283.700012207031 	3.6836000000003 	283.700012207031 	4.18973816730206 	
283.799987792969 	3.68439999999828 	283.799987792969 	4.18973816730206 	
283.899963378906 	3.68479999999909 	283.899963378906 	4.18973816730206 	
284 	3.6823000000004 	284 	4.18973816730206 	
284.099975585938 	3.68260000000009 	284.099975585938 	4.18973816730206 	
284.200012207031 	3.6814000000013 	284.200012207031 	4.18973816730206 	
284.299987792969 	3.67699999999604 	284.299987792969 	4.18973816730206 	
284.399963378906 	3.67789999999877 	284.399963378906 	4.18973816730206 	
284.5 	3.67859999999928 	284.5 	4.18973816730206 	
284.599975585938 	3.67959999999948 	284.599975585938 	4.18973816730206 	
284.700012207031 	3.68210000000181 	284.700012207031 	4.18973816730206 	
284.799987792969 	3.68229999999676 	284.799987792969 	4.18973816730206 	
284.899963378906 	3.68349999999919 	284.899963378906 	4.18973816730206 	
285 	3.68319999999949 	285 	4.18973816730206 	
285.099975585938 	3.68349999999919 	285.099975585938 	4.18973816730206 	
285.200012207031 	3.67849999999817 	285.200012207031 	4.18973816730206 	
285.299987792969 	3.67689999999857 	285.299987792969 	4.18973816730206 	
285.399963378906 	3.67900000000009 	285.399963378906 	4.18973816730206 	
285.5 	3.67789999999877 	285.5 	4.18973816730206 	
285.599975585938 	3.68289999999979 	285.599975585938 	4.18973816730206 	
285.700012207031 	3.68189999999959 	285.700012207031 	4.18973816730206 	
285.799987792969 	3.68009999999776 	285.799987792969 	4.18973816730206 	
285.899963378906 	3.67979999999807 	285.899963378906 	4.18973816730206 	
286 	3.68019999999888 	286 	4.18973816730206 	
286.099975585938 	3.67849999999817 	286.099975585938 	4.18973816730206 	
286.200012207031 	3.67729999999938 	286.200012207031 	4.18973816730206 	
286.299987792969 	3.67559999999867 	286.299987792969 	4.18973816730206 	
286.399963378906 	3.67719999999827 	286.399963378906 	4.18973816730206 	
286.5 	3.68089999999938 	286.5 	4.18973816730206 	
286.599975585938 	3.6791000000012 	286.599975585938 	4.18973816730206 	
286.700012207031 	3.67919999999867 	286.700012207031 	4.18973816730206 	
286.799987792969 	3.67799999999988 	286.799987792969 	4.18973816730206 	
286.899963378906 	3.67529999999897 	286.899963378906 	4.18973816730206 	
287 	3.67849999999817 	287 	4.18973816730206 	
287.099975585938 	3.68059999999969 	287.099975585938 	4.18973816730206 	
287.200012207031 	3.67870000000039 	287.200012207031 	4.18973816730206 	
287.299987792969 	3.681700000001 	287.299987792969 	4.18973816730206 	
287.399963378906 	3.67889999999898 	287.399963378906 	4.18973816730206 	
287.5 	3.6801000000014 	287.5 	4.18973816730206 	
287.599975585938 	3.67969999999696 	287.599975585938 	4.18973816730206 	
287.700012207031 	3.67900000000009 	287.700012207031 	4.18973816730206 	
287.799987792969 	3.68049999999857 	287.799987792969 	4.18973816730206 	
287.899963378906 	3.67870000000039 	287.899963378906 	4.18973816730206 	
288 	3.67499999999927 	288 	4.18973816730206 	
288.099975585938 	3.67539999999644 	288.099975585938 	4.18973816730206 	
288.200012207031 	3.67439999999988 	288.200012207031 	4.18973816730206 	
288.299987792969 	3.66959999999744 	288.299987792969 	4.18973816730206 	
288.399963378906 	3.66859999999724 	288.399963378906 	4.18973816730206 	
288.5 	3.67020000000048 	288.5 	4.18973816730206 	
288.599975585938 	3.66989999999714 	288.599975585938 	4.18973816730206 	
288.700012207031 	3.67289999999775 	288.700012207031 	4.18973816730206 	
288.799987792969 	3.67239999999947 	288.799987792969 	4.18973816730206 	
288.899963378906 	3.67060000000129 	288.899963378906 	4.18973816730206 	
289 	3.66919999999664 	289 	4.18973816730206 	
289.099975585938 	3.66809999999896 	289.099975585938 	4.18973816730206 	
289.200012207031 	3.66790000000037 	289.200012207031 	4.18973816730206 	
289.299987792969 	3.66790000000037 	289.299987792969 	4.18973816730206 	
289.399963378906 	3.66449999999895 	289.399963378906 	4.18973816730206 	
289.5 	3.66319999999905 	289.5 	4.18973816730206 	
289.599975585938 	3.65680000000066 	289.599975585938 	4.18973816730206 	
289.700012207031 	3.65129999999772 	289.700012207031 	4.18973816730206 	
289.799987792969 	3.64909999999873 	289.799987792969 	4.18973816730206 	
289.899963378906 	3.64679999999862 	289.899963378906 	4.18973816730206 	
290 	3.6475999999966 	290 	4.18973816730206 	
290.099975585938 	3.64479999999821 	290.099975585938 	4.18973816730206 	
290.200012207031 	3.642399999997 	290.200012207031 	4.18973816730206 	
290.299987792969 	3.64359999999942 	290.299987792969 	4.18973816730206 	
290.399963378906 	3.64359999999942 	290.399963378906 	4.18973816730206 	
290.5 	3.64289999999892 	290.5 	4.18973816730206 	
290.599975585938 	3.63939999999639 	290.599975585938 	4.18973816730206 	
290.700012207031 	3.640199999998 	290.700012207031 	4.18973816730206 	
290.799987792969 	3.63649999999689 	290.799987792969 	4.18973816730206 	
290.899963378906 	3.63910000000033 	290.899963378906 	4.18973816730206 	
291 	3.63650000000052 	291 	4.18973816730206 	
291.099975585938 	3.63279999999577 	291.099975585938 	4.18973816730206 	
291.200012207031 	3.63009999999849 	291.200012207031 	4.18973816730206 	
291.299987792969 	3.62960000000021 	291.299987792969 	4.18973816730206 	
291.399963378906 	3.62719999999899 	291.399963378906 	4.18973816730206 	
291.5 	3.6281999999992 	291.5 	4.18973816730206 	
291.599975585938 	3.62740000000122 	291.599975585938 	4.18973816730206 	
291.700012207031 	3.62199999999939 	291.700012207031 	4.18973816730206 	
291.799987792969 	3.62139999999999 	291.799987792969 	4.18973816730206 	
291.899963378906 	3.62289999999848 	291.899963378906 	4.18973816730206 	
292 	3.61689999999726 	292 	4.18973816730206 	
292.099975585938 	3.60979999999836 	292.099975585938 	4.18973816730206 	
292.200012207031 	3.61279999999897 	292.200012207031 	4.18973816730206 	
292.299987792969 	3.60899999999674 	292.299987792969 	4.18973816730206 	
292.399963378906 	3.60380000000077 	292.399963378906 	4.18973816730206 	
292.5 	3.60699999999997 	292.5 	4.18973816730206 	
292.599975585938 	3.60380000000077 	292.599975585938 	4.18973816730206 	
292.700012207031 	3.60169999999562 	292.700012207031 	4.18973816730206 	
292.799987792969 	3.60169999999562 	292.799987792969 	4.18973816730206 	
292.899963378906 	3.60210000000006 	292.899963378906 	4.18973816730206 	
293 	3.60210000000006 	293 	4.18973816730206 	
293.099975585938 	3.60169999999562 	293.099975585938 	4.18973816730206 	
293.200012207031 	 	293.200012207031 	4.18973816730206 	
293.299987792969 	 	293.299987792969 	4.18973816730206 	
293.399963378906 	 	293.399963378906 	4.18973816730206 	
293.5 	 	293.5 	4.18973816730206 	
293.599975585938 	 	293.599975585938 	4.18973816730206 	
293.700012207031 	 	293.700012207031 	4.18973816730206 	
293.799987792969 	 	293.799987792969 	4.18973816730206 	
293.899963378906 	 	293.899963378906 	4.18973816730206 	
294 	 	294 	4.18973816730206 	
294.099975585938 	 	294.099975585938 	0.431794118437842 	
294.200012207031 	 	294.200012207031 	0.0444389868563509 	
294.299987792969 	 	294.299987792969 	0.00457987985265854 	
294.399963378906 	 	294.399963378906 	0.000472002487647996 	
294.5 	 	294.5 	4.85773409313098E-05 	
294.599975585938 	 	294.599975585938 	5.00646098730903E-06 	
294.700012207031 	 	294.700012207031 	5.15337507259944E-07 	
294.799987792969 	 	294.799987792969 	5.31994127107948E-08 	
294.899963378906 	 	294.899963378906 	5.52358870662102E-09 	
295 	 	295 	5.91197393781775E-10 	
295.099975585938 	 	295.099975585938 	3.96864489388668E-10 	
295.200012207031 	 	295.200012207031 	-1.98539715978702E-11 	
295.299987792969 	 	295.299987792969 	2.60114880561184E-10 	
295.399963378906 	 	295.399963378906 	1.33254054339785E-10 	
295.5 	 	295.5 	6.22038219519665E-12 	
295.599975585938 	 	295.599975585938 	1.08820789938019E-10 	
295.700012207031 	-2.52140000000145 	295.700012207031 	1.30630951102311E-10 	
295.799987792969 	-2.27560000000085 	295.799987792969 	5.55227801219735E-11 	
295.899963378906 	-1.90910000000076 	295.899963378906 	-3.5669594858559E-12 	
296 	-1.6862000000001 	296 	1.04255183585297E-11 	
296.099975585938 	-1.56899999999951 	296.099975585938 	4.62302190024E-11 	
296.200012207031 	-1.47160000000076 	296.200012207031 	5.39824481469573E-11 	
296.299987792969 	-1.41579999999885 	296.299987792969 	3.6276278388866E-11 	
296.399963378906 	-1.15270000000237 	296.399963378906 	1.53605068321952E-11 	
296.5 	-1.14689999999973 	296.5 	2.20452423493036E-12 	
296.599975585938 	-1.18500000000131 	296.599975585938 	8.12489748624999E-13 	
296.700012207031 	-1.21430000000328 	296.700012207031 	1.26936117274205E-11 	
296.799987792969 	-1.15309999999954 	296.799987792969 	3.12479943948601E-11 	
296.899963378906 	-1.16289999999935 	296.899963378906 	3.14194637987085E-11 	
297 	-1.13420000000042 	297 	5.35300906730842E-11 	
297.099975585938 	-1.13560000000143 	297.099975585938 	3.23793923030582E-11 	
297.200012207031 	-1.13980000000083 	297.200012207031 	3.51865783892646E-11 	
297.299987792969 	-1.14510000000155 	297.299987792969 	2.1322867069127E-11 	
297.399963378906 	-1.16029999999955 	297.399963378906 	8.27319692523431E-12 	
297.5 	-1.15310000000318 	297.5 	1.38997953131897E-12 	
297.599975585938 	-1.17410000000018 	297.599975585938 	-4.23519219476951E-12 	
297.700012207031 	-1.17529999999897 	297.700012207031 	-1.10275419514624E-11 	
297.799987792969 	-1.16900000000169 	297.799987792969 	-1.41691367735477E-11 	
297.899963378906 	-1.18509999999878 	297.899963378906 	-1.00377534516343E-11 	
298 	-1.1720000000023 	298 	-6.08408514264598E-12 	
298.099975585938 	-1.16939999999886 	298.099975585938 	-5.73610359752724E-12 	
298.200012207031 	-1.17540000000372 	298.200012207031 	-4.66606344436735E-12 	
298.299987792969 	-1.16900000000169 	298.299987792969 	-2.45614966918243E-12 	
298.399963378906 	-1.15460000000166 	298.399963378906 	-7.87250200872265E-13 	
298.5 	-1.1597000000038 	298.5 	-2.15143280523721E-14 	
298.599975585938 	-1.15720000000147 	298.599975585938 	3.39494482702683E-13 	
298.700012207031 	-1.15520000000106 	298.700012207031 	2.56041040687817E-13 	
298.799987792969 	-1.15279999999984 	298.799987792969 	-4.82841664127001E-14 	
298.899963378906 	-1.15560000000187 	298.899963378906 	-5.0149456859864E-13 	
299 	-1.14530000000377 	299 	-1.00750090206923E-12 	
299.099975585938 	-1.13550000000032 	299.099975585938 	-1.38127691544888E-12 	
299.200012207031 	-1.13999999999942 	299.200012207031 	-1.39324560283905E-12 	
299.299987792969 	-1.14150000000154 	299.299987792969 	-7.68108607794686E-13 	
299.399963378906 	-1.13570000000254 	299.399963378906 	-2.67682545589827E-12 	
299.5 	-1.13220000000365 	299.5 	-5.99257099169581E-12 	
299.599975585938 	-1.12440000000061 	299.599975585938 	-9.91489582836615E-12 	
299.700012207031 	-1.12190000000192 	299.700012207031 	-1.42518721584295E-11 	
299.799987792969 	-1.12570000000051 	299.799987792969 	-1.87401256345971E-11 	
299.899963378906 	-1.12340000000404 	299.899963378906 	-2.30627550198367E-11 	
300 	-1.11639999999898 	300 	-2.6840891832095E-11 	
300.099975585938 	-1.11149999999907 	300.099975585938 	-2.96272869232316E-11 	
300.200012207031 	-1.10880000000179 	300.200012207031 	-3.09207680326115E-11 	
300.299987792969 	-1.10510000000068 	300.299987792969 	-3.01540675933457E-11 	
300.399963378906 	-1.10559999999896 	300.399963378906 	-2.67015896602827E-11 	
300.5 	-1.10160000000178 	300.5 	-1.98696158831968E-11 	
300.599975585938 	-1.09990000000107 	300.599975585938 	-8.91623710407155E-12 	
300.700012207031 	-1.09470000000147 	300.700012207031 	-1.00857611300544E-11 	
300.799987792969 	-1.09249999999884 	300.799987792969 	-1.50421281790561E-11 	
300.899963378906 	-1.09649999999965 	300.899963378906 	-2.00725857290515E-11 	
301 	-1.09250000000247 	301 	-2.49535196995812E-11 	
301.099975585938 	-1.09170000000449 	301.099975585938 	-2.94211089786673E-11 	
301.200012207031 	-1.08539999999994 	301.200012207031 	-3.31914528094395E-11 	
301.299987792969 	-1.08070000000225 	301.299987792969 	-3.59395748866006E-11 	
301.399963378906 	-1.08240000000296 	301.399963378906 	-3.73165681907204E-11 	
301.5 	-1.08239999999932 	301.5 	-3.69389026112624E-11 	
301.599975585938 	-1.07700000000114 	301.599975585938 	-3.43929074182767E-11 	
301.700012207031 	-1.07570000000123 	301.700012207031 	-2.92297245887667E-11 	
301.799987792969 	-1.07370000000083 	301.799987792969 	-2.09790125522522E-11 	
301.899963378906 	-1.07340000000113 	301.899963378906 	-9.13082682892031E-12 	
302 	-1.06790000000183 	302 	-6.83121705777617E-12 	
302.099975585938 	-1.07060000000274 	302.099975585938 	-7.32036147135821E-12 	
302.200012207031 	-1.07660000000033 	302.200012207031 	-7.77997763546478E-12 	
302.299987792969 	-1.10040000000299 	302.299987792969 	-8.17665648328672E-12 	
302.399963378906 	-1.08160000000134 	302.399963378906 	-8.47412512967087E-12 	
302.5 	-1.07390000000305 	302.5 	-8.63213015357394E-12 	
302.599975585938 	-1.0648000000001 	302.599975585938 	-8.60642383143289E-12 	
302.700012207031 	-1.05840000000171 	302.700012207031 	-8.34914500653171E-12 	
302.799987792969 	-1.05340000000069 	302.799987792969 	-7.80908081489781E-12 	
302.899963378906 	-1.06710000000385 	302.899963378906 	-6.93091530241126E-12 	
303 	-1.03040000000328 	303 	-5.65476851732764E-12 	
303.099975585938 	-1.05050000000119 	303.099975585938 	-3.91946417604068E-12 	
303.200012207031 	-0.96310000000085 	303.200012207031 	-1.65635990187204E-12 	
303.299987792969 	-0.986900000003516 	303.299987792969 	-8.24831376038288E-13 	
303.399963378906 	0.276200000000244 	303.399963378906 	-4.2150495981764E-13 	
303.5 	-2.07879999999932 	303.5 	-4.84790071476617E-14 	
303.599975585938 	-1.18440000000192 	303.599975585938 	2.86714680898047E-13 	
303.700012207031 	-0.607700000000477 	303.700012207031 	5.77081016486947E-13 	
303.799987792969 	-0.607700000004115 	303.799987792969 	8.14545618364063E-13 	
303.899963378906 	-0.608200000002398 	303.899963378906 	9.91262456593183E-13 	
304 	-0.562700000002224 	304 	1.09891521294942E-12 	
304.099975585938 	-0.504000000000815 	304.099975585938 	1.12868739259751E-12 	
304.200012207031 	-0.45089999999982 	304.200012207031 	1.07160116113879E-12 	
304.299987792969 	-0.411300000003394 	304.299987792969 	9.18397601422073E-13 	
304.399963378906 	-0.361000000000786 	304.399963378906 	6.59423918952033E-13 	
304.5 	-0.326900000000023 	304.5 	2.84447069453452E-13 	
304.599975585938 	-0.307700000001205 	304.599975585938 	1.47689544450556E-13 	
304.700012207031 	-0.252900000003137 	304.700012207031 	6.98830396131306E-14 	
304.799987792969 	-0.220400000001973 	304.799987792969 	-1.6077474554012E-14 	
304.899963378906 	-0.205799999999726 	304.899963378906 	-1.05658224375132E-13 	
305 	-0.203800000002957 	305 	-1.93929551329967E-13 	
305.099975585938 	-0.341400000001158 	305.099975585938 	-2.75394703194141E-13 	
305.200012207031 	-0.559400000001915 	305.200012207031 	-3.44354914140507E-13 	
305.299987792969 	-0.497699999999895 	305.299987792969 	-3.94528036688931E-13 	
305.399963378906 	0.421599999997852 	305.399963378906 	-4.19361463834094E-13 	
305.5 	0.150900000000547 	305.5 	-4.11835972710104E-13 	
305.599975585938 	-0.163700000000972 	305.599975585938 	-3.64549431774287E-13 	
305.700012207031 	-0.00709999999889988 	305.700012207031 	-2.69621946938967E-13 	
305.799987792969 	0.112099999998463 	305.799987792969 	-1.18949079725057E-13 	
305.899963378906 	0.127700000000914 	305.899963378906 	-2.75639732675389E-13 	
306 	0.102599999998347 	306 	-5.20169163693725E-13 	
306.099975585938 	0.0188999999991211 	306.099975585938 	-7.73925617041792E-13 	
306.200012207031 	-0.0348000000012689 	306.200012207031 	-1.03362235021759E-12 	
306.299987792969 	-0.328000000001339 	306.299987792969 	-1.29534881275175E-12 	
306.399963378906 	-0.696199999998498 	306.399963378906 	-1.55567022791023E-12 	
306.5 	-0.995300000002317 	306.5 	-1.81114838730615E-12 	
306.599975585938 	-0.913899999999558 	306.599975585938 	-2.05787788821119E-12 	
306.700012207031 	-1.05560000000332 	306.700012207031 	-2.29256340820584E-12 	
306.799987792969 	-0.884000000001834 	306.799987792969 	-2.51132491691006E-12 	
306.899963378906 	-1.22370000000228 	306.899963378906 	-2.71071786091427E-12 	
307 	-0.955600000001141 	307 	-2.88725038150772E-12 	
307.099975585938 	-0.73609999999826 	307.099975585938 	-3.03711340987157E-12 	
307.200012207031 	-0.888600000002043 	307.200012207031 	-3.15689334950504E-12 	
307.299987792969 	-1.14500000000044 	307.299987792969 	-3.24285038428114E-12 	
307.399963378906 	-1.29709999999977 	307.399963378906 	-3.29147533703292E-12 	
307.5 	-1.34300000000076 	307.5 	-3.29916785164388E-12 	
307.599975585938 	-1.33959999999934 	307.599975585938 	-3.26232488736836E-12 	
307.700012207031 	-1.32550000000265 	307.700012207031 	-3.17730487946063E-12 	
307.799987792969 	-1.36330000000089 	307.799987792969 	-3.04061792021045E-12 	
307.899963378906 	-1.37250000000131 	307.899963378906 	-2.84863536161162E-12 	
308 	-1.34900000000198 	308 	-2.59759350306005E-12 	
308.099975585938 	-1.34300000000076 	308.099975585938 	-2.28420502604701E-12 	
308.200012207031 	-1.33300000000236 	308.200012207031 	-1.90449070341804E-12 	
308.299987792969 	-1.31750000000102 	308.299987792969 	-1.4553202300434E-12 	
308.399963378906 	-1.28819999999905 	308.399963378906 	-9.32890639995805E-13 	
308.5 	-1.26780000000144 	308.5 	-3.3322004110167E-13 	
308.599975585938 	-1.25970000000234 	308.599975585938 	-3.51547358462194E-13 	
308.700012207031 	-1.20509999999922 	308.700012207031 	-4.23764530979659E-13 	
308.799987792969 	-1.17050000000381 	308.799987792969 	-4.94191277391239E-13 	
308.899963378906 	-1.15750000000116 	308.899963378906 	-5.62259645373257E-13 	
309 	-1.14090000000215 	309 	-6.27395922557157E-13 	
309.099975585938 	-1.09610000000248 	309.099975585938 	-6.88907892045749E-13 	
309.200012207031 	-1.07909999999902 	309.200012207031 	-7.46257427264601E-13 	
309.299987792969 	-1.06739999999991 	309.299987792969 	-7.98761813137101E-13 	
309.399963378906 	-1.05390000000261 	309.399963378906 	-8.45844961114661E-13 	
309.5 	-1.02720000000045 	309.5 	-8.86917541951965E-13 	
309.599975585938 	-1.02289999999994 	309.599975585938 	-9.21316702627774E-13 	
309.700012207031 	-1.01260000000184 	309.700012207031 	-9.48471211794994E-13 	
309.799987792969 	-1.00830000000133 	309.799987792969 	-9.67735200046385E-13 	
309.899963378906 	-1.01190000000133 	309.899963378906 	-9.78515090937461E-13 	
310 	-1.00460000000021 	310 	-9.80196586675148E-13 	
310.099975585938 	-1.03589999999895 	310.099975585938 	-9.72164901456147E-13 	
310.200012207031 	-1.02920000000086 	310.200012207031 	-9.53796995818716E-13 	
310.299987792969 	-1.01430000000255 	310.299987792969 	-9.24502549366971E-13 	
310.399963378906 	-1.00790000000416 	310.399963378906 	-8.83661146089534E-13 	
310.5 	-1.01320000000123 	310.5 	-8.30624167974587E-13 	
310.599975585938 	-1.01490000000194 	310.599975585938 	-7.64843599778747E-13 	
310.700012207031 	-1.02750000000015 	310.700012207031 	-6.85625890583648E-13 	
310.799987792969 	-1.02560000000449 	310.799987792969 	-5.92454972346738E-13 	
310.899963378906 	-1.02430000000095 	310.899963378906 	-4.84674237818761E-13 	
311 	-1.02479999999923 	311 	-3.61591397098161E-13 	
311.099975585938 	-1.02660000000105 	311.099975585938 	-2.22743908843454E-13 	
311.200012207031 	-1.02890000000116 	311.200012207031 	-7.16055268981222E-14 	
311.299987792969 	-1.02610000000277 	311.299987792969 	-6.29840383024014E-14 	
311.399963378906 	-1.02509999999893 	311.399963378906 	-5.45812156124516E-14 	
311.5 	-1.02790000000095 	311.5 	-4.6420318693449E-14 	
311.599975585938 	-1.03460000000268 	311.599975585938 	-3.85394782409892E-14 	
311.700012207031 	-1.03380000000107 	311.700012207031 	-3.09572669839664E-14 	
311.799987792969 	-1.02920000000086 	311.799987792969 	-2.37111094731778E-14 	
311.899963378906 	-1.02190000000337 	311.899963378906 	-1.68244421638709E-14 	
312 	-1.01590000000215 	312 	-1.03215795212288E-14 	
312.099975585938 	-1.00700000000143 	312.099975585938 	-4.23862901415189E-15 	
312.200012207031 	-1.0044999999991 	312.200012207031 	1.40364140264677E-15 	
312.299987792969 	-0.998700000000099 	312.299987792969 	6.57017440331234E-15 	
312.399963378906 	-0.995599999998376 	312.399963378906 	1.12363929067855E-14 	
312.5 	-0.988699999998062 	312.5 	1.53764978763105E-14 	
312.599975585938 	-0.985600000003615 	312.599975585938 	1.89572650128137E-14 	
312.700012207031 	-0.988600000000588 	312.700012207031 	2.19548711926314E-14 	
312.799987792969 	-0.991500000000087 	312.799987792969 	2.43374862579833E-14 	
312.899963378906 	-0.989500000003318 	312.899963378906 	2.6078962530432E-14 	
313 	-0.98949999999968 	313 	2.7151586430083E-14 	
313.099975585938 	-0.988000000001193 	313.099975585938 	2.75258767708217E-14 	
313.200012207031 	-0.98410000000149 	313.200012207031 	2.71740953169017E-14 	
313.299987792969 	-0.980600000002596 	313.299987792969 	2.60684990217491E-14 	
313.399963378906 	-0.977100000000064 	313.399963378906 	2.41809396379826E-14 	
313.5 	-0.973500000000058 	313.5 	2.14813590710029E-14 	
313.599975585938 	-0.972400000002381 	313.599975585938 	1.79448791907864E-14 	
313.700012207031 	-0.96820000000298 	313.700012207031 	1.35389867063719E-14 	
313.799987792969 	-0.969300000000658 	313.799987792969 	8.24088562552405E-15 	
313.899963378906 	-0.967000000000553 	313.899963378906 	3.71344462776956E-15 	
314 	-0.966799999998329 	314 	1.00458753903355E-14 	
314.099975585938 	-0.968100000001868 	314.099975585938 	1.64531511465506E-14 	
314.200012207031 	-0.965800000001764 	314.200012207031 	2.29251541580368E-14 	
314.299987792969 	-0.964500000001863 	314.299987792969 	2.94360604863636E-14 	
314.399963378906 	-0.962000000003172 	314.399963378906 	3.59718848400894E-14 	
314.5 	-0.95850000000064 	314.5 	4.25187027869389E-14 	
314.599975585938 	-0.957500000004075 	314.599975585938 	4.90505990950888E-14 	
314.700012207031 	-0.956800000003568 	314.700012207031 	5.55576081880074E-14 	
314.799987792969 	-0.958700000002864 	314.799987792969 	6.20138634108739E-14 	
314.899963378906 	-0.958900000001449 	314.899963378906 	6.84054281834567E-14 	
315 	-0.956399999999121 	315 	7.47182079271751E-14 	
315.099975585938 	-0.956900000001042 	315.099975585938 	8.09265729967869E-14 	
315.200012207031 	-0.955300000001444 	315.200012207031 	8.70201627837231E-14 	
315.299987792969 	-0.956099999999424 	315.299987792969 	9.29736151106566E-14 	
315.399963378906 	-0.954499999999825 	315.399963378906 	9.87727685116233E-14 	
315.5 	-0.949599999999919 	315.5 	1.04403084664796E-13 	
315.599975585938 	-0.950400000001537 	315.599975585938 	1.09839766705397E-13 	
315.700012207031 	-0.948500000002241 	315.700012207031 	1.15071511798936E-13 	
315.799987792969 	-0.946800000001531 	315.799987792969 	1.20074009439463E-13 	
315.899963378906 	-0.942100000003848 	315.899963378906 	1.24832599678341E-13 	
316 	-0.941399999999703 	316 	1.29332026853553E-13 	
316.099975585938 	-0.9416999999994 	316.099975585938 	1.3354887407467E-13 	
316.200012207031 	-0.942800000000716 	316.200012207031 	1.37470349087397E-13 	
316.299987792969 	-0.942299999998795 	316.299987792969 	1.41073740251045E-13 	
316.399963378906 	-0.942800000000716 	316.399963378906 	1.44343615537361E-13 	
316.5 	-0.939400000002934 	316.5 	1.47263728347198E-13 	
316.599975585938 	-0.939000000002125 	316.599975585938 	1.49812588958358E-13 	
316.700012207031 	-0.940399999999499 	316.700012207031 	1.51975368502859E-13 	
316.799987792969 	-0.939500000000407 	316.799987792969 	1.53731501399155E-13 	
316.899963378906 	-0.940500000000611 	316.899963378906 	1.55064509942436E-13 	
317 	-0.945200000001932 	317 	1.55956882999483E-13 	
317.099975585938 	-0.944999999999709 	317.099975585938 	1.56389605210213E-13 	
317.200012207031 	-0.942100000003848 	317.200012207031 	1.56345263899073E-13 	
317.299987792969 	-0.944299999999203 	317.299987792969 	1.55805986737544E-13 	
317.399963378906 	-0.944200000001729 	317.399963378906 	1.54753976747316E-13 	
317.5 	-0.947000000000116 	317.5 	1.53170184664159E-13 	
317.599975585938 	-0.951200000003155 	317.599975585938 	1.51038616683986E-13 	
317.700012207031 	-0.952000000001135 	317.700012207031 	1.4833872912979E-13 	
317.799987792969 	-0.953699999998207 	317.799987792969 	1.45055890119963E-13 	
317.899963378906 	-0.954900000000634 	317.899963378906 	1.41170709805755E-13 	
318 	-0.952700000001641 	318 	1.36662327194979E-13 	
318.099975585938 	-0.955900000000838 	318.099975585938 	1.31518317233429E-13 	
318.200012207031 	-0.953199999999924 	318.200012207031 	1.25714458048763E-13 	
318.299987792969 	-0.950300000004063 	318.299987792969 	1.19239905400165E-13 	
318.399963378906 	-0.951600000000326 	318.399963378906 	1.12073402971503E-13 	
318.5 	-0.950500000002648 	318.5 	1.04192004445693E-13 	
318.599975585938 	-0.951000000000931 	318.599975585938 	9.55874007122944E-14 	
318.700012207031 	-0.950799999998708 	318.700012207031 	8.62311445097431E-14 	
318.799987792969 	-0.954499999999825 	318.799987792969 	7.61167264319012E-14 	
318.899963378906 	-0.958999999998923 	318.899963378906 	6.52207500983118E-14 	
319 	-0.957200000000739 	319 	5.35179102700536E-14 	
319.099975585938 	-0.955300000001444 	319.099975585938 	4.10045609743331E-14 	
319.200012207031 	-0.955300000001444 	319.200012207031 	2.76474823664821E-14 	
319.299987792969 	-0.952900000000227 	319.299987792969 	1.34450470689232E-14 	
319.399963378906 	-0.950000000000728 	319.399963378906 	1.7652078911738E-14 	
319.5 	-0.945999999999913 	319.5 	3.79505965478459E-14 	
319.599975585938 	-0.94629999999961 	319.599975585938 	5.80343445942824E-14 	
319.700012207031 	-0.948100000001432 	319.700012207031 	7.79278453319341E-14 	
319.799987792969 	-0.946599999999307 	319.799987792969 	9.76068235921159E-14 	
319.899963378906 	-0.943899999998393 	319.899963378906 	1.17083478718369E-13 	
320 	-0.944600000002538 	320 	1.36369515905238E-13 	
320.099975585938 	-0.931899999999587 	320.099975585938 	1.55441401245236E-13 	
320.200012207031 	-0.917199999999866 	320.200012207031 	1.74322421533649E-13 	
320.299987792969 	-0.903399999999237 	320.299987792969 	1.92989537087393E-13 	
320.399963378906 	-0.894400000001042 	320.399963378906 	2.11454329507207E-13 	
320.5 	-0.900399999998626 	320.5 	2.29727886244839E-13 	
320.599975585938 	-0.902400000002672 	320.599975585938 	2.47787908878398E-13 	
320.700012207031 	-0.893600000003062 	320.700012207031 	2.65656448717574E-13 	
320.799987792969 	-0.895300000003772 	320.799987792969 	2.83311701564879E-13 	
320.899963378906 	-0.902500000000146 	320.899963378906 	3.00764631278255E-13 	
321 	-0.906699999999546 	321 	3.18025707566647E-13 	
321.099975585938 	-0.901799999999639 	321.099975585938 	3.35073867493769E-13 	
321.200012207031 	-0.915400000001682 	321.200012207031 	3.51929926883706E-13 	
321.299987792969 	-0.92870000000039 	321.299987792969 	3.68573317024573E-13 	
321.399963378906 	-0.939100000003236 	321.399963378906 	3.85014384031511E-13 	
321.5 	-0.943400000003749 	321.5 	4.01262979870665E-13 	
321.599975585938 	-0.940800000003946 	321.599975585938 	4.17299277091349E-13 	
321.700012207031 	-0.938500000000204 	321.700012207031 	4.33142856032047E-13 	
321.799987792969 	-0.942500000001019 	321.799987792969 	4.48774383466476E-13 	
321.899963378906 	-0.933799999998882 	321.899963378906 	4.64203587766976E-13 	
322 	-0.933500000002823 	322 	4.79439703156892E-13 	
322.099975585938 	-0.937000000001717 	322.099975585938 	4.94464137671137E-13 	
322.200012207031 	-0.939500000000407 	322.200012207031 	5.09295236162597E-13 	
322.299987792969 	-0.945999999999913 	322.299987792969 	5.23914900890587E-13 	
322.399963378906 	-0.942399999999907 	322.399963378906 	5.38332242484649E-13 	
322.5 	-0.933000000000902 	322.5 	5.52555877425327E-13 	
322.599975585938 	-0.923999999999069 	322.599975585938 	5.66568449233133E-13 	
322.700012207031 	-0.913400000001275 	322.700012207031 	5.80387067275355E-13 	
322.799987792969 	-0.913900000003196 	322.799987792969 	5.93994869296907E-13 	
322.899963378906 	-0.916199999999662 	322.899963378906 	6.0740034818453E-13 	
323 	-0.911800000001676 	323 	6.2061150267597E-13 	
323.099975585938 	-0.908500000001368 	323.099975585938 	6.33612211777339E-13 	
323.200012207031 	-0.913700000000972 	323.200012207031 	6.46418349370322E-13 	
323.299987792969 	-0.916700000001583 	323.299987792969 	6.59014288685436E-13 	
323.399963378906 	-0.921700000002602 	323.399963378906 	6.71407904866621E-13 	
323.5 	-0.915500000002794 	323.5 	6.83606578908823E-13 	
323.599975585938 	-0.90480000000025 	323.599975585938 	6.95595425303752E-13 	
323.700012207031 	-0.901000000001659 	323.700012207031 	7.07389082447498E-13 	
323.799987792969 	-0.897899999999936 	323.799987792969 	7.18973159056173E-13 	
323.899963378906 	-0.89520000000266 	323.899963378906 	7.3035491253092E-13 	
324 	-0.900600000004488 	324 	7.41541106123883E-13 	
324.099975585938 	-0.902099999999336 	324.099975585938 	7.52518089812375E-13 	
324.200012207031 	-0.899099999998725 	324.200012207031 	7.63299266506882E-13 	
324.299987792969 	-0.899499999999534 	324.299987792969 	7.73871480409119E-13 	
324.399963378906 	-0.901900000000751 	324.399963378906 	7.84241371177427E-13 	
324.5 	-0.895400000001246 	324.5 	7.94415084321152E-13 	
324.599975585938 	-0.899100000002363 	324.599975585938 	8.04380205303206E-13 	
324.700012207031 	-0.896700000001147 	324.700012207031 	8.14148901548474E-13 	
324.799987792969 	-0.90150000000358 	324.799987792969 	8.23709252744273E-13 	
324.899963378906 	-0.91019999999844 	324.899963378906 	8.33067280806143E-13 	
325 	-0.909800000001269 	325 	8.4222851350063E-13 	
325.099975585938 	-0.916600000000471 	325.099975585938 	8.51181771776245E-13 	
325.200012207031 	-0.924200000001292 	325.200012207031 	8.59937987572276E-13 	
325.299987792969 	-0.925300000002608 	325.299987792969 	8.68486476061636E-13 	
325.399963378906 	-0.929500000002008 	325.399963378906 	8.76832641417068E-13 	
325.5 	-0.933600000000297 	325.5 	8.84981393662316E-13 	
325.599975585938 	-0.933500000002823 	325.599975585938 	8.92922789231493E-13 	
325.700012207031 	-0.935499999999593 	325.700012207031 	9.00666524578285E-13 	
325.799987792969 	-0.946600000002945 	325.799987792969 	9.08203150361208E-13 	
325.899963378906 	-0.94800000000032 	325.899963378906 	9.15537453010201E-13 	
326 	-0.95260000000053 	326 	9.22673724806211E-13 	
326.099975585938 	-0.956500000003871 	326.099975585938 	9.2960325766895E-13 	
326.200012207031 	-0.951300000004267 	326.200012207031 	9.36334512566504E-13 	
326.299987792969 	-0.951200000003155 	326.299987792969 	9.42859275642988E-13 	
326.399963378906 	-0.947100000001228 	326.399963378906 	9.49181715585543E-13 	
326.5 	-0.944500000001426 	326.5 	9.55305506932315E-13 	
326.599975585938 	-0.949799999998504 	326.599975585938 	9.61223177088615E-13 	
326.700012207031 	-0.946300000003248 	326.700012207031 	9.6694195153693E-13 	
326.799987792969 	-0.944700000000012 	326.799987792969 	9.72454851906976E-13 	
326.899963378906 	-0.933500000002823 	326.899963378906 	9.77765429143093E-13 	
327 	-0.921099999999569 	327 	9.82876740040627E-13 	
327.099975585938 	-0.909100000000763 	327.099975585938 	9.87782547490489E-13 	
327.200012207031 	-0.902800000003481 	327.200012207031 	9.92488841489566E-13 	
327.299987792969 	-0.897899999999936 	327.299987792969 	9.96989879153174E-13 	
327.399963378906 	-0.899600000004284 	327.399963378906 	1.00128859368285E-12 	
327.5 	-0.902500000000146 	327.5 	1.00538742413115E-12 	
327.599975585938 	-0.909599999999045 	327.599975585938 	1.00928136887457E-12 	
327.700012207031 	-0.903200000000652 	327.700012207031 	1.01297518242441E-12 	
327.799987792969 	-0.902500000003783 	327.799987792969 	1.01646435738158E-12 	
327.899963378906 	-0.902400000002672 	327.899963378906 	1.01975120920482E-12 	
328 	-0.906700000003184 	328 	1.02283755920388E-12 	
328.099975585938 	-0.897600000000239 	328.099975585938 	1.02571964124086E-12 	
328.200012207031 	-0.903500000000349 	328.200012207031 	1.02840097434146E-12 	
328.299987792969 	-0.89810000000216 	328.299987792969 	1.03087828659219E-12 	
328.399963378906 	-0.896199999999226 	328.399963378906 	1.033153275709E-12 	
328.5 	-0.897800000002462 	328.5 	1.03522714525881E-12 	
328.599975585938 	-0.893400000000838 	328.599975585938 	1.03709736458936E-12 	
328.700012207031 	-0.898300000000745 	328.700012207031 	1.03876621724072E-12 	
328.799987792969 	-0.895600000003469 	328.799987792969 	1.04023166678502E-12 	
328.899963378906 	-0.89679999999862 	328.899963378906 	1.04149479319538E-12 	
329 	-0.89429999999993 	329 	1.04255618229596E-12 	
329.099975585938 	-0.895600000003469 	329.099975585938 	1.04341453892007E-12 	
329.200012207031 	-0.922000000002299 	329.200012207031 	1.04407091112219E-12 	
329.299987792969 	-0.940099999999802 	329.299987792969 	1.04452449796005E-12 	
329.399963378906 	-0.970100000002276 	329.399963378906 	1.04477576166397E-12 	
329.5 	-0.968800000002375 	329.5 	1.04482467031532E-12 	
329.599975585938 	-0.968400000001566 	329.599975585938 	1.04467116423299E-12 	
329.700012207031 	-0.964700000000448 	329.700012207031 	1.04431505598587E-12 	
329.799987792969 	-0.953000000001339 	329.799987792969 	1.04375678011729E-12 	
329.899963378906 	-0.948500000002241 	329.899963378906 	1.04299618111478E-12 	
330 	-0.934800000002724 	330 	1.04203260931688E-12 	
330.099975585938 	-0.916399999998248 	330.099975585938 	1.04086724052811E-12 	
330.200012207031 	-0.914099999998143 	330.200012207031 	1.03949865183176E-12 	
330.299987792969 	-0.886900000001333 	330.299987792969 	1.03792851325674E-12 	
330.399963378906 	-0.880499999999302 	330.399963378906 	1.03615605154779E-12 	
330.5 	-0.859300000000076 	330.5 	1.03417999930065E-12 	
330.599975585938 	-0.858700000000681 	330.599975585938 	1.03200276780545E-12 	
330.700012207031 	-0.850200000000768 	330.700012207031 	1.02962169865985E-12 	
330.799987792969 	-0.859300000003714 	330.799987792969 	1.02703969737839E-12 	
330.899963378906 	-0.867700000002515 	330.899963378906 	1.024255372963E-12 	
331 	-0.877700000000914 	331 	1.02126684026663E-12 	
331.099975585938 	-0.875500000001921 	331.099975585938 	1.01807774606499E-12 	
331.200012207031 	-0.871500000001106 	331.200012207031 	1.01468419647016E-12 	
331.299987792969 	-0.865700000002107 	331.299987792969 	1.01109033248226E-12 	
331.399963378906 	-0.860000000000582 	331.399963378906 	1.00729414536043E-12 	
331.5 	-0.861500000002707 	331.5 	1.00329313221482E-12 	
331.599975585938 	-0.865799999999581 	331.599975585938 	9.99092175306738E-13 	
331.700012207031 	-0.868500000000495 	331.700012207031 	9.94686145262671E-13 	
331.799987792969 	-0.866600000001199 	331.799987792969 	9.90080418568334E-13 	
331.899963378906 	-0.864900000000489 	331.899963378906 	9.85272368740068E-13 	
332 	-0.860199999999168 	332 	9.80258875145218E-13 	
332.099975585938 	-0.858700000000681 	332.099975585938 	9.75046055530698E-13 	
332.200012207031 	-0.850299999998242 	332.200012207031 	9.69627545037392E-13 	
332.299987792969 	-0.845900000003894 	332.299987792969 	9.64009955636617E-13 	
332.399963378906 	-0.841400000001158 	332.399963378906 	9.58190043101912E-13 	
332.5 	-0.842900000003283 	332.5 	9.52164069057825E-13 	
332.599975585938 	-0.844700000001467 	332.599975585938 	9.45939386736866E-13 	
332.700012207031 	-0.845700000001671 	332.700012207031 	9.39508395794322E-13 	
332.799987792969 	-0.844100000002072 	332.799987792969 	9.32878943687108E-13 	
332.899963378906 	-0.851600000001781 	332.899963378906 	9.26047168445966E-13 	
333 	-0.855400000000373 	333 	9.19008713952639E-13 	
333.099975585938 	-0.860500000002503 	333.099975585938 	9.11772168925242E-13 	
333.200012207031 	-0.858700000000681 	333.200012207031 	9.0432869753346E-13 	
333.299987792969 	-0.857700000000477 	333.299987792969 	8.96687382719808E-13 	
333.399963378906 	-0.856100000000879 	333.399963378906 	8.88843744772227E-13 	
333.5 	-0.860300000000279 	333.5 	8.80792809829663E-13 	
333.599975585938 	-0.859599999999773 	333.599975585938 	8.72544402095827E-13 	
333.700012207031 	-0.86160000000018 	333.700012207031 	8.64088450254807E-13 	
333.799987792969 	-0.858299999999872 	333.799987792969 	8.55435272734717E-13 	
333.899963378906 	-0.860000000000582 	333.899963378906 	8.46579772080698E-13 	
334 	-0.864600000000792 	334 	8.37516356688895E-13 	
334.099975585938 	-0.869599999998172 	334.099975585938 	8.28256086248621E-13 	
334.200012207031 	-0.865499999999884 	334.200012207031 	8.18787653958362E-13 	
334.299987792969 	-0.856200000001991 	334.299987792969 	8.09122613731834E-13 	
334.399963378906 	-0.855900000002293 	334.399963378906 	7.99255250371376E-13 	
334.5 	-0.857700000004115 	334.5 	7.89179354530335E-13 	
334.599975585938 	-0.85910000000149 	334.599975585938 	7.78907221383623E-13 	
334.700012207031 	-0.859800000001997 	334.700012207031 	7.68426308644126E-13 	
334.799987792969 	-0.856800000001385 	334.799987792969 	7.5774940571116E-13 	
334.899963378906 	-0.856700000003912 	334.899963378906 	7.46870179644264E-13 	
335 	-0.856800000001385 	335 	7.35781803353985E-13 	
335.099975585938 	-0.859900000003108 	335.099975585938 	7.24497807500834E-13 	
335.200012207031 	-0.859599999999773 	335.200012207031 	7.13004414312099E-13 	
335.299987792969 	-0.860600000003615 	335.299987792969 	7.01315648672694E-13 	
335.399963378906 	-0.859800000001997 	335.399963378906 	6.8942455989936E-13 	
335.5 	-0.858600000003207 	335.5 	6.77323703159842E-13 	
335.599975585938 	-0.856100000000879 	335.599975585938 	6.65027844600254E-13 	
335.700012207031 	-0.851500000000669 	335.700012207031 	6.5252197096228E-13 	
335.799987792969 	-0.848200000000361 	335.799987792969 	6.39821342616437E-13 	
335.899963378906 	-0.846499999999651 	335.899963378906 	6.26918391136665E-13 	
336 	-0.848500000003696 	336 	6.13805053947909E-13 	
336.099975585938 	-0.848700000002282 	336.099975585938 	6.00497332681882E-13 	
336.200012207031 	-0.851200000000972 	336.200012207031 	5.8697897859467E-13 	
336.299987792969 	-0.851800000000367 	336.299987792969 	5.73266487542388E-13 	
336.399963378906 	-0.851699999999255 	336.399963378906 	5.59351673356178E-13 	
336.5 	-0.851500000000669 	336.5 	5.45225855718183E-13 	
336.599975585938 	-0.848399999998946 	336.599975585938 	5.30906271745718E-13 	
336.700012207031 	-0.852100000000064 	336.700012207031 	5.16375437209268E-13 	
336.799987792969 	-0.855300000002899 	336.799987792969 	5.01651083450548E-13 	
336.899963378906 	-0.852100000000064 	336.899963378906 	4.86724406557899E-13 	
337 	-0.850400000002992 	337 	4.71586108470667E-13 	
337.099975585938 	-0.849100000003091 	337.099975585938 	4.56254661791763E-13 	
337.200012207031 	-0.846199999999953 	337.200012207031 	4.40711346806075E-13 	
337.299987792969 	-0.846000000001368 	337.299987792969 	4.24975130340917E-13 	
337.399963378906 	-0.847799999999552 	337.399963378906 	4.0903659074183E-13 	
337.5 	-0.84780000000319 	337.5 	3.92885812205359E-13 	
337.599975585938 	-0.845800000002782 	337.599975585938 	3.76542502820017E-13 	
337.700012207031 	-0.845600000000559 	337.700012207031 	3.5998670738509E-13 	
337.799987792969 	-0.85109999999986 	337.799987792969 	3.43238628213494E-13 	
337.899963378906 	-0.855100000000675 	337.899963378906 	3.26288225907968E-13 	
338 	-0.853300000002491 	338 	3.09124966922259E-13 	
338.099975585938 	-0.849200000000565 	338.099975585938 	2.91769794830479E-13 	
338.200012207031 	-0.852200000001176 	338.200012207031 	2.74201518946314E-13 	
338.299987792969 	-0.855100000000675 	338.299987792969 	2.56441577068279E-13 	
338.399963378906 	-0.854600000002392 	338.399963378906 	2.38479312056316E-13 	
338.5 	-0.852200000001176 	338.5 	2.20303572621368E-13 	
338.599975585938 	-0.849000000001979 	338.599975585938 	2.0193653782315E-13 	
338.700012207031 	-0.852300000002288 	338.700012207031 	1.83355781489747E-13 	
338.799987792969 	-0.852100000000064 	338.799987792969 	1.64583976905274E-13 	
338.899963378906 	-0.851800000000367 	338.899963378906 	1.45609849186872E-13 	
339 	-0.849800000003597 	339 	1.26421629302686E-13 	
339.099975585938 	-0.851300000002084 	339.099975585938 	1.0704273179803E-13 	
339.200012207031 	-0.849799999999959 	339.200012207031 	8.74494950153876E-14 	
339.299987792969 	-0.852399999999761 	339.299987792969 	6.76658277244765E-14 	
339.399963378906 	-0.854100000000471 	339.399963378906 	4.76798372996364E-14 	
339.5 	-0.851400000003196 	339.5 	2.74791369662124E-14 	
339.599975585938 	-0.849200000000565 	339.599975585938 	9.99763251789276E-15 	
339.700012207031 	-0.851699999999255 	339.700012207031 	2.05147495287573E-14 	
339.799987792969 	-0.856500000001688 	339.799987792969 	3.0974072879133E-14 	
339.899963378906 	-0.856999999999971 	339.899963378906 	4.13820350359416E-14 	
340 	-0.854299999999057 	340 	5.1744943022802E-14 	
340.099975585938 	-0.85320000000138 	340.099975585938 	6.20501514364365E-14 	
340.200012207031 	-0.854800000000978 	340.200012207031 	7.23102429489006E-14 	
340.299987792969 	-0.857800000001589 	340.299987792969 	8.2512697619361E-14 	
340.399963378906 	-0.859400000001187 	340.399963378906 	9.26637910962535E-14 	
340.5 	-0.858500000002095 	340.5 	1.02769673584713E-13 	
340.599975585938 	-0.858400000000984 	340.599975585938 	1.12818013318432E-13 	
340.700012207031 	-0.855800000001182 	340.700012207031 	1.22821079332495E-13 	
340.799987792969 	-0.855100000004313 	340.799987792969 	1.3276666532304E-13 	
340.899963378906 	-0.855300000002899 	340.899963378906 	1.42660890120018E-13 	
341 	-0.856700000000274 	341 	1.52509747110076E-13 	
341.099975585938 	-0.860400000001391 	341.099975585938 	1.6230121816388E-13 	
341.200012207031 	-0.863100000002305 	341.200012207031 	1.72047258679541E-13 	
341.299987792969 	-0.862200000003213 	341.299987792969 	1.8173597599017E-13 	
341.399963378906 	-0.859500000002299 	341.399963378906 	1.91373332107233E-13 	
341.5 	-0.861499999999069 	341.5 	2.0096516359889E-13 	
341.599975585938 	-0.866800000003423 	341.599975585938 	2.10499765972779E-13 	
341.700012207031 	-0.867600000001403 	341.700012207031 	2.19988780990039E-13 	
341.799987792969 	-0.869399999999587 	341.799987792969 	2.29420629620753E-13 	
341.899963378906 	-0.871699999999691 	341.899963378906 	2.38801117057901E-13 	
342 	-0.876899999999296 	342 	2.48135923051156E-13 	
342.099975585938 	-0.881400000002031 	342.099975585938 	2.57413656745129E-13 	
342.200012207031 	-0.883600000001024 	342.200012207031 	2.66645646263988E-13 	
342.299987792969 	-0.877300000000105 	342.299987792969 	2.75820626214787E-13 	
342.399963378906 	-0.879899999999907 	342.399963378906 	2.8494424497202E-13 	
342.5 	-0.877199999998993 	342.5 	2.94022025466874E-13 	
342.599975585938 	-0.881499999999505 	342.599975585938 	3.03042890480932E-13 	
342.700012207031 	-0.87840000000142 	342.700012207031 	3.1201785450139E-13 	
342.799987792969 	-0.878500000002532 	342.799987792969 	3.20935965772273E-13 	
342.899963378906 	-0.876299999999901 	342.899963378906 	3.2980271584959E-13 	
343 	-0.876100000001315 	343 	3.38623470846043E-13 	
343.099975585938 	-0.869500000000698 	343.099975585938 	3.47387467180186E-13 	
343.200012207031 	-0.863200000003417 	343.200012207031 	3.56105405702243E-13 	
343.299987792969 	-0.862200000003213 	343.299987792969 	3.64766648293211E-13 	
343.399963378906 	-0.864100000002509 	343.399963378906 	3.73376529690613E-13 	
343.5 	-0.862400000001799 	343.5 	3.81940259188665E-13 	
343.599975585938 	-0.855999999999767 	343.599975585938 	3.90447386842891E-13 	
343.700012207031 	-0.852399999999761 	343.700012207031 	3.98908299866547E-13 	
343.799987792969 	-0.85200000000259 	343.799987792969 	4.073126737776E-13 	
343.899963378906 	-0.851500000004307 	343.899963378906 	4.15665686495086E-13 	
344 	-0.850500000000466 	344 	4.23972390494737E-13 	
344.099975585938 	-0.849600000001374 	344.099975585938 	4.32222649469049E-13 	
344.200012207031 	-0.846699999998236 	344.200012207031 	4.40426536994303E-13 	
344.299987792969 	-0.848099999999249 	344.299987792969 	4.48574042225441E-13 	
344.399963378906 	-0.846800000002986 	344.399963378906 	4.56670186263012E-13 	
344.5 	-0.845700000001671 	344.5 	4.64719864764261E-13 	
344.599975585938 	-0.842200000002777 	344.599975585938 	4.72713255058658E-13 	
344.700012207031 	-0.842100000001665 	344.700012207031 	4.80660117085511E-13 	
344.799987792969 	-0.842199999999139 	344.799987792969 	4.88550753636734E-13 	
344.899963378906 	-0.84400000000096 	344.899963378906 	4.96390028994389E-13 	
345 	-0.841100000001461 	345 	5.04182681997238E-13 	
345.099975585938 	-0.836800000000949 	345.099975585938 	5.11919203611719E-13 	
345.200012207031 	-0.834500000000844 	345.200012207031 	5.1960904014017E-13 	
345.299987792969 	-0.832299999998213 	345.299987792969 	5.27242808011478E-13 	
345.399963378906 	-0.833900000001449 	345.399963378906 	5.34825214689218E-13 	
345.5 	-0.83270000000266 	345.5 	5.42360842193665E-13 	
345.599975585938 	-0.832099999999627 	345.599975585938 	5.49840495128231E-13 	
345.700012207031 	-0.829499999999825 	345.700012207031 	5.57273306158282E-13 	
345.799987792969 	-0.83009999999922 	345.799987792969 	5.64650205349674E-13 	
345.899963378906 	-0.826600000000326 	345.899963378906 	5.71975743347498E-13 	
346 	-0.828900000000431 	346 	5.79254345353545E-13 	
346.099975585938 	-0.825700000001234 	346.099975585938 	5.86477129608196E-13 	
346.200012207031 	-0.827700000001641 	346.200012207031 	5.93652915139845E-13 	
346.299987792969 	-0.826900000003661 	346.299987792969 	6.00772945651322E-13 	
346.399963378906 	-0.819200000001729 	346.399963378906 	6.07841614969231E-13 	
346.5 	-0.81420000000071 	346.5 	6.14863191476876E-13 	
346.599975585938 	-0.810900000000402 	346.599975585938 	6.21829107051611E-13 	
346.700012207031 	-0.810099999998783 	346.700012207031 	6.28747867084859E-13 	
346.799987792969 	-0.809499999999389 	346.799987792969 	6.35611028916421E-13 	
346.899963378906 	-0.81340000000273 	346.899963378906 	6.42422829554415E-13 	
347 	-0.815400000003137 	347 	6.49187380563659E-13 	
347.099975585938 	-0.820299999999406 	347.099975585938 	6.55896427458479E-13 	
347.200012207031 	-0.826600000000326 	347.200012207031 	6.62558161993326E-13 	
347.299987792969 	-0.827499999999418 	347.299987792969 	6.69164455144972E-13 	
347.399963378906 	-0.832800000000134 	347.399963378906 	6.7571938710305E-13 	
347.5 	-0.834600000001956 	347.5 	6.82226912613893E-13 	
347.599975585938 	-0.83469999999943 	347.599975585938 	6.88679090828798E-13 	
347.700012207031 	-0.836500000001251 	347.700012207031 	6.95083799865244E-13 	
347.799987792969 	-0.83640000000014 	347.799987792969 	7.01433224336974E-13 	
347.899963378906 	-0.838700000000244 	347.899963378906 	7.07731287615138E-13 	
348 	-0.835500000001048 	348 	7.1398178762758E-13 	
348.099975585938 	-0.836400000003778 	348.099975585938 	7.20177097162569E-13 	
348.200012207031 	-0.837800000001153 	348.200012207031 	7.26324780700614E-13 	
348.299987792969 	-0.841800000001967 	348.299987792969 	7.32417336492428E-13 	
348.399963378906 	-0.843799999998737 	348.399963378906 	7.38458531090677E-13 	
348.5 	-0.845300000000861 	348.5 	7.44452005604717E-13 	
348.599975585938 	-0.840000000003783 	348.599975585938 	7.50390446459792E-13 	
348.700012207031 	-0.848200000000361 	348.700012207031 	7.56281104499435E-13 	
348.799987792969 	-0.835500000001048 	348.799987792969 	7.62116791611335E-13 	
348.899963378906 	-0.842499999998836 	348.899963378906 	7.67901117529668E-13 	
349 	-0.845700000001671 	349 	7.73637566545307E-13 	
349.099975585938 	-0.848699999998644 	349.099975585938 	7.79319138720465E-13 	
349.200012207031 	-0.836800000000949 	349.200012207031 	7.84952771261707E-13 	
349.299987792969 	-0.83560000000216 	349.299987792969 	7.90531589693692E-13 	
349.399963378906 	-0.836800000000949 	349.399963378906 	7.9605904693211E-13 	
349.5 	-0.832399999999325 	349.5 	8.01538470449348E-13 	
349.599975585938 	-0.831300000001647 	349.599975585938 	8.06963173944592E-13 	
349.700012207031 	-0.78780000000188 	349.700012207031 	8.12339780987432E-13 	
349.799987792969 	-0.771500000002561 	349.799987792969 	8.17661730739502E-13 	
349.899963378906 	-0.771500000002561 	349.899963378906 	8.22932319298004E-13 	
350 	-0.779300000001967 	350 	8.28154717316841E-13 	
350.099975585938 	-0.779300000001967 	350.099975585938 	8.33322552132169E-13 	
350.200012207031 	 	350.200012207031 	8.38442133676608E-13 	
350.299987792969 	 	350.299987792969 	8.43507214748763E-13 	
350.399963378906 	 	350.399963378906 	8.4852093462735E-13 	
350.5 	 	350.5 	8.53486307147785E-13 	
350.599975585938 	 	350.599975585938 	8.58397273283198E-13 	
350.700012207031 	 	350.700012207031 	8.63259829329237E-13 	
350.799987792969 	 	350.799987792969 	8.68068041721476E-13 	
350.899963378906 	 	350.899963378906 	8.72824892920147E-13 	
351 	 	351 	8.72824892920147E-13 	
351.099975585938 	 	351.099975585938 	25.2029140287938 	
351.200012207031 	 	351.200012207031 	25.6762724738408 	
351.299987792969 	 	351.299987792969 	25.6851408897377 	
351.399963378906 	 	351.399963378906 	25.6853075198583 	
351.5 	 	351.5 	25.685310629989 	
351.599975585938 	 	351.599975585938 	25.6853108474401 	
351.700012207031 	 	351.700012207031 	25.6853111574016 	
351.799987792969 	 	351.799987792969 	25.6853108395183 	
351.899963378906 	 	351.899963378906 	25.6853106424439 	
352 	 	352 	25.6853106819843 	
352.099975585938 	 	352.099975585938 	25.6853107594424 	
352.200012207031 	 	352.200012207031 	25.685310813554 	
352.299987792969 	 	352.299987792969 	25.6853108363428 	
352.399963378906 	 	352.399963378906 	25.6853108359057 	
352.5 	 	352.5 	25.6853108372566 	
352.599975585938 	 	352.599975585938 	25.6853108282173 	
352.700012207031 	27.8953999999976 	352.700012207031 	25.6853108265564 	
352.799987792969 	26.1748999999982 	352.799987792969 	25.6853108247122 	
352.899963378906 	25.064699999999 	352.899963378906 	25.6853108240737 	
353 	24.0991999999969 	353 	25.6853108238396 	
353.099975585938 	23.518799999998 	353.099975585938 	25.6853108240101 	
353.200012207031 	23.005799999999 	353.200012207031 	25.68531082415 	
353.299987792969 	22.7573999999986 	353.299987792969 	25.6853108241572 	
353.399963378906 	22.5955999999969 	353.399963378906 	25.6853108241644 	
353.5 	22.4452999999994 	353.5 	25.6853108241716 	
353.599975585938 	22.4668999999994 	353.599975585938 	25.6853108241788 	
353.700012207031 	22.5099000000009 	353.700012207031 	25.6853108241861 	
353.799987792969 	22.581299999998 	353.799987792969 	25.6853108241933 	
353.899963378906 	22.6839 	353.899963378906 	25.6853108242005 	
354 	22.7686999999969 	354 	25.6853108242077 	
354.099975585938 	22.8732999999993 	354.099975585938 	25.6853108242149 	
354.200012207031 	22.9910999999993 	354.200012207031 	25.6853108242221 	
354.299987792969 	23.1607999999978 	354.299987792969 	25.6853108242293 	
354.399963378906 	23.2981 	354.399963378906 	25.6853108242365 	
354.5 	23.4284000000007 	354.5 	25.6853108242437 	
354.599975585938 	23.5525999999991 	354.599975585938 	25.6853108242509 	
354.700012207031 	23.6829999999973 	354.700012207031 	25.6853108242581 	
354.799987792969 	23.8247999999985 	354.799987792969 	25.6853108242654 	
354.899963378906 	23.9586999999992 	354.899963378906 	25.6853108242685 	
355 	24.0865999999987 	355 	25.6853108242686 	
355.099975585938 	24.2121999999981 	355.099975585938 	25.6853108242686 	
355.200012207031 	24.2492999999995 	355.200012207031 	25.6853108242686 	
355.299987792969 	24.3102999999974 	355.299987792969 	25.6853108242687 	
355.399963378906 	24.3881000000001 	355.399963378906 	25.6853108242687 	
355.5 	24.4619999999995 	355.5 	25.6853108242687 	
355.599975585938 	24.5476999999992 	355.599975585938 	25.6853108242687 	
355.700012207031 	24.6635999999962 	355.700012207031 	25.6853108242688 	
355.799987792969 	24.8010999999969 	355.799987792969 	25.6853108242688 	
355.899963378906 	24.9442999999992 	355.899963378906 	25.6853108242688 	
356 	24.9625000000015 	356 	25.6853108242688 	
356.099975585938 	24.9851999999992 	356.099975585938 	25.6853108242689 	
356.200012207031 	25.0210000000006 	356.200012207031 	25.6853108242689 	
356.299987792969 	25.0603999999985 	356.299987792969 	25.6853108242689 	
356.399963378906 	25.0869999999995 	356.399963378906 	25.685310824269 	
356.5 	25.132999999998 	356.5 	25.685310824269 	
356.599975585938 	25.1828999999998 	356.599975585938 	25.685310824269 	
356.700012207031 	25.235899999996 	356.700012207031 	25.685310824269 	
356.799987792969 	25.2759000000005 	356.799987792969 	25.6853108242691 	
356.899963378906 	25.3159999999989 	356.899963378906 	25.6853108242691 	
357 	25.3531999999977 	357 	25.6853108242691 	
357.099975585938 	25.3896999999997 	357.099975585938 	25.6853108242692 	
357.200012207031 	25.4264000000003 	357.200012207031 	25.6853108242692 	
357.299987792969 	25.4534999999996 	357.299987792969 	25.6853108242692 	
357.399963378906 	25.4850999999981 	357.399963378906 	25.6853108242692 	
357.5 	25.5159999999996 	357.5 	25.6853108242693 	
357.599975585938 	25.5352000000021 	357.599975585938 	25.6853108242693 	
357.700012207031 	25.5630999999994 	357.700012207031 	25.6853108242693 	
357.799987792969 	25.5899999999965 	357.799987792969 	25.6853108242694 	
357.899963378906 	25.6143000000011 	357.899963378906 	25.6853108242694 	
358 	25.6406999999999 	358 	25.6853108242694 	
358.099975585938 	25.6499999999978 	358.099975585938 	25.6853108242694 	
358.200012207031 	25.6848999999966 	358.200012207031 	25.6853108242695 	
358.299987792969 	25.7129000000023 	358.299987792969 	25.6853108242695 	
358.399963378906 	25.7368999999999 	358.399963378906 	25.6853108242695 	
358.5 	25.7636999999995 	358.5 	25.6853108242695 	
358.599975585938 	25.7832999999991 	358.599975585938 	25.6853108242696 	
358.700012207031 	25.7947999999997 	358.700012207031 	25.6853108242696 	
358.799987792969 	25.7972000000009 	358.799987792969 	25.6853108242696 	
358.899963378906 	25.8171999999977 	358.899963378906 	25.6853108242697 	
359 	25.840699999997 	359 	25.6853108242697 	
359.099975585938 	25.8489999999983 	359.099975585938 	25.6853108242697 	
359.200012207031 	25.8711999999978 	359.200012207031 	25.6853108242697 	
359.299987792969 	25.8856000000014 	359.299987792969 	25.6853108242698 	
359.399963378906 	25.8838999999971 	359.399963378906 	25.6853108242698 	
359.5 	25.8924000000006 	359.5 	25.6853108242698 	
359.599975585938 	25.906799999997 	359.599975585938 	25.6853108242699 	
359.700012207031 	25.9144000000015 	359.700012207031 	25.6853108242699 	
359.799987792969 	25.9300999999978 	359.799987792969 	25.6853108242699 	
359.899963378906 	25.9589999999989 	359.899963378906 	25.6853108242699 	
360 	25.9668999999994 	360 	25.68531082427 	
360.099975585938 	25.9667999999983 	360.099975585938 	25.68531082427 	
360.200012207031 	25.9818999999989 	360.200012207031 	25.68531082427 	
360.299987792969 	25.9907999999996 	360.299987792969 	25.6853108242701 	
360.399963378906 	25.9928 	360.399963378906 	25.6853108242701 	
360.5 	26.0174000000006 	360.5 	25.6853108242701 	
360.599975585938 	26.0458999999973 	360.599975585938 	25.6853108242701 	
360.700012207031 	26.0392999999967 	360.700012207031 	25.6853108242702 	
360.799987792969 	26.0621999999967 	360.799987792969 	25.6853108242702 	
360.899963378906 	26.0652999999984 	360.899963378906 	25.6853108242702 	
361 	26.0668000000005 	361 	25.6853108242703 	
361.099975585938 	26.0597999999991 	361.099975585938 	25.6853108242703 	
361.200012207031 	26.0653999999995 	361.200012207031 	25.6853108242703 	
361.299987792969 	26.0701000000008 	361.299987792969 	25.6853108242703 	
361.399963378906 	26.0836999999992 	361.399963378906 	25.6853108242703 	
361.5 	26.0965999999971 	361.5 	25.6853108242703 	
361.599975585938 	26.087099999997 	361.599975585938 	25.6853108242703 	
361.700012207031 	26.0856999999996 	361.700012207031 	25.6853108242703 	
361.799987792969 	26.1045999999988 	361.799987792969 	25.6853108242703 	
361.899963378906 	26.105099999997 	361.899963378906 	25.6853108242703 	
362 	26.1206999999995 	362 	25.6853108242703 	
362.099975585938 	26.1076999999968 	362.099975585938 	25.6853108242703 	
362.200012207031 	26.1286999999975 	362.200012207031 	25.6853108242703 	
362.299987792969 	26.1392000000014 	362.299987792969 	25.6853108242703 	
362.399963378906 	26.1352999999981 	362.399963378906 	25.6853108242703 	
362.5 	26.1231000000007 	362.5 	25.6853108242703 	
362.599975585938 	26.1053999999967 	362.599975585938 	25.6853108242703 	
362.700012207031 	26.1081000000013 	362.700012207031 	25.6853108242703 	
362.799987792969 	26.1154999999962 	362.799987792969 	25.6853108242703 	
362.899963378906 	26.1104999999989 	362.899963378906 	25.6853108242703 	
363 	26.1186000000016 	363 	25.6853108242703 	
363.099975585938 	26.1088999999956 	363.099975585938 	25.6853108242703 	
363.200012207031 	26.118099999996 	363.200012207031 	25.6853108242703 	
363.299987792969 	26.1088999999993 	363.299987792969 	25.6853108242703 	
363.399963378906 	26.1052000000018 	363.399963378906 	25.6853108242703 	
363.5 	26.1046999999962 	363.5 	25.6853108242703 	
363.599975585938 	26.1201000000001 	363.599975585938 	25.6853108242703 	
363.700012207031 	26.1218000000008 	363.700012207031 	25.6853108242703 	
363.799987792969 	26.1362999999983 	363.799987792969 	25.6853108242703 	
363.899963378906 	26.1372999999985 	363.899963378906 	25.6853108242703 	
364 	26.1361999999972 	364 	25.6853108242703 	
364.099975585938 	26.1294999999991 	364.099975585938 	25.6853108242703 	
364.200012207031 	26.1356999999989 	364.200012207031 	25.6853108242703 	
364.299987792969 	26.1385999999984 	364.299987792969 	25.6853108242703 	
364.399963378906 	26.1474999999991 	364.399963378906 	25.6853108242703 	
364.5 	26.1576999999997 	364.5 	25.6853108242703 	
364.599975585938 	26.1677999999993 	364.599975585938 	25.6853108242703 	
364.700012207031 	26.1569999999992 	364.700012207031 	25.6853108242703 	
364.799987792969 	26.1483000000007 	364.799987792969 	25.6853108242703 	
364.899963378906 	26.1202999999987 	364.899963378906 	25.6853108242703 	
365 	26.1023999999961 	365 	25.6853108242703 	
365.099975585938 	26.1021999999975 	365.099975585938 	25.6853108242703 	
365.200012207031 	26.1026999999958 	365.200012207031 	25.6853108242703 	
365.299987792969 	26.1075999999994 	365.299987792969 	25.6853108242703 	
365.399963378906 	26.1045999999988 	365.399963378906 	25.6853108242703 	
365.5 	26.1051999999981 	365.5 	25.6853108242703 	
365.599975585938 	26.0964999999997 	365.599975585938 	25.6853108242703 	
365.700012207031 	26.0931999999993 	365.700012207031 	25.6853108242703 	
365.799987792969 	26.1016999999993 	365.799987792969 	25.6853108242703 	
365.899963378906 	26.1222999999954 	365.899963378906 	25.6853108242703 	
366 	26.1435999999994 	366 	25.6853108242703 	
366.099975585938 	26.1579999999994 	366.099975585938 	25.6853108242703 	
366.200012207031 	26.1647000000012 	366.200012207031 	25.6853108242703 	
366.299987792969 	26.1466 	366.299987792969 	25.6853108242703 	
366.399963378906 	26.1320999999989 	366.399963378906 	25.6853108242703 	
366.5 	26.1421999999984 	366.5 	25.6853108242703 	
366.599975585938 	26.1414999999979 	366.599975585938 	25.6853108242703 	
366.700012207031 	26.1433999999972 	366.700012207031 	25.6853108242703 	
366.799987792969 	26.1476000000002 	366.799987792969 	25.6853108242703 	
366.899963378906 	26.168099999999 	366.899963378906 	25.6853108242703 	
367 	26.1760999999969 	367 	25.6853108242703 	
367.099975585938 	26.1702000000005 	367.099975585938 	25.6853108242703 	
367.200012207031 	26.1778000000013 	367.200012207031 	25.6853108242703 	
367.299987792969 	26.1705000000002 	367.299987792969 	25.6853108242703 	
367.399963378906 	26.1781999999985 	367.399963378906 	25.6853108242703 	
367.5 	26.1873999999989 	367.5 	25.6853108242703 	
367.599975585938 	26.191899999998 	367.599975585938 	25.6853108242703 	
367.700012207031 	26.1985999999961 	367.700012207031 	25.6853108242703 	
367.799987792969 	26.1952999999994 	367.799987792969 	25.6853108242703 	
367.899963378906 	26.1935999999987 	367.899963378906 	25.6853108242703 	
368 	26.1787999999979 	368 	25.6853108242703 	
368.099975585938 	26.1635999999999 	368.099975585938 	25.6853108242703 	
368.200012207031 	26.1656999999977 	368.200012207031 	25.6853108242703 	
368.299987792969 	26.1568999999981 	368.299987792969 	25.6853108242703 	
368.399963378906 	26.175299999999 	368.399963378906 	25.6853108242703 	
368.5 	26.1866000000009 	368.5 	25.6853108242703 	
368.599975585938 	26.1883000000016 	368.599975585938 	25.6853108242703 	
368.700012207031 	26.186099999999 	368.700012207031 	25.6853108242703 	
368.799987792969 	26.1790000000001 	368.799987792969 	25.6853108242703 	
368.899963378906 	26.1828999999998 	368.899963378906 	25.6853108242703 	
369 	26.196899999999 	369 	25.6853108242703 	
369.099975585938 	26.1862999999976 	369.099975585938 	25.6853108242703 	
369.200012207031 	26.1706999999988 	369.200012207031 	25.6853108242703 	
369.299987792969 	26.1736999999994 	369.299987792969 	25.6853108242703 	
369.399963378906 	26.1621000000014 	369.399963378906 	25.6853108242703 	
369.5 	26.143799999998 	369.5 	25.6853108242703 	
369.599975585938 	26.1254999999983 	369.599975585938 	25.6853108242703 	
369.700012207031 	26.1359000000011 	369.700012207031 	25.6853108242703 	
369.799987792969 	26.1251999999986 	369.799987792969 	25.6853108242703 	
369.899963378906 	26.1222000000016 	369.899963378906 	25.6853108242703 	
370 	26.1209999999955 	370 	25.6853108242703 	
370.099975585938 	26.1061000000009 	370.099975585938 	25.6853108242703 	
370.200012207031 	26.1021000000001 	370.200012207031 	25.6853108242703 	
370.299987792969 	26.1394999999975 	370.299987792969 	25.6853108242703 	
370.399963378906 	26.1494999999995 	370.399963378906 	25.6853108242703 	
370.5 	26.1568000000007 	370.5 	25.6853108242703 	
370.599975585938 	26.1555000000008 	370.599975585938 	25.6853108242703 	
370.700012207031 	26.1656999999977 	370.700012207031 	25.6853108242703 	
370.799987792969 	26.1548999999977 	370.799987792969 	25.6853108242703 	
370.899963378906 	26.1535000000003 	370.899963378906 	25.6853108242703 	
371 	26.1444999999985 	371 	25.6853108242703 	
371.099975585938 	26.1455000000024 	371.099975585938 	25.6853108242703 	
371.200012207031 	26.150700000002 	371.200012207031 	25.6853108242703 	
371.299987792969 	26.1709999999985 	371.299987792969 	25.6853108242703 	
371.399963378906 	26.1565999999984 	371.399963378906 	25.6853108242703 	
371.5 	26.1465999999964 	371.5 	25.6853108242703 	
371.599975585938 	26.1591000000008 	371.599975585938 	25.6853108242703 	
371.700012207031 	26.1688999999969 	371.700012207031 	25.6853108242703 	
371.799987792969 	26.1736999999994 	371.799987792969 	25.6853108242703 	
371.899963378906 	26.1785999999956 	371.899963378906 	25.6853108242703 	
372 	26.1899999999987 	372 	25.6853108242703 	
372.099975585938 	26.2055999999975 	372.099975585938 	25.6853108242703 	
372.200012207031 	26.1934999999976 	372.200012207031 	25.6853108242703 	
372.299987792969 	26.1917999999969 	372.299987792969 	25.6853108242703 	
372.399963378906 	26.1879999999983 	372.399963378906 	25.6853108242703 	
372.5 	26.1872000000003 	372.5 	25.6853108242703 	
372.599975585938 	26.1811000000016 	372.599975585938 	25.6853108242703 	
372.700012207031 	26.1627999999982 	372.700012207031 	25.6853108242703 	
372.799987792969 	26.1511999999966 	372.799987792969 	25.6853108242703 	
372.899963378906 	26.1503999999986 	372.899963378906 	25.6853108242703 	
373 	26.1444999999985 	373 	25.6853108242703 	
373.099975585938 	26.1366000000016 	373.099975585938 	25.6853108242703 	
373.200012207031 	26.1260999999977 	373.200012207031 	25.6853108242703 	
373.299987792969 	26.1419999999962 	373.299987792969 	25.6853108242703 	
373.399963378906 	26.1476999999977 	373.399963378906 	25.6853108242703 	
373.5 	26.1324999999997 	373.5 	25.6853108242703 	
373.599975585938 	26.1192999999985 	373.599975585938 	25.6853108242703 	
373.700012207031 	26.1095999999998 	373.700012207031 	25.6853108242703 	
373.799987792969 	26.1146000000008 	373.799987792969 	25.6853108242703 	
373.899963378906 	26.1272999999965 	373.899963378906 	25.6853108242703 	
374 	26.1395000000011 	374 	25.6853108242703 	
374.099975585938 	26.1267000000007 	374.099975585938 	25.6853108242703 	
374.200012207031 	26.1042999999991 	374.200012207031 	25.6853108242703 	
374.299987792969 	26.1022999999986 	374.299987792969 	25.6853108242703 	
374.399963378906 	26.0881999999983 	374.399963378906 	25.6853108242703 	
374.5 	26.0669999999991 	374.5 	25.6853108242703 	
374.599975585938 	26.0483999999997 	374.599975585938 	25.6853108242703 	
374.700012207031 	26.0469999999987 	374.700012207031 	25.6853108242703 	
374.799987792969 	26.0337 	374.799987792969 	25.6853108242703 	
374.899963378906 	26.042300000001 	374.899963378906 	25.6853108242703 	
375 	26.0495999999985 	375 	25.6853108242703 	
375.099975585938 	26.0442000000003 	375.099975585938 	25.6853108242703 	
375.200012207031 	26.0409999999974 	375.200012207031 	25.6853108242703 	
375.299987792969 	26.0294999999969 	375.299987792969 	25.6853108242703 	
375.399963378906 	26.0214999999989 	375.399963378906 	25.6853108242703 	
375.5 	26.0348999999987 	375.5 	25.6853108242703 	
375.599975585938 	26.0358999999989 	375.599975585938 	25.6853108242703 	
375.700012207031 	26.0299999999988 	375.700012207031 	25.6853108242703 	
375.799987792969 	26.0385999999999 	375.799987792969 	25.6853108242703 	
375.899963378906 	26.0555999999997 	375.899963378906 	25.6853108242703 	
376 	26.0482999999986 	376 	25.6853108242703 	
376.099975585938 	26.0393999999978 	376.099975585938 	25.6853108242703 	
376.200012207031 	26.015199999998 	376.200012207031 	25.6853108242703 	
376.299987792969 	25.9955000000009 	376.299987792969 	25.6853108242703 	
376.399963378906 	26.0042999999969 	376.399963378906 	25.6853108242703 	
376.5 	26.0077999999994 	376.5 	25.6853108242703 	
376.599975585938 	25.9949000000015 	376.599975585938 	25.6853108242703 	
376.700012207031 	25.9955999999984 	376.700012207031 	25.6853108242703 	
376.799987792969 	26.0109999999986 	376.799987792969 	25.6853108242703 	
376.899963378906 	26.0066999999981 	376.899963378906 	25.6853108242703 	
377 	26.0072 	377 	25.6853108242703 	
377.099975585938 	26.0001000000011 	377.099975585938 	25.6853108242703 	
377.200012207031 	25.9942999999985 	377.200012207031 	25.6853108242703 	
377.299987792969 	26.0028999999995 	377.299987792969 	25.6853108242703 	
377.399963378906 	26.0189999999966 	377.399963378906 	25.6853108242703 	
377.5 	26.0193999999974 	377.5 	25.6853108242703 	
377.599975585938 	26.0380000000005 	377.599975585938 	25.6853108242703 	
377.700012207031 	26.0280999999959 	377.700012207031 	25.6853108242703 	
377.799987792969 	26.0249999999978 	377.799987792969 	25.6853108242703 	
377.899963378906 	26.0360000000001 	377.899963378906 	25.6853108242703 	
378 	26.0390999999981 	378 	25.6853108242703 	
378.099975585938 	26.025999999998 	378.099975585938 	25.6853108242703 	
378.200012207031 	26.0268999999971 	378.200012207031 	25.6853108242703 	
378.299987792969 	26.0233000000007 	378.299987792969 	25.6853108242703 	
378.399963378906 	26.0352999999996 	378.399963378906 	25.6853108242703 	
378.5 	26.0417000000016 	378.5 	25.6853108242703 	
378.599975585938 	26.0417999999991 	378.599975585938 	25.6853108242703 	
378.700012207031 	26.0259000000005 	378.700012207031 	25.6853108242703 	
378.799987792969 	26.0253999999986 	378.799987792969 	25.6853108242703 	
378.899963378906 	26.0276000000013 	378.899963378906 	25.6853108242703 	
379 	26.0181999999986 	379 	25.6853108242703 	
379.099975585938 	26.0123999999996 	379.099975585938 	25.6853108242703 	
379.200012207031 	26.0185999999994 	379.200012207031 	25.6853108242703 	
379.299987792969 	26.0136999999995 	379.299987792969 	25.6853108242703 	
379.399963378906 	26.0027999999984 	379.399963378906 	25.6853108242703 	
379.5 	26.0107999999964 	379.5 	25.6853108242703 	
379.599975585938 	26.0047000000013 	379.599975585938 	25.6853108242703 	
379.700012207031 	26.0141999999978 	379.700012207031 	25.6853108242703 	
379.799987792969 	26.0064999999995 	379.799987792969 	25.6853108242703 	
379.899963378906 	26.0053000000007 	379.899963378906 	25.6853108242703 	
380 	26.0011999999988 	380 	25.6853108242703 	
380.099975585938 	26.0010000000002 	380.099975585938 	25.6853108242703 	
380.200012207031 	25.9945999999982 	380.200012207031 	25.6853108242703 	
380.299987792969 	25.9815999999992 	380.299987792969 	25.6853108242703 	
380.399963378906 	25.9691000000021 	380.399963378906 	25.6853108242703 	
380.5 	25.9641999999985 	380.5 	25.6853108242703 	
380.599975585938 	25.9588999999978 	380.599975585938 	25.6853108242703 	
380.700012207031 	25.9524000000019 	380.700012207031 	25.6853108242703 	
380.799987792969 	25.9566999999988 	380.799987792969 	25.6853108242703 	
380.899963378906 	25.9534999999996 	380.899963378906 	25.6853108242703 	
381 	25.9354999999996 	381 	25.6853108242703 	
381.099975585938 	25.9436999999962 	381.099975585938 	25.6853108242703 	
381.200012207031 	25.9428000000007 	381.200012207031 	25.6853108242703 	
381.299987792969 	25.9328999999998 	381.299987792969 	25.6853108242703 	
381.399963378906 	25.9239999999991 	381.399963378906 	25.6853108242703 	
381.5 	25.9287000000004 	381.5 	25.6853108242703 	
381.599975585938 	25.9219999999987 	381.599975585938 	25.6853108242703 	
381.700012207031 	25.9291999999987 	381.700012207031 	25.6853108242703 	
381.799987792969 	25.9342999999972 	381.799987792969 	25.6853108242703 	
381.899963378906 	25.9369000000006 	381.899963378906 	25.6853108242703 	
382 	25.9416999999994 	382 	25.6853108242703 	
382.099975585938 	25.936099999999 	382.099975585938 	25.6853108242703 	
382.200012207031 	25.9343000000008 	382.200012207031 	25.6853108242703 	
382.299987792969 	25.9326000000001 	382.299987792969 	25.6853108242703 	
382.399963378906 	25.9187999999958 	382.399963378906 	25.6853108242703 	
382.5 	25.9171999999962 	382.5 	25.6853108242703 	
382.599975585938 	25.927499999998 	382.599975585938 	25.6853108242703 	
382.700012207031 	25.9156000000003 	382.700012207031 	25.6853108242703 	
382.799987792969 	25.9090999999971 	382.799987792969 	25.6853108242703 	
382.899963378906 	25.902900000001 	382.899963378906 	25.6853108242703 	
383 	25.8952999999965 	383 	25.6853108242703 	
383.099975585938 	25.8918000000012 	383.099975585938 	25.6853108242703 	
383.200012207031 	25.8866999999991 	383.200012207031 	25.6853108242703 	
383.299987792969 	25.8845000000001 	383.299987792969 	25.6853108242703 	
383.399963378906 	25.8804999999993 	383.399963378906 	25.6853108242703 	
383.5 	25.8755999999994 	383.5 	25.6853108242703 	
383.599975585938 	25.8665000000001 	383.599975585938 	25.6853108242703 	
383.700012207031 	25.8567999999977 	383.700012207031 	25.6853108242703 	
383.799987792969 	25.8521999999975 	383.799987792969 	25.6853108242703 	
383.899963378906 	25.8587999999982 	383.899963378906 	25.6853108242703 	
384 	25.8601999999992 	384 	25.6853108242703 	
384.099975585938 	25.8664999999964 	384.099975585938 	25.6853108242703 	
384.200012207031 	25.861399999998 	384.200012207031 	25.6853108242703 	
384.299987792969 	25.8603999999978 	384.299987792969 	25.6853108242703 	
384.399963378906 	25.8575999999994 	384.399963378906 	25.6853108242703 	
384.5 	25.8542999999991 	384.5 	25.6853108242703 	
384.599975585938 	25.8427000000011 	384.599975585938 	25.6853108242703 	
384.700012207031 	25.8454999999994 	384.700012207031 	25.6853108242703 	
384.799987792969 	25.8495000000003 	384.799987792969 	25.6853108242703 	
384.899963378906 	25.8410999999978 	384.899963378906 	25.6853108242703 	
385 	25.8317999999963 	385 	25.6853108242703 	
385.099975585938 	25.8192999999956 	385.099975585938 	25.6853108242703 	
385.200012207031 	25.8114999999998 	385.200012207031 	25.6853108242703 	
385.299987792969 	25.8166999999958 	385.299987792969 	25.6853108242703 	
385.399963378906 	25.8171000000002 	385.399963378906 	25.6853108242703 	
385.5 	25.8019999999997 	385.5 	25.6853108242703 	
385.599975585938 	25.8023999999969 	385.599975585938 	25.6853108242703 	
385.700012207031 	25.7953999999991 	385.700012207031 	25.6853108242703 	
385.799987792969 	25.7873 	385.799987792969 	25.6853108242703 	
385.899963378906 	25.7771999999968 	385.899963378906 	25.6853108242703 	
386 	25.779599999998 	386 	25.6853108242703 	
386.099975585938 	25.7837 	386.099975585938 	25.6853108242703 	
386.200012207031 	25.7875999999997 	386.200012207031 	25.6853108242703 	
386.299987792969 	25.7916999999979 	386.299987792969 	25.6853108242703 	
386.399963378906 	25.7906999999977 	386.399963378906 	25.6853108242703 	
386.5 	25.7884000000013 	386.5 	25.6853108242703 	
386.599975585938 	25.7919000000002 	386.599975585938 	25.6853108242703 	
386.700012207031 	25.7950999999994 	386.700012207031 	25.6853108242703 	
386.799987792969 	25.7914000000019 	386.799987792969 	25.6853108242703 	
386.899963378906 	25.7937999999995 	386.899963378906 	25.6853108242703 	
387 	25.796699999999 	387 	25.6853108242703 	
387.099975585938 	25.7960000000021 	387.099975585938 	25.6853108242703 	
387.200012207031 	25.7924999999996 	387.200012207031 	25.6853108242703 	
387.299987792969 	25.7969000000012 	387.299987792969 	25.6853108242703 	
387.399963378906 	25.8000999999967 	387.399963378906 	25.6853108242703 	
387.5 	25.7989999999991 	387.5 	25.6853108242703 	
387.599975585938 	25.7946999999986 	387.599975585938 	25.6853108242703 	
387.700012207031 	25.788999999997 	387.700012207031 	25.6853108242703 	
387.799987792969 	25.7858999999989 	387.799987792969 	25.6853108242703 	
387.899963378906 	25.7731999999996 	387.899963378906 	25.6853108242703 	
388 	25.7648999999983 	388 	25.6853108242703 	
388.099975585938 	25.7546999999977 	388.099975585938 	25.6853108242703 	
388.200012207031 	25.7526999999973 	388.200012207031 	25.6853108242703 	
388.299987792969 	25.759399999999 	388.299987792969 	25.6853108242703 	
388.399963378906 	25.7610999999997 	388.399963378906 	25.6853108242703 	
388.5 	25.7602999999981 	388.5 	25.6853108242703 	
388.599975585938 	25.7556000000004 	388.599975585938 	25.6853108242703 	
388.700012207031 	25.7488999999987 	388.700012207031 	25.6853108242703 	
388.799987792969 	25.7491999999984 	388.799987792969 	25.6853108242703 	
388.899963378906 	25.7474999999977 	388.899963378906 	25.6853108242703 	
389 	25.7517999999982 	389 	25.6853108242703 	
389.099975585938 	25.7443000000021 	389.099975585938 	25.6853108242703 	
389.200012207031 	25.7546999999977 	389.200012207031 	25.6853108242703 	
389.299987792969 	25.7483999999968 	389.299987792969 	25.6853108242703 	
389.399963378906 	25.7406999999985 	389.399963378906 	25.6853108242703 	
389.5 	25.7481999999982 	389.5 	25.6853108242703 	
389.599975585938 	25.7452000000012 	389.599975585938 	25.6853108242703 	
389.700012207031 	25.7498999999989 	389.700012207031 	25.6853108242703 	
389.799987792969 	25.7530000000006 	389.799987792969 	25.6853108242703 	
389.899963378906 	25.7514999999985 	389.899963378906 	25.6853108242703 	
390 	25.7523999999976 	390 	25.6853108242703 	
390.099975585938 	25.744999999999 	390.099975585938 	25.6853108242703 	
390.200012207031 	25.7361999999994 	390.200012207031 	25.6853108242703 	
390.299987792969 	25.7354999999989 	390.299987792969 	25.6853108242703 	
390.399963378906 	25.7359999999971 	390.399963378906 	25.6853108242703 	
390.5 	25.7392999999975 	390.5 	25.6853108242703 	
390.599975585938 	25.7389000000003 	390.599975585938 	25.6853108242703 	
390.700012207031 	25.7387999999992 	390.700012207031 	25.6853108242703 	
390.799987792969 	25.7295999999988 	390.799987792969 	25.6853108242703 	
390.899963378906 	25.7272000000012 	390.899963378906 	25.6853108242703 	
391 	25.7348999999995 	391 	25.6853108242703 	
391.099975585938 	25.7330999999976 	391.099975585938 	25.6853108242703 	
391.200012207031 	25.7199999999975 	391.200012207031 	25.6853108242703 	
391.299987792969 	25.7245999999977 	391.299987792969 	25.6853108242703 	
391.399963378906 	25.7284 	391.399963378906 	25.6853108242703 	
391.5 	25.736399999998 	391.5 	25.6853108242703 	
391.599975585938 	25.7236999999986 	391.599975585938 	25.6853108242703 	
391.700012207031 	25.7256999999991 	391.700012207031 	25.6853108242703 	
391.799987792969 	25.7252999999982 	391.799987792969 	25.6853108242703 	
391.899963378906 	25.7257999999965 	391.899963378906 	25.6853108242703 	
392 	25.7256999999991 	392 	25.6853108242703 	
392.099975585938 	25.7258999999976 	392.099975585938 	25.6853108242703 	
392.200012207031 	25.7261999999973 	392.200012207031 	25.6853108242703 	
392.299987792969 	25.7268000000004 	392.299987792969 	25.6853108242703 	
392.399963378906 	25.7253999999957 	392.399963378906 	25.6853108242703 	
392.5 	25.7233000000015 	392.5 	25.6853108242703 	
392.599975585938 	25.720400000002 	392.599975585938 	25.6853108242703 	
392.700012207031 	25.7152999999962 	392.700012207031 	25.6853108242703 	
392.799987792969 	25.7145999999993 	392.799987792969 	25.6853108242703 	
392.899963378906 	25.7101999999977 	392.899963378906 	25.6853108242703 	
393 	25.7114000000001 	393 	25.6853108242703 	
393.099975585938 	25.7101999999977 	393.099975585938 	25.6853108242703 	
393.200012207031 	25.6994999999988 	393.200012207031 	25.6853108242703 	
393.299987792969 	25.6993000000002 	393.299987792969 	25.6853108242703 	
393.399963378906 	25.6947 	393.399963378906 	25.6853108242703 	
393.5 	25.686099999999 	393.5 	25.6853108242703 	
393.599975585938 	25.6803 	393.599975585938 	25.6853108242703 	
393.700012207031 	25.6769999999997 	393.700012207031 	25.6853108242703 	
393.799987792969 	25.6643999999978 	393.799987792969 	25.6853108242703 	
393.899963378906 	25.6630999999979 	393.899963378906 	25.6853108242703 	
394 	25.6612999999998 	394 	25.6853108242703 	
394.099975585938 	25.6670999999988 	394.099975585938 	25.6853108242703 	
394.200012207031 	25.6607999999978 	394.200012207031 	25.6853108242703 	
394.299987792969 	25.6512000000002 	394.299987792969 	25.6853108242703 	
394.399963378906 	25.6506999999983 	394.399963378906 	25.6853108242703 	
394.5 	25.6481999999996 	394.5 	25.6853108242703 	
394.599975585938 	25.6389999999992 	394.599975585938 	25.6853108242703 	
394.700012207031 	25.6283999999978 	394.700012207031 	25.6853108242703 	
394.799987792969 	25.6165000000001 	394.799987792969 	25.6853108242703 	
394.899963378906 	25.6081999999988 	394.899963378906 	25.6853108242703 	
395 	25.5980999999992 	395 	25.6853108242703 	
395.099975585938 	25.5923000000003 	395.099975585938 	25.6853108242703 	
395.200012207031 	25.595699999998 	395.200012207031 	25.6853108242703 	
395.299987792969 	25.5931999999993 	395.299987792969 	25.6853108242703 	
395.399963378906 	25.5914999999986 	395.399963378906 	25.6853108242703 	
395.5 	25.5926999999974 	395.5 	25.6853108242703 	
395.599975585938 	25.5777999999991 	395.599975585938 	25.6853108242703 	
395.700012207031 	25.5784999999996 	395.700012207031 	25.6853108242703 	
395.799987792969 	25.5688000000009 	395.799987792969 	25.6853108242703 	
395.899963378906 	25.5600999999988 	395.899963378906 	25.6853108242703 	
396 	25.5564000000013 	396 	25.6853108242703 	
396.099975585938 	25.5539999999964 	396.099975585938 	25.6853108242703 	
396.200012207031 	25.5426999999981 	396.200012207031 	25.6853108242703 	
396.299987792969 	25.5367000000006 	396.299987792969 	25.6853108242703 	
396.399963378906 	25.5338999999985 	396.399963378906 	25.6853108242703 	
396.5 	25.5355999999992 	396.5 	25.6853108242703 	
396.599975585938 	25.5314999999973 	396.599975585938 	25.6853108242703 	
396.700012207031 	25.5236000000004 	396.700012207031 	25.6853108242703 	
396.799987792969 	25.5228999999999 	396.799987792969 	25.6853108242703 	
396.899963378906 	25.5229999999974 	396.899963378906 	25.6853108242703 	
397 	25.5213999999978 	397 	25.6853108242703 	
397.099975585938 	25.5292999999983 	397.099975585938 	25.6853108242703 	
397.200012207031 	25.5239000000001 	397.200012207031 	25.6853108242703 	
397.299987792969 	25.5217000000011 	397.299987792969 	25.6853108242703 	
397.399963378906 	25.5181999999986 	397.399963378906 	25.6853108242703 	
397.5 	25.5178000000014 	397.5 	25.6853108242703 	
397.599975585938 	25.5231999999996 	397.599975585938 	25.6853108242703 	
397.700012207031 	25.5288 	397.700012207031 	25.6853108242703 	
397.799987792969 	25.5254999999961 	397.799987792969 	25.6853108242703 	
397.899963378906 	25.5174000000006 	397.899963378906 	25.6853108242703 	
398 	25.5172999999995 	398 	25.6853108242703 	
398.099975585938 	25.5174999999981 	398.099975585938 	25.6853108242703 	
398.200012207031 	25.5243999999984 	398.200012207031 	25.6853108242703 	
398.299987792969 	25.530399999996 	398.299987792969 	25.6853108242703 	
398.399963378906 	25.5330999999969 	398.399963378906 	25.6853108242703 	
398.5 	25.5322999999989 	398.5 	25.6853108242703 	
398.599975585938 	25.532900000002 	398.599975585938 	25.6853108242703 	
398.700012207031 	25.5354000000007 	398.700012207031 	25.6853108242703 	
398.799987792969 	25.5393000000004 	398.799987792969 	25.6853108242703 	
398.899963378906 	25.5393999999978 	398.899963378906 	25.6853108242703 	
399 	25.5399999999972 	399 	25.6853108242703 	
399.099975585938 	25.5357999999978 	399.099975585938 	25.6853108242703 	
399.200012207031 	25.5359999999964 	399.200012207031 	25.6853108242703 	
399.299987792969 	25.5339000000022 	399.299987792969 	25.6853108242703 	
399.399963378906 	25.5318999999981 	399.399963378906 	25.6853108242703 	
399.5 	25.5313999999998 	399.5 	25.6853108242703 	
399.599975585938 	25.5339999999997 	399.599975585938 	25.6853108242703 	
399.700012207031 	25.5285999999978 	399.700012207031 	25.6853108242703 	
399.799987792969 	25.5363999999972 	399.799987792969 	25.6853108242703 	
399.899963378906 	25.5393000000004 	399.899963378906 	25.6853108242703 	
400 	25.5369999999966 	400 	25.6853108242703 	
400.099975585938 	25.5325000000012 	400.099975585938 	25.6853108242703 	
400.200012207031 	25.5277999999998 	400.200012207031 	25.6853108242703 	
400.299987792969 	25.5203000000001 	400.299987792969 	25.6853108242703 	
400.399963378906 	25.5181000000011 	400.399963378906 	25.6853108242703 	
400.5 	25.5198999999993 	400.5 	25.6853108242703 	
400.599975585938 	25.5188999999991 	400.599975585938 	25.6853108242703 	
400.700012207031 	25.5135000000009 	400.700012207031 	25.6853108242703 	
400.799987792969 	25.5036999999975 	400.799987792969 	25.6853108242703 	
400.899963378906 	25.497999999996 	400.899963378906 	25.6853108242703 	
401 	25.4926999999989 	401 	25.6853108242703 	
401.099975585938 	25.4942999999985 	401.099975585938 	25.6853108242703 	
401.200012207031 	25.4970999999969 	401.200012207031 	25.6853108242703 	
401.299987792969 	25.4941999999974 	401.299987792969 	25.6853108242703 	
401.399963378906 	25.4922000000006 	401.399963378906 	25.6853108242703 	
401.5 	25.4892 	401.5 	25.6853108242703 	
401.599975585938 	25.489999999998 	401.599975585938 	25.6853108242703 	
401.700012207031 	25.4887000000017 	401.700012207031 	25.6853108242703 	
401.799987792969 	25.4874999999993 	401.799987792969 	25.6853108242703 	
401.899963378906 	25.4951000000001 	401.899963378906 	25.6853108242703 	
402 	25.4983999999968 	402 	25.6853108242703 	
402.099975585938 	25.5004999999983 	402.099975585938 	25.6853108242703 	
402.200012207031 	25.4953999999998 	402.200012207031 	25.6853108242703 	
402.299987792969 	25.4910999999956 	402.299987792969 	25.6853108242703 	
402.399963378906 	25.4936999999991 	402.399963378906 	25.6853108242703 	
402.5 	25.4931999999972 	402.5 	25.6853108242703 	
402.599975585938 	25.4861999999994 	402.599975585938 	25.6853108242703 	
402.700012207031 	25.4788000000008 	402.700012207031 	25.6853108242703 	
402.799987792969 	25.4782999999989 	402.799987792969 	25.6853108242703 	
402.899963378906 	25.4826999999968 	402.899963378906 	25.6853108242703 	
403 	25.4775999999983 	403 	25.6853108242703 	
403.099975585938 	25.4763999999996 	403.099975585938 	25.6853108242703 	
403.200012207031 	25.4758000000002 	403.200012207031 	25.6853108242703 	
403.299987792969 	25.4775000000009 	403.299987792969 	25.6853108242703 	
403.399963378906 	25.4775999999983 	403.399963378906 	25.6853108242703 	
403.5 	25.4771000000001 	403.5 	25.6853108242703 	
403.599975585938 	25.4856 	403.599975585938 	25.6853108242703 	
403.700012207031 	25.4834999999985 	403.700012207031 	25.6853108242703 	
403.799987792969 	25.4818000000014 	403.799987792969 	25.6853108242703 	
403.899963378906 	25.4767999999967 	403.899963378906 	25.6853108242703 	
404 	25.4714999999997 	404 	25.6853108242703 	
404.099975585938 	25.4634000000005 	404.099975585938 	25.6853108242703 	
404.200012207031 	25.4559000000008 	404.200012207031 	25.6853108242703 	
404.299987792969 	25.4543999999987 	404.299987792969 	25.6853108242703 	
404.399963378906 	25.4529999999977 	404.399963378906 	25.6853108242703 	
404.5 	25.4516999999978 	404.5 	25.6853108242703 	
404.599975585938 	25.4449999999997 	404.599975585938 	25.6853108242703 	
404.700012207031 	25.4422999999988 	404.700012207031 	25.6853108242703 	
404.799987792969 	25.4391999999971 	404.799987792969 	25.6853108242703 	
404.899963378906 	25.4272999999994 	404.899963378906 	25.6853108242703 	
405 	25.4204999999965 	405 	25.6853108242703 	
405.099975585938 	25.4182000000001 	405.099975585938 	25.6853108242703 	
405.200012207031 	25.4154999999992 	405.200012207031 	25.6853108242703 	
405.299987792969 	25.4131999999991 	405.299987792969 	25.6853108242703 	
405.399963378906 	25.4093999999968 	405.399963378906 	25.6853108242703 	
405.5 	25.4034999999967 	405.5 	25.6853108242703 	
405.599975585938 	25.4055999999982 	405.599975585938 	25.6853108242703 	
405.700012207031 	25.4070999999967 	405.700012207031 	25.6853108242703 	
405.799987792969 	25.4043999999994 	405.799987792969 	25.6853108242703 	
405.899963378906 	25.4013000000014 	405.899963378906 	25.6853108242703 	
406 	25.3999999999978 	406 	25.6853108242703 	
406.099975585938 	25.4017999999996 	406.099975585938 	25.6853108242703 	
406.200012207031 	25.3998999999967 	406.200012207031 	25.6853108242703 	
406.299987792969 	25.3990999999987 	406.299987792969 	25.6853108242703 	
406.399963378906 	25.3981999999996 	406.399963378906 	25.6853108242703 	
406.5 	25.3886999999995 	406.5 	25.6853108242703 	
406.599975585938 	25.3855000000003 	406.599975585938 	25.6853108242703 	
406.700012207031 	25.3836999999985 	406.700012207031 	25.6853108242703 	
406.799987792969 	25.3855999999978 	406.799987792969 	25.6853108242703 	
406.899963378906 	25.3846000000012 	406.899963378906 	25.6853108242703 	
407 	25.3819999999978 	407 	25.6853108242703 	
407.099975585938 	25.3862999999983 	407.099975585938 	25.6853108242703 	
407.200012207031 	25.3852000000006 	407.200012207031 	25.6853108242703 	
407.299987792969 	25.3859999999986 	407.299987792969 	25.6853108242703 	
407.399963378906 	25.3849999999984 	407.399963378906 	25.6853108242703 	
407.5 	25.3800999999985 	407.5 	25.6853108242703 	
407.599975585938 	25.375799999998 	407.599975585938 	25.6853108242703 	
407.700012207031 	25.3756999999969 	407.700012207031 	25.6853108242703 	
407.799987792969 	25.3761999999988 	407.799987792969 	25.6853108242703 	
407.899963378906 	25.3748999999989 	407.899963378906 	25.6853108242703 	
408 	25.3762999999999 	408 	25.6853108242703 	
408.099975585938 	25.3757000000005 	408.099975585938 	25.6853108242703 	
408.200012207031 	25.3712999999989 	408.200012207031 	25.6853108242703 	
408.299987792969 	25.3744999999981 	408.299987792969 	25.6853108242703 	
408.399963378906 	25.3717999999972 	408.399963378906 	25.6853108242703 	
408.5 	25.3692999999985 	408.5 	25.6853108242703 	
408.599975585938 	25.3619999999974 	408.599975585938 	25.6853108242703 	
408.700012207031 	25.3505999999979 	408.700012207031 	25.6853108242703 	
408.799987792969 	25.3499999999985 	408.799987792969 	25.6853108242703 	
408.899963378906 	25.3525999999983 	408.899963378906 	25.6853108242703 	
409 	25.3479999999981 	409 	25.6853108242703 	
409.099975585938 	25.3446000000004 	409.099975585938 	25.6853108242703 	
409.200012207031 	25.3421000000017 	409.200012207031 	25.6853108242703 	
409.299987792969 	25.3346999999958 	409.299987792969 	25.6853108242703 	
409.399963378906 	25.3395000000019 	409.399963378906 	25.6853108242703 	
409.5 	25.3542999999991 	409.5 	25.6853108242703 	
409.599975585938 	25.3578999999991 	409.599975585938 	25.6853108242703 	
409.700012207031 	25.3726999999963 	409.700012207031 	25.6853108242703 	
409.799987792969 	25.3846000000012 	409.799987792969 	25.6853108242703 	
409.899963378906 	25.3902000000016 	409.899963378906 	25.6853108242703 	
410 	25.3902000000016 	410 	25.6853108242703 	
410.099975585938 	25.3846000000012 	410.099975585938 	25.6853108242703 	
410.200012207031 	 	410.200012207031 	25.6853108242703 	
410.299987792969 	 	410.299987792969 	25.6853108242703 	
410.399963378906 	 	410.399963378906 	25.6853108242703 	
410.5 	 	410.5 	25.6853108242703 	
410.599975585938 	 	410.599975585938 	25.6853108242703 	
410.700012207031 	 	410.700012207031 	25.6853108242703 	
410.799987792969 	 	410.799987792969 	25.6853108242703 	
410.899963378906 	 	410.899963378906 	25.6853108242703 	
411 	 	411 	25.6853108242703 	
411.099975585938 	 	411.099975585938 	2.64712638034091 	
411.200012207031 	 	411.200012207031 	0.272434509889794 	
411.299987792969 	 	411.299987792969 	0.0280770887982953 	
411.399963378906 	 	411.399963378906 	0.00289362355835272 	
411.5 	 	411.5 	0.00029780355955131 	
411.599975585938 	 	411.599975585938 	3.06918603475712E-05 	
411.700012207031 	 	411.700012207031 	3.1587979655469E-06 	
411.799987792969 	 	411.799987792969 	3.25617124229725E-07 	
411.899963378906 	 	411.899963378906 	3.36175529090656E-08 	
412 	 	412 	3.50935720240567E-09 	
412.099975585938 	 	412.099975585938 	3.86952964110131E-10 	
412.200012207031 	 	412.200012207031 	3.06028808165487E-10 	
412.299987792969 	 	412.299987792969 	6.41758882990904E-11 	
412.399963378906 	 	412.399963378906 	2.1087685857727E-11 	
412.5 	 	412.5 	-1.33882585783635E-12 	
412.599975585938 	 	412.599975585938 	-9.6130025916466E-11 	
412.700012207031 	-7.66639999999825 	412.700012207031 	-5.71167907302654E-11 	
412.799987792969 	-5.33599999999933 	412.799987792969 	1.61134326842853E-11 	
412.899963378906 	-3.9484999999986 	412.899963378906 	5.11755023719101E-11 	
413 	-2.65530000000217 	413 	6.6529536434117E-11 	
413.099975585938 	-1.81290000000081 	413.099975585938 	2.93783747458226E-11 	
413.200012207031 	-1.23170000000027 	413.200012207031 	2.57300867580822E-12 	
413.299987792969 	-0.845700000001671 	413.299987792969 	-5.69451723470799E-12 	
413.399963378906 	-0.402200000000448 	413.399963378906 	-1.57690536389894E-11 	
413.5 	-0.122400000000198 	413.5 	-1.54432447842236E-11 	
413.599975585938 	0.0745999999999185 	413.599975585938 	-1.20239261735532E-11 	
413.700012207031 	0.0702999999994063 	413.700012207031 	-1.31183076519322E-11 	
413.799987792969 	0.0959999999977299 	413.799987792969 	-6.49258162220041E-12 	
413.899963378906 	0.138299999998708 	413.899963378906 	-5.9648739229657E-12 	
414 	-0.055000000000291 	414 	-3.83422106890833E-12 	
414.099975585938 	-0.0375000000021828 	414.099975585938 	-1.59428574653729E-12 	
414.200012207031 	-0.0390000000006694 	414.200012207031 	-7.46350013600151E-13 	
414.299987792969 	-0.0637000000024273 	414.299987792969 	-1.85477900939656E-13 	
414.399963378906 	-0.120600000002014 	414.399963378906 	-2.86110460978473E-14 	
414.5 	-0.187900000000809 	414.5 	-2.43241909439611E-14 	
414.599975585938 	-0.243700000002718 	414.599975585938 	-3.52054756636809E-13 	
414.700012207031 	-0.312600000001112 	414.700012207031 	-9.45121997576906E-13 	
414.799987792969 	-0.360000000000582 	414.799987792969 	-1.55167795664162E-12 	
414.899963378906 	-0.40230000000156 	414.899963378906 	-2.02592800245247E-12 	
415 	-0.456200000000536 	415 	-2.22175436295582E-12 	
415.099975585938 	-0.49040000000241 	415.099975585938 	-1.99272121500688E-12 	
415.200012207031 	-0.525800000003073 	415.200012207031 	-1.19223302757541E-12 	
415.299987792969 	-0.565300000002026 	415.299987792969 	-1.74001333360479E-12 	
415.399963378906 	-0.599300000001676 	415.399963378906 	-3.79471825024332E-12 	
415.5 	-0.623300000002928 	415.5 	-5.92976010798563E-12 	
415.599975585938 	-0.641200000001845 	415.599975585938 	-8.03710391655648E-12 	
415.700012207031 	-0.68380000000252 	415.700012207031 	-1.00138072246374E-11 	
415.799987792969 	-0.695900000002439 	415.799987792969 	-1.17520282555587E-11 	
415.899963378906 	-0.707900000001246 	415.899963378906 	-1.31476479386769E-11 	
416 	-0.722900000000664 	416 	-1.40957104423294E-11 	
416.099975585938 	-0.738000000001193 	416.099975585938 	-1.44896291952209E-11 	
416.200012207031 	-0.737400000001799 	416.200012207031 	-1.4224369651948E-11 	
416.299987792969 	-0.748100000000704 	416.299987792969 	-1.3194825805031E-11 	
416.399963378906 	-0.746500000001106 	416.399963378906 	-1.12956715689021E-11 	
416.5 	-0.767700000000332 	416.5 	-8.41945694318643E-12 	
416.599975585938 	-0.77809999999954 	416.599975585938 	-4.46426195467198E-12 	
416.700012207031 	-0.777900000000955 	416.700012207031 	-2.56568957743418E-12 	
416.799987792969 	-0.75970000000234 	416.799987792969 	-3.14858398034079E-12 	
416.899963378906 	-0.766300000002957 	416.899963378906 	-3.68663453580298E-12 	
417 	-0.775499999999738 	417 	-4.16151656284452E-12 	
417.099975585938 	-0.792099999998754 	417.099975585938 	-4.55404985244232E-12 	
417.200012207031 	-0.815000000002328 	417.200012207031 	-4.84609781441183E-12 	
417.299987792969 	-0.847300000001269 	417.299987792969 	-5.01870334414128E-12 	
417.399963378906 	-0.864900000000489 	417.399963378906 	-5.05348596753112E-12 	
417.5 	-0.8679000000011 	417.5 	-4.93172859523989E-12 	
417.599975585938 	-0.839100000001054 	417.599975585938 	-4.63497907120278E-12 	
417.700012207031 	-0.850399999999354 	417.700012207031 	-4.14425919007819E-12 	
417.799987792969 	-0.843100000001868 	417.799987792969 	-3.44156702461016E-12 	
417.899963378906 	-0.8537000000033 	417.899963378906 	-2.50807289390735E-12 	
418 	-0.861199999999371 	418 	-1.3243834120933E-12 	
418.099975585938 	-0.871600000002218 	418.099975585938 	-5.73015321160406E-13 	
418.200012207031 	-0.863500000003114 	418.200012207031 	-4.48356918313013E-13 	
418.299987792969 	-0.863900000003923 	418.299987792969 	-3.30729034081229E-13 	
418.399963378906 	-0.852600000001985 	418.399963378906 	-2.2154669069352E-13 	
418.5 	-0.846400000002177 	418.5 	-1.22245537557464E-13 	
418.599975585938 	-0.821900000002643 	418.599975585938 	-3.44404053564041E-14 	
418.700012207031 	-0.832000000002154 	418.700012207031 	4.04810422906916E-14 	
418.799987792969 	-0.823200000002544 	418.799987792969 	1.00933724188568E-13 	
418.899963378906 	-0.837400000000343 	418.899963378906 	1.45474551288058E-13 	
419 	-0.842400000001362 	419 	1.72621571821199E-13 	
419.099975585938 	-0.833200000000943 	419.099975585938 	1.80848001636191E-13 	
419.200012207031 	-0.831600000001345 	419.200012207031 	1.6866901142129E-13 	
419.299987792969 	-0.83810000000085 	419.299987792969 	1.34605804835251E-13 	
419.399963378906 	-0.828100000002451 	419.399963378906 	7.71644294965147E-14 	
419.5 	-0.828100000002451 	419.5 	1.13419029376964E-13 	
419.599975585938 	-0.834200000001147 	419.599975585938 	2.72009165952742E-13 	
419.700012207031 	-0.860700000001088 	419.700012207031 	4.23242379386875E-13 	
419.799987792969 	-0.854999999999563 	419.799987792969 	5.66934126404883E-13 	
419.899963378906 	-0.850600000001577 	419.899963378906 	7.03178951819098E-13 	
420 	-0.846700000001874 	420 	8.32053212265561E-13 	
420.099975585938 	-0.838900000002468 	420.099975585938 	9.53399648122006E-13 	
420.200012207031 	-0.841400000001158 	420.200012207031 	1.06736642353478E-12 	
420.299987792969 	-0.845900000000256 	420.299987792969 	1.17381446983345E-12 	
420.399963378906 	-0.84440000000177 	420.399963378906 	1.27281559452833E-12 	
420.5 	-0.845900000000256 	420.5 	1.36442341695343E-12 	
420.599975585938 	-0.840000000000146 	420.599975585938 	1.44852615209055E-12 	
420.700012207031 	-0.842700000001059 	420.700012207031 	1.52522648948196E-12 	
420.799987792969 	-0.834200000001147 	420.799987792969 	1.5944308350613E-12 	
420.899963378906 	-0.840700000000652 	420.899963378906 	1.65618825903684E-12 	
421 	-0.831900000001042 	421 	1.71052964344058E-12 	
421.099975585938 	-0.845200000003388 	421.099975585938 	1.75738867785836E-12 	
421.200012207031 	-0.870500000000902 	421.200012207031 	1.79682257722841E-12 	
421.299987792969 	-0.869800000000396 	421.299987792969 	1.82878322208842E-12 	
421.399963378906 	-0.863300000000891 	421.399963378906 	1.85329694534463E-12 	
421.5 	-0.856500000001688 	421.5 	1.87037189172701E-12 	
421.599975585938 	-0.886399999999412 	421.599975585938 	1.87998722542545E-12 	
421.700012207031 	-0.89679999999862 	421.700012207031 	1.88215468677414E-12 	
421.799987792969 	-0.901600000001054 	421.799987792969 	1.87687163091482E-12 	
421.899963378906 	-0.890200000001641 	421.899963378906 	1.86414165345169E-12 	
422 	-0.889500000001135 	422 	1.84395016181272E-12 	
422.099975585938 	-0.884099999999307 	422.099975585938 	1.81632179479182E-12 	
422.200012207031 	-0.893100000001141 	422.200012207031 	1.78122281811915E-12 	
422.299987792969 	-0.884300000001531 	422.299987792969 	1.73869606154049E-12 	
422.399963378906 	-0.861200000003009 	422.399963378906 	1.68872238335803E-12 	
422.5 	-0.866900000000896 	422.5 	1.63126445369769E-12 	
422.599975585938 	-0.867000000002008 	422.599975585938 	1.56639238595747E-12 	
422.700012207031 	-0.867699999998877 	422.700012207031 	1.49402697126344E-12 	
422.799987792969 	-0.853000000002794 	422.799987792969 	1.41425651396544E-12 	
422.899963378906 	-0.836300000002666 	422.899963378906 	1.32703913506365E-12 	
423 	-0.817500000001019 	423 	1.23231476738195E-12 	
423.099975585938 	-0.817500000001019 	423.099975585938 	1.13019899892239E-12 	
423.200012207031 	-0.8125 	423.200012207031 	1.020567146207E-12 	
423.299987792969 	-0.812900000000809 	423.299987792969 	9.03552988189667E-13 	
423.399963378906 	-0.812900000000809 	423.399963378906 	7.79091908568544E-13 	
423.5 	-0.826900000003661 	423.5 	6.47101102865483E-13 	
423.599975585938 	-0.827900000003865 	423.599975585938 	5.07741633686588E-13 	
423.700012207031 	-0.837100000000646 	423.700012207031 	3.60843342949836E-13 	
423.799987792969 	-0.841200000002573 	423.799987792969 	2.06585484213171E-13 	
423.899963378906 	-0.853100000000268 	423.899963378906 	8.27133970265455E-14 	
424 	-0.85109999999986 	424 	1.4478081336383E-13 	
424.099975585938 	-0.858100000001286 	424.099975585938 	2.05180201109456E-13 	
424.200012207031 	-0.862199999999575 	424.200012207031 	2.63985307989609E-13 	
424.299987792969 	-0.861000000000786 	424.299987792969 	3.21124376704861E-13 	
424.399963378906 	-0.871800000004441 	424.399963378906 	3.76633783359768E-13 	
424.5 	-0.877500000002328 	424.5 	4.30545923812763E-13 	
424.599975585938 	-0.882800000003044 	424.599975585938 	4.82795011437297E-13 	
424.700012207031 	-0.880700000001525 	424.700012207031 	5.33444842433159E-13 	
424.799987792969 	-0.888999999999214 	424.799987792969 	5.82433611027321E-13 	
424.899963378906 	-0.904200000000856 	424.899963378906 	6.29792717561138E-13 	
425 	-0.898600000000442 	425 	6.75549582129841E-13 	
425.099975585938 	-0.906600000002072 	425.099975585938 	7.19648369633285E-13 	
425.200012207031 	-0.903700000002573 	425.200012207031 	7.62142924744856E-13 	
425.299987792969 	-0.905200000001059 	425.299987792969 	8.02981393217928E-13 	
425.399963378906 	-0.909600000002683 	425.399963378906 	8.42190199630653E-13 	
425.5 	-0.901300000001356 	425.5 	8.79791788315066E-13 	
425.599975585938 	-0.901799999999639 	425.599975585938 	9.15740275697419E-13 	
425.700012207031 	-0.897399999998015 	425.700012207031 	9.500795549247E-13 	
425.799987792969 	-0.893599999999424 	425.799987792969 	9.8276772327668E-13 	
425.899963378906 	-0.886699999999109 	425.899963378906 	1.01382622956832E-12 	
426 	-0.895799999998417 	426 	1.04327254236844E-12 	
426.099975585938 	-0.903399999999237 	426.099975585938 	1.0710707296297E-12 	
426.200012207031 	-0.903699999998935 	426.200012207031 	1.09725473297269E-12 	
426.299987792969 	-0.894000000000233 	426.299987792969 	1.12179260120358E-12 	
426.399963378906 	-0.890800000001036 	426.399963378906 	1.14470080737412E-12 	
426.5 	-0.888599999998405 	426.5 	1.16599184428995E-12 	
426.599975585938 	-0.891100000000733 	426.599975585938 	1.18563973143013E-12 	
426.700012207031 	-0.892500000001746 	426.700012207031 	1.20366845888883E-12 	
426.799987792969 	-0.890299999999115 	426.799987792969 	1.22005602699862E-12 	
426.899963378906 	-0.873200000001816 	426.899963378906 	1.23481393304808E-12 	
427 	-0.875300000003335 	427 	1.24794969407962E-12 	
427.099975585938 	-0.871100000000297 	427.099975585938 	1.2594472810987E-12 	
427.200012207031 	-0.863199999999779 	427.200012207031 	1.26932073267311E-12 	
427.299987792969 	-0.856100000000879 	427.299987792969 	1.27755800066182E-12 	
427.399963378906 	-0.848900000000867 	427.399963378906 	1.28416560659018E-12 	
427.5 	-0.855300000002899 	427.5 	1.28914609173743E-12 	
427.599975585938 	-0.845000000001164 	427.599975585938 	1.29249337863542E-12 	
427.700012207031 	-0.84610000000248 	427.700012207031 	1.29421155432554E-12 	
427.799987792969 	-0.842100000001665 	427.799987792969 	1.29429852219316E-12 	
427.899963378906 	-0.837599999998929 	427.899963378906 	1.29275582800043E-12 	
428 	-0.836299999999028 	428 	1.28958103726339E-12 	
428.099975585938 	-0.844900000000052 	428.099975585938 	1.28477802404029E-12 	
428.200012207031 	-0.845700000001671 	428.200012207031 	1.27834092384611E-12 	
428.299987792969 	-0.841000000000349 	428.299987792969 	1.27027759159264E-12 	
428.399963378906 	-0.843300000000454 	428.399963378906 	1.26058459727882E-12 	
428.5 	-0.843600000000151 	428.5 	1.24925453065749E-12 	
428.599975585938 	-0.849400000002788 	428.599975585938 	1.2363012173133E-12 	
428.700012207031 	-0.849799999999959 	428.700012207031 	1.22170884123484E-12 	
428.799987792969 	-0.846300000001065 	428.799987792969 	1.20549520886027E-12 	
428.899963378906 	-0.846300000001065 	428.899963378906 	1.18765191442536E-12 	
429 	-0.840200000002369 	429 	1.16816657191974E-12 	
429.099975585938 	-0.83810000000085 	429.099975585938 	1.14706295845446E-12 	
429.200012207031 	-0.834700000003068 	429.200012207031 	1.1243153064917E-12 	
429.299987792969 	-0.843600000000151 	429.299987792969 	1.09995137399605E-12 	
429.399963378906 	-0.847300000001269 	429.399963378906 	1.07395777944005E-12 	
429.5 	-0.855499999997846 	429.5 	1.04631716105014E-12 	
429.599975585938 	-0.857100000001083 	429.599975585938 	1.01706324746376E-12 	
429.700012207031 	-0.861300000000483 	429.700012207031 	9.86160319616719E-13 	
429.799987792969 	-0.86279999999897 	429.799987792969 	9.53646086999972E-13 	
429.899963378906 	-0.864399999998568 	429.899963378906 	9.1950219232288E-13 	
430 	-0.865300000001298 	430 	8.83706298048678E-13 	
430.099975585938 	-0.869200000001001 	430.099975585938 	8.46302084341213E-13 	
430.200012207031 	-0.870100000003731 	430.200012207031 	8.07243880609879E-13 	
430.299987792969 	-0.872400000000198 	430.299987792969 	7.66579347872042E-13 	
430.399963378906 	-0.870999999999185 	430.399963378906 	7.2428515307386E-13 	
430.5 	-0.869300000002113 	430.5 	6.80333982915367E-13 	
430.599975585938 	-0.872600000002421 	430.599975585938 	6.34779469086811E-13 	
430.700012207031 	-0.872300000002724 	430.700012207031 	5.87565989471187E-13 	
430.799987792969 	-0.867700000002515 	430.799987792969 	5.38751156612259E-13 	
430.899963378906 	-0.866300000001502 	430.899963378906 	4.88306661692985E-13 	
431 	-0.868100000003324 	431 	4.36200215650202E-13 	
431.099975585938 	-0.869200000001001 	431.099975585938 	3.82495401700555E-13 	
431.200012207031 	-0.862800000002608 	431.200012207031 	3.27126646200641E-13 	
431.299987792969 	-0.863000000001193 	431.299987792969 	2.70161513220622E-13 	
431.399963378906 	-0.863600000000588 	431.399963378906 	2.11566718180257E-13 	
431.5 	-0.8637000000017 	431.5 	1.51304996253183E-13 	
431.599975585938 	-0.867200000000594 	431.599975585938 	8.94498821824462E-14 	
431.700012207031 	-0.867000000002008 	431.700012207031 	2.88593067432092E-14 	
431.799987792969 	-0.870700000003126 	431.799987792969 	4.48827361395041E-14 	
431.899963378906 	-0.874299999999494 	431.899963378906 	6.0630828798512E-14 	
432 	-0.873200000001816 	432 	7.61129467492351E-14 	
432.099975585938 	-0.872400000000198 	432.099975585938 	9.13101978404219E-14 	
432.200012207031 	-0.867299999998068 	432.200012207031 	1.06241137934211E-13 	
432.299987792969 	-0.869700000002922 	432.299987792969 	1.20887547457577E-13 	
432.399963378906 	-0.868700000002718 	432.399963378906 	1.35258620243656E-13 	
432.5 	-0.866500000003725 	432.5 	1.49362877649977E-13 	
432.599975585938 	-0.862499999999272 	432.599975585938 	1.63183108868235E-13 	
432.700012207031 	-0.868500000000495 	432.700012207031 	1.76736188417622E-13 	
432.799987792969 	-0.87420000000202 	432.799987792969 	1.90005578068059E-13 	
432.899963378906 	-0.879400000001624 	432.899963378906 	2.02999630981209E-13 	
433 	-0.876799999998184 	433 	2.15726027843129E-13 	
433.099975585938 	-0.875499999998283 	433.099975585938 	2.28169239188458E-13 	
433.200012207031 	-0.873400000000402 	433.200012207031 	2.40344458193443E-13 	
433.299987792969 	-0.872400000000198 	433.299987792969 	2.52236827970951E-13 	
433.399963378906 	-0.87159999999858 	433.399963378906 	2.63853861011172E-13 	
433.5 	-0.876500000002125 	433.5 	2.75202397328689E-13 	
433.599975585938 	-0.880300000000716 	433.599975585938 	2.8626858880109E-13 	
433.700012207031 	-0.884600000001228 	433.700012207031 	2.97065947261673E-13 	
433.799987792969 	-0.889500000001135 	433.799987792969 	3.07581297166252E-13 	
433.899963378906 	-0.887100000003556 	433.899963378906 	3.17821310333544E-13 	
434 	-0.887900000001537 	434 	3.2779198610666E-13 	
434.099975585938 	-0.893700000004173 	434.099975585938 	3.37481157706131E-13 	
434.200012207031 	-0.895500000002357 	434.200012207031 	3.46900655622312E-13 	
434.299987792969 	-0.89980000000287 	434.299987792969 	3.56038985653963E-13 	
434.399963378906 	-0.899100000002363 	434.399963378906 	3.64901978948326E-13 	
434.5 	-0.898900000003778 	434.5 	3.73494794177039E-13 	
434.599975585938 	-0.894400000001042 	434.599975585938 	3.81806945903582E-13 	
434.700012207031 	-0.892300000003161 	434.700012207031 	3.89848583275361E-13 	
434.799987792969 	-0.893400000000838 	434.799987792969 	3.97609893434083E-13 	
434.899963378906 	-0.891199999998207 	434.899963378906 	4.05095866855517E-13 	
435 	-0.894500000002154 	435 	4.12310821539829E-13 	
435.099975585938 	-0.896300000003976 	435.099975585938 	4.19245953393442E-13 	
435.200012207031 	-0.902400000002672 	435.200012207031 	4.25909730220819E-13 	
435.299987792969 	-0.907300000002579 	435.299987792969 	4.32294020506612E-13 	
435.399963378906 	-0.905500000000757 	435.399963378906 	4.38402974055118E-13 	
435.5 	-0.916700000001583 	435.5 	4.44240068195027E-13 	
435.599975585938 	-0.917600000000675 	435.599975585938 	4.49798180175712E-13 	
435.700012207031 	-0.913500000002387 	435.700012207031 	4.55084096458687E-13 	
435.799987792969 	-0.909800000001269 	435.799987792969 	4.60091366871551E-13 	
435.899963378906 	-0.91359999999986 	435.899963378906 	4.64823300547128E-13 	
436 	-0.914100000001781 	436 	4.69282534142636E-13 	
436.099975585938 	-0.909300000002986 	436.099975585938 	4.73463626250391E-13 	
436.200012207031 	-0.905800000000454 	436.200012207031 	4.77371681988965E-13 	
436.299987792969 	-0.904500000000553 	436.299987792969 	4.810019325289E-13 	
436.399963378906 	-0.906600000002072 	436.399963378906 	4.84356846331548E-13 	
436.5 	-0.908700000003591 	436.5 	4.87438219382653E-13 	
436.599975585938 	-0.910100000004604 	436.599975585938 	4.9024229161748E-13 	
436.700012207031 	-0.906800000000658 	436.700012207031 	4.92772486811652E-13 	
436.799987792969 	-0.906299999998737 	436.799987792969 	4.95025717478658E-13 	
436.899963378906 	-0.906800000000658 	436.899963378906 	4.97003611408377E-13 	
437 	-0.905200000001059 	437 	4.9870712391508E-13 	
437.099975585938 	-0.894100000001345 	437.099975585938 	5.00134176276979E-13 	
437.200012207031 	-0.896500000002561 	437.200012207031 	5.01286510926748E-13 	
437.299987792969 	-0.89770000000135 	437.299987792969 	5.02162721720825E-13 	
437.399963378906 	-0.901700000002165 	437.399963378906 	5.02763595777615E-13 	
437.5 	-0.899400000002061 	437.5 	5.03089247739917E-13 	
437.599975585938 	-0.892800000001444 	437.599975585938 	5.03139280228886E-13 	
437.700012207031 	-0.89520000000266 	437.700012207031 	5.02913754334254E-13 	
437.799987792969 	-0.897899999999936 	437.799987792969 	5.02412945255402E-13 	
437.899963378906 	-0.897400000001653 	437.899963378906 	5.01636799439263E-13 	
438 	-0.891100000000733 	438 	5.00584590857163E-13 	
438.099975585938 	-0.886100000003353 	438.099975585938 	4.99257603473203E-13 	
438.200012207031 	-0.883900000000722 	438.200012207031 	4.97654217034169E-13 	
438.299987792969 	-0.886300000001938 	438.299987792969 	4.95776388082388E-13 	
438.399963378906 	-0.889200000001438 	438.399963378906 	4.93623222393321E-13 	
438.5 	-0.886700000002747 	438.5 	4.91193153266818E-13 	
438.599975585938 	-0.884400000002643 	438.599975585938 	4.8848914600993E-13 	
438.700012207031 	-0.879400000001624 	438.700012207031 	4.85507899026493E-13 	
438.799987792969 	-0.872800000001007 	438.799987792969 	4.82253050201784E-13 	
438.899963378906 	-0.869500000000698 	438.899963378906 	4.78722864639788E-13 	
439 	-0.866600000001199 	439 	4.74914934968883E-13 	
439.099975585938 	-0.869500000000698 	439.099975585938 	4.70833907839066E-13 	
439.200012207031 	-0.875100000001112 	439.200012207031 	4.66474800311227E-13 	
439.299987792969 	-0.870100000000093 	439.299987792969 	4.61842931613589E-13 	
439.399963378906 	-0.869099999999889 	439.399963378906 	4.56935726178664E-13 	
439.5 	-0.869900000001508 	439.5 	4.51749935963358E-13 	
439.599975585938 	-0.87039999999979 	439.599975585938 	4.46291888960612E-13 	
439.700012207031 	-0.867700000002515 	439.700012207031 	4.40554920888371E-13 	
439.799987792969 	-0.866799999999785 	439.799987792969 	4.34546032317804E-13 	
439.899963378906 	-0.866699999998673 	439.899963378906 	4.2826180700995E-13 	
439.999938964844 	-0.869999999998981 	439.999938964844 	4.21702244964808E-13 	
440.100036621094 	-0.868800000000192 	440.100036621094 	4.14858832464133E-13 	
440.200012207031 	-0.873000000003231 	440.200012207031 	4.07748260757924E-13 	
440.299987792969 	-0.871100000000297 	440.299987792969 	4.00362352314428E-13 	
440.399963378906 	-0.872599999998783 	440.399963378906 	3.92701107133645E-13 	
440.499938964844 	-0.872999999999593 	440.499938964844 	3.84764525215575E-13 	
440.600036621094 	-0.873600000002625 	440.600036621094 	3.76542411499024E-13 	
440.700012207031 	-0.874299999999494 	440.700012207031 	3.68054819919887E-13 	
440.799987792969 	-0.873900000002322 	440.799987792969 	3.59291891603462E-13 	
440.899963378906 	-0.877400000001217 	440.899963378906 	3.5025362654975E-13 	
440.999938964844 	-0.882100000002538 	440.999938964844 	3.40940024758751E-13 	
441.100036621094 	-0.881799999999203 	441.100036621094 	3.31339209826325E-13 	
441.200012207031 	-0.883399999998801 	441.200012207031 	3.21474598374258E-13 	
441.299987792969 	-0.880300000000716 	441.299987792969 	3.11334650184905E-13 	
441.399963378906 	-0.879300000000512 	441.399963378906 	3.00919365258264E-13 	
441.499938964844 	-0.882500000003347 	441.499938964844 	2.90228743594336E-13 	
441.600036621094 	-0.881399999998393 	441.600036621094 	2.79249227446035E-13 	
441.700012207031 	-0.881199999999808 	441.700012207031 	2.6800759612104E-13 	
441.799987792969 	-0.875100000001112 	441.799987792969 	2.56490628058757E-13 	
441.899963378906 	-0.872400000000198 	441.899963378906 	2.44698323259188E-13 	
441.999938964844 	-0.873300000002928 	441.999938964844 	2.32630681722331E-13 	
442.100036621094 	-0.877400000001217 	442.100036621094 	2.20272464358155E-13 	
442.200012207031 	-0.878300000003946 	442.200012207031 	2.07653813160231E-13 	
442.299987792969 	-0.883800000003248 	442.299987792969 	1.94759825225019E-13 	
442.399963378906 	-0.886500000004162 	442.399963378906 	1.81590500552521E-13 	
442.499938964844 	-0.888800000004267 	442.499938964844 	1.68145839142735E-13 	
442.600036621094 	-0.885800000003655 	442.600036621094 	1.54408920562684E-13 	
442.700012207031 	-0.884099999999307 	442.700012207031 	1.40413249491831E-13 	
442.799987792969 	-0.887399999999616 	442.799987792969 	1.26142241683691E-13 	
442.899963378906 	-0.890800000001036 	442.899963378906 	1.11595897138263E-13 	
442.999938964844 	-0.893800000001647 	442.999938964844 	9.67742158555487E-14 	
443.100036621094 	-0.898900000003778 	443.100036621094 	8.16585960596225E-14 	
443.200012207031 	-0.901900000000751 	443.200012207031 	6.62859051158408E-14 	
443.299987792969 	-0.906100000000151 	443.299987792969 	5.06378774347718E-14 	
443.399963378906 	-0.908500000001368 	443.399963378906 	3.47145130164155E-14 	
443.499938964844 	-0.908500000001368 	443.499938964844 	1.85158118607719E-14 	
443.600036621094 	-0.907600000002276 	443.600036621094 	7.26684626552256E-15 	
443.700012207031 	-0.913100000001577 	443.700012207031 	7.2509812027774E-15 	
443.799987792969 	-0.908900000002177 	443.799987792969 	7.23511614003224E-15 	
443.899963378906 	-0.907500000001164 	443.899963378906 	7.21925107728707E-15 	
443.999938964844 	-0.903900000001158 	443.999938964844 	7.20338601454191E-15 	
444.100036621094 	-0.90650000000096 	444.100036621094 	7.18750158053576E-15 	
444.200012207031 	-0.90599999999904 	444.200012207031 	7.1716365177906E-15 	
444.299987792969 	-0.908800000001065 	444.299987792969 	7.15577145504544E-15 	
444.399963378906 	-0.906200000001263 	444.399963378906 	7.13990639230028E-15 	
444.499938964844 	-0.901200000000244 	444.499938964844 	7.12404132955511E-15 	
444.600036621094 	-0.900400000002264 	444.600036621094 	7.10815689554897E-15 	
444.700012207031 	-0.896400000001449 	444.700012207031 	7.09229183280381E-15 	
444.799987792969 	-0.896600000003673 	444.799987792969 	7.07642677005864E-15 	
444.899963378906 	-0.896400000001449 	444.899963378906 	7.06056170731348E-15 	
444.999938964844 	-0.898000000001048 	444.999938964844 	7.04469664456832E-15 	
445.100036621094 	-0.898000000001048 	445.100036621094 	7.02881221056217E-15 	
445.200012207031 	-0.901000000001659 	445.200012207031 	7.01294714781701E-15 	
445.299987792969 	-0.898300000000745 	445.299987792969 	6.99708208507185E-15 	
445.399963378906 	-0.894700000000739 	445.399963378906 	6.98121702232669E-15 	
445.499938964844 	-0.893199999998615 	445.499938964844 	6.96535195958152E-15 	
445.600036621094 	-0.890200000001641 	445.600036621094 	6.94946752557538E-15 	
445.700012207031 	-0.888500000000931 	445.700012207031 	6.93360246283021E-15 	
445.799987792969 	-0.891199999998207 	445.799987792969 	6.91773740008505E-15 	
445.899963378906 	-0.89010000000053 	445.899963378906 	6.90187233733989E-15 	
445.999938964844 	-0.88550000000032 	445.999938964844 	6.88600727459473E-15 	
446.100036621094 	-0.884000000001834 	446.100036621094 	6.87012284058858E-15 	
446.200012207031 	-0.88470000000234 	446.200012207031 	6.85425777784342E-15 	
446.299987792969 	-0.886800000000221 	446.299987792969 	6.83839271509825E-15 	
446.399963378906 	-0.886900000001333 	446.399963378906 	6.82252765235309E-15 	
446.499938964844 	-0.886800000000221 	446.499938964844 	6.80666258960793E-15 	
446.600036621094 	-0.890600000002451 	446.600036621094 	6.79077815560178E-15 	
446.700012207031 	-0.890900000002148 	446.700012207031 	6.77491309285662E-15 	
446.799987792969 	-0.887600000001839 	446.799987792969 	6.75904803011146E-15 	
446.899963378906 	-0.882799999999406 	446.899963378906 	6.7431829673663E-15 	
446.999938964844 	-0.883299999997689 	446.999938964844 	6.72731790462113E-15 	
447.100036621094 	-0.882400000002235 	447.100036621094 	6.71143347061499E-15 	
447.200012207031 	-0.881799999999203 	447.200012207031 	6.69556840786983E-15 	
447.299987792969 	-0.882000000001426 	447.299987792969 	6.67970334512466E-15 	
447.399963378906 	-0.879900000003545 	447.399963378906 	6.6638382823795E-15 	
447.499938964844 	-0.878899999999703 	447.499938964844 	6.64797321963434E-15 	
447.600036621094 	-0.87749999999869 	447.600036621094 	6.63208878562819E-15 	
447.700012207031 	-0.875400000000809 	447.700012207031 	6.61622372288303E-15 	
447.799987792969 	-0.87670000000071 	447.799987792969 	6.60035866013787E-15 	
447.899963378906 	-0.877400000001217 	447.899963378906 	6.5844935973927E-15 	
447.999938964844 	-0.872699999999895 	447.999938964844 	6.56862853464754E-15 	
448.100036621094 	-0.871399999999994 	448.100036621094 	6.5527441006414E-15 	
448.200012207031 	-0.869000000002416 	448.200012207031 	6.53687903789623E-15 	
448.299987792969 	-0.862600000004022 	448.299987792969 	6.52101397515107E-15 	
448.399963378906 	-0.863900000000285 	448.399963378906 	6.50514891240591E-15 	
448.499938964844 	-0.865100000002712 	448.499938964844 	6.48928384966075E-15 	
448.600036621094 	-0.870000000002619 	448.600036621094 	6.4733994156546E-15 	
448.700012207031 	-0.871900000001915 	448.700012207031 	6.45753435290944E-15 	
448.799987792969 	-0.872900000002119 	448.799987792969 	6.44166929016427E-15 	
448.899963378906 	-0.872100000000501 	448.899963378906 	6.42580422741911E-15 	
448.999938964844 	-0.875300000003335 	448.999938964844 	6.40993916467395E-15 	
449.100036621094 	-0.880600000004051 	449.100036621094 	6.3940547306678E-15 	
449.200012207031 	-0.883500000003551 	449.200012207031 	6.37818966792264E-15 	
449.299987792969 	-0.881600000000617 	449.299987792969 	6.36232460517748E-15 	
449.399963378906 	-0.87749999999869 	449.399963378906 	6.34645954243231E-15 	
449.499938964844 	-0.874900000002526 	449.499938964844 	6.33059447968715E-15 	
449.600036621094 	-0.874400000000605 	449.600036621094 	6.31471004568101E-15 	
449.700012207031 	-0.872999999999593 	449.700012207031 	6.29884498293584E-15 	
449.799987792969 	-0.869500000000698 	449.799987792969 	6.28297992019068E-15 	
449.899963378906 	-0.871800000004441 	449.899963378906 	6.26711485744552E-15 	
449.999938964844 	-0.872999999999593 	449.999938964844 	6.25124979470036E-15 	
450.100036621094 	-0.875700000000506 	450.100036621094 	6.23536536069421E-15 	
450.200012207031 	-0.876299999999901 	450.200012207031 	6.21950029794905E-15 	
450.299987792969 	-0.879000000000815 	450.299987792969 	6.20363523520389E-15 	
450.399963378906 	-0.878000000000611 	450.399963378906 	6.18777017245872E-15 	
450.499938964844 	-0.882400000002235 	450.499938964844 	6.17190510971356E-15 	
450.600036621094 	-0.886699999999109 	450.600036621094 	6.15602067570741E-15 	
450.700012207031 	-0.893400000000838 	450.700012207031 	6.14015561296225E-15 	
450.799987792969 	-0.894200000002456 	450.799987792969 	6.12429055021709E-15 	
450.899963378906 	-0.893900000002759 	450.899963378906 	6.10842548747193E-15 	
450.999938964844 	-0.893499999998312 	450.999938964844 	6.09256042472676E-15 	
451.100036621094 	-0.893000000000029 	451.100036621094 	6.07667599072062E-15 	
451.200012207031 	-0.892800000001444 	451.200012207031 	6.06081092797546E-15 	
451.299987792969 	-0.892600000002858 	451.299987792969 	6.04494586523029E-15 	
451.399963378906 	-0.893400000000838 	451.399963378906 	6.02908080248513E-15 	
451.499938964844 	-0.89350000000195 	451.499938964844 	6.01321573973997E-15 	
451.600036621094 	-0.887800000000425 	451.600036621094 	5.99733130573382E-15 	
451.700012207031 	-0.884600000001228 	451.700012207031 	5.98146624298866E-15 	
451.799987792969 	-0.885900000001129 	451.799987792969 	5.9656011802435E-15 	
451.899963378906 	-0.890000000003056 	451.899963378906 	5.94973611749833E-15 	
451.999938964844 	-0.887500000000728 	451.999938964844 	5.93387105475317E-15 	
452.100036621094 	-0.886200000000827 	452.100036621094 	5.91798662074703E-15 	
452.200012207031 	-0.881000000001222 	452.200012207031 	5.90212155800186E-15 	
452.299987792969 	-0.879000000000815 	452.299987792969 	5.8862564952567E-15 	
452.399963378906 	-0.87840000000142 	452.399963378906 	5.87039143251154E-15 	
452.499938964844 	-0.882900000000518 	452.499938964844 	5.85452636976637E-15 	
452.600036621094 	-0.878200000002835 	452.600036621094 	5.83864193576023E-15 	
452.700012207031 	-0.876299999999901 	452.700012207031 	5.82277687301507E-15 	
452.799987792969 	-0.881799999999203 	452.799987792969 	5.8069118102699E-15 	
452.899963378906 	-0.875599999999395 	452.899963378906 	5.79104674752474E-15 	
452.999938964844 	-0.875400000000809 	452.999938964844 	5.77518168477958E-15 	
453.100036621094 	-0.87159999999858 	453.100036621094 	5.75929725077343E-15 	
453.200012207031 	-0.871500000001106 	453.200012207031 	5.74343218802827E-15 	
453.299987792969 	-0.871500000001106 	453.299987792969 	5.72756712528311E-15 	
453.399963378906 	-0.869800000000396 	453.399963378906 	5.71170206253795E-15 	
453.499938964844 	-0.869399999999587 	453.499938964844 	5.69583699979278E-15 	
453.600036621094 	-0.868100000003324 	453.600036621094 	5.67995256578664E-15 	
453.700012207031 	-0.868000000002212 	453.700012207031 	5.66408750304148E-15 	
453.799987792969 	-0.868200000000797 	453.799987792969 	5.64822244029631E-15 	
453.899963378906 	-0.868500000000495 	453.899963378906 	5.63235737755115E-15 	
453.999938964844 	-0.865600000000995 	453.999938964844 	5.61649231480599E-15 	
454.100036621094 	-0.85989999999947 	454.100036621094 	5.60060788079984E-15 	
454.200012207031 	-0.859900000003108 	454.200012207031 	5.58474281805468E-15 	
454.299987792969 	-0.865800000003219 	454.299987792969 	5.56887775530952E-15 	
454.399963378906 	-0.866799999999785 	454.399963378906 	5.55301269256435E-15 	
454.499938964844 	-0.868200000000797 	454.499938964844 	5.53714762981919E-15 	
454.600036621094 	-0.868900000001304 	454.600036621094 	5.52126319581305E-15 	
454.700012207031 	-0.868299999998271 	454.700012207031 	5.50539813306788E-15 	
454.799987792969 	-0.867400000002817 	454.799987792969 	5.48953307032272E-15 	
454.899963378906 	-0.863199999999779 	454.899963378906 	5.47366800757756E-15 	
454.999938964844 	-0.863600000000588 	454.999938964844 	5.4578029448324E-15 	
455.100036621094 	-0.864800000003015 	455.100036621094 	5.44191851082625E-15 	
455.200012207031 	-0.864000000001397 	455.200012207031 	5.42605344808109E-15 	
455.299987792969 	-0.86160000000018 	455.299987792969 	5.41018838533592E-15 	
455.399963378906 	-0.85649999999805 	455.399963378906 	5.39432332259076E-15 	
455.499938964844 	-0.852500000000873 	455.499938964844 	5.3784582598456E-15 	
455.600036621094 	-0.850000000002183 	455.600036621094 	5.36257382583945E-15 	
455.700012207031 	-0.848799999999756 	455.700012207031 	5.34670876309429E-15 	
455.799987792969 	-0.846500000003289 	455.799987792969 	5.33084370034913E-15 	
455.899963378906 	-0.844399999998132 	455.899963378906 	5.31497863760396E-15 	
455.999938964844 	-0.842100000001665 	455.999938964844 	5.2991135748588E-15 	
456.100036621094 	-0.841000000000349 	456.100036621094 	5.28322914085266E-15 	
456.200012207031 	-0.839500000001863 	456.200012207031 	5.26736407810749E-15 	
456.299987792969 	-0.84440000000177 	456.299987792969 	5.25149901536233E-15 	
456.399963378906 	-0.849799999999959 	456.399963378906 	5.23563395261717E-15 	
456.499938964844 	-0.853399999999965 	456.499938964844 	5.21976888987201E-15 	
456.600036621094 	-0.850700000002689 	456.600036621094 	5.20388445586586E-15 	
456.700012207031 	-0.849400000002788 	456.700012207031 	5.1880193931207E-15 	
456.799987792969 	-0.850900000001275 	456.799987792969 	5.17215433037554E-15 	
456.899963378906 	-0.849299999998038 	456.899963378906 	5.15628926763037E-15 	
456.999938964844 	-0.855800000001182 	456.999938964844 	5.14042420488521E-15 	
457.100036621094 	-0.858000000000175 	457.100036621094 	5.12453977087906E-15 	
457.200012207031 	-0.856999999999971 	457.200012207031 	5.1086747081339E-15 	
457.299987792969 	-0.853699999999662 	457.299987792969 	5.09280964538874E-15 	
457.399963378906 	-0.855900000002293 	457.399963378906 	5.07694458264358E-15 	
457.499938964844 	-0.854599999998754 	457.499938964844 	5.06107951989841E-15 	
457.600036621094 	-0.852999999999156 	457.600036621094 	5.04519508589227E-15 	
457.700012207031 	-0.85200000000259 	457.700012207031 	5.02933002314711E-15 	
457.799987792969 	-0.853500000001077 	457.799987792969 	5.01346496040194E-15 	
457.899963378906 	-0.856800000001385 	457.899963378906 	4.99759989765678E-15 	
457.999938964844 	-0.858800000001793 	457.999938964844 	4.98173483491162E-15 	
458.100036621094 	-0.863199999999779 	458.100036621094 	4.96585040090547E-15 	
458.200012207031 	-0.865099999999074 	458.200012207031 	4.94998533816031E-15 	
458.299987792969 	-0.865100000002712 	458.299987792969 	4.93412027541515E-15 	
458.399963378906 	-0.867800000003626 	458.399963378906 	4.91825521266998E-15 	
458.499938964844 	-0.867000000002008 	458.499938964844 	4.90239014992482E-15 	
458.600036621094 	-0.864600000000792 	458.600036621094 	4.88650571591868E-15 	
458.700012207031 	-0.864400000002206 	458.700012207031 	4.87064065317351E-15 	
458.799987792969 	-0.859599999999773 	458.799987792969 	4.85477559042835E-15 	
458.899963378906 	-0.857400000004418 	458.899963378906 	4.83891052768319E-15 	
458.999938964844 	-0.859000000004016 	458.999938964844 	4.82304546493802E-15 	
459.100036621094 	-0.856999999999971 	459.100036621094 	4.80716103093188E-15 	
459.200012207031 	-0.856700000000274 	459.200012207031 	4.79129596818672E-15 	
459.299987792969 	-0.856400000000576 	459.299987792969 	4.77543090544155E-15 	
459.399963378906 	-0.860399999997753 	459.399963378906 	4.75956584269639E-15 	
459.499938964844 	-0.860700000001088 	459.499938964844 	4.74370077995123E-15 	
459.600036621094 	-0.857800000001589 	459.600036621094 	4.72781634594508E-15 	
459.700012207031 	-0.856500000001688 	459.700012207031 	4.71195128319992E-15 	
459.799987792969 	-0.856700000000274 	459.799987792969 	4.69608622045476E-15 	
459.899963378906 	-0.856100000000879 	459.899963378906 	4.6802211577096E-15 	
459.999938964844 	-0.856900000002497 	459.999938964844 	4.66435609496443E-15 	
460.100036621094 	-0.859300000003714 	460.100036621094 	4.64847166095829E-15 	
460.200012207031 	-0.859200000002602 	460.200012207031 	4.63260659821312E-15 	
460.299987792969 	-0.855600000002596 	460.299987792969 	4.61674153546796E-15 	
460.399963378906 	-0.853500000001077 	460.399963378906 	4.6008764727228E-15 	
460.499938964844 	-0.85490000000209 	460.499938964844 	4.58501140997764E-15 	
460.600036621094 	-0.85910000000149 	460.600036621094 	4.56912697597149E-15 	
460.700012207031 	-0.8608000000022 	460.700012207031 	4.55326191322633E-15 	
460.799987792969 	-0.86200000000099 	460.799987792969 	4.53739685048117E-15 	
460.899963378906 	-0.863199999999779 	460.899963378906 	4.521531787736E-15 	
460.999938964844 	-0.865900000000693 	460.999938964844 	4.50566672499084E-15 	
461.100036621094 	-0.865600000000995 	461.100036621094 	4.48978229098469E-15 	
461.200012207031 	-0.863100000002305 	461.200012207031 	4.47391722823953E-15 	
461.299987792969 	-0.865900000000693 	461.299987792969 	4.45805216549437E-15 	
461.399963378906 	-0.86699999999837 	461.399963378906 	4.44218710274921E-15 	
461.499938964844 	-0.863499999999476 	461.499938964844 	4.42632204000404E-15 	
461.600036621094 	-0.862800000002608 	461.600036621094 	4.4104376059979E-15 	
461.700012207031 	-0.858400000000984 	461.700012207031 	4.39457254325274E-15 	
461.799987792969 	-0.859599999999773 	461.799987792969 	4.37870748050757E-15 	
461.899963378906 	-0.857200000002194 	461.899963378906 	4.36284241776241E-15 	
461.999938964844 	-0.856500000001688 	461.999938964844 	4.34697735501725E-15 	
462.100036621094 	-0.858000000003813 	462.100036621094 	4.3310929210111E-15 	
462.200012207031 	-0.855600000002596 	462.200012207031 	4.31522785826594E-15 	
462.299987792969 	-0.855100000000675 	462.299987792969 	4.29936279552078E-15 	
462.399963378906 	-0.85399999999936 	462.399963378906 	4.28349773277561E-15 	
462.499938964844 	-0.850000000002183 	462.499938964844 	4.26763267003045E-15 	
462.600036621094 	-0.849600000001374 	462.600036621094 	4.25174823602431E-15 	
462.700012207031 	-0.849900000001071 	462.700012207031 	4.23588317327914E-15 	
462.799987792969 	-0.851000000002387 	462.799987792969 	4.22001811053398E-15 	
462.899963378906 	-0.849000000001979 	462.899963378906 	4.20415304778882E-15 	
462.999938964844 	-0.846600000000763 	462.999938964844 	4.18828798504366E-15 	
463.100036621094 	-0.847500000003492 	463.100036621094 	4.17240355103751E-15 	
463.200012207031 	-0.850200000000768 	463.200012207031 	4.15653848829235E-15 	
463.299987792969 	-0.845900000000256 	463.299987792969 	4.14067342554718E-15 	
463.399963378906 	-0.841600000003382 	463.399963378906 	4.12480836280202E-15 	
463.499938964844 	-0.843700000001263 	463.499938964844 	4.10894330005686E-15 	
463.600036621094 	-0.844500000002881 	463.600036621094 	4.09305886605071E-15 	
463.700012207031 	-0.844200000003184 	463.700012207031 	4.07719380330555E-15 	
463.799987792969 	-0.842300000003888 	463.799987792969 	4.06132874056039E-15 	
463.899963378906 	-0.841199999998935 	463.899963378906 	4.04546367781523E-15 	
463.999938964844 	-0.843500000002678 	463.999938964844 	4.02959861507006E-15 	
464.100036621094 	-0.844300000000658 	464.100036621094 	4.01371418106392E-15 	
464.200012207031 	-0.843899999999849 	464.200012207031 	3.99784911831875E-15 	
464.299987792969 	-0.845300000000861 	464.299987792969 	3.98198405557359E-15 	
464.399963378906 	-0.844600000000355 	464.399963378906 	3.96611899282843E-15 	
464.499938964844 	-0.841400000001158 	464.499938964844 	3.95025393008327E-15 	
464.600036621094 	-0.840899999999237 	464.600036621094 	3.93436949607712E-15 	
464.700012207031 	-0.844099999998434 	464.700012207031 	3.91850443333196E-15 	
464.799987792969 	-0.843300000000454 	464.799987792969 	3.9026393705868E-15 	
464.899963378906 	-0.843199999999342 	464.899963378906 	3.88677430784163E-15 	
464.999938964844 	-0.842000000000553 	464.999938964844 	3.87090924509647E-15 	
465.100036621094 	-0.841100000001461 	465.100036621094 	3.85502481109033E-15 	
465.200012207031 	-0.840100000001257 	465.200012207031 	3.83915974834516E-15 	
465.299987792969 	-0.839299999999639 	465.299987792969 	3.8232946856E-15 	
465.399963378906 	-0.838200000001962 	465.399963378906 	3.80742962285484E-15 	
465.499938964844 	-0.836700000003475 	465.499938964844 	3.79156456010967E-15 	
465.600036621094 	-0.83520000000135 	465.600036621094 	3.77568012610353E-15 	
465.700012207031 	-0.835399999999936 	465.700012207031 	3.75981506335837E-15 	
465.799987792969 	-0.833599999998114 	465.799987792969 	3.7439500006132E-15 	
465.899963378906 	-0.835500000001048 	465.899963378906 	3.72808493786804E-15 	
465.999938964844 	-0.835500000001048 	465.999938964844 	3.71221987512288E-15 	
466.100036621094 	-0.833000000002357 	466.100036621094 	3.69633544111673E-15 	
466.200012207031 	-0.83009999999922 	466.200012207031 	3.68047037837157E-15 	
466.299987792969 	-0.831600000001345 	466.299987792969 	3.66460531562641E-15 	
466.399963378906 	-0.828900000000431 	466.399963378906 	3.64874025288125E-15 	
466.499938964844 	-0.825099999998201 	466.499938964844 	3.63287519013608E-15 	
466.600036621094 	-0.824100000001636 	466.600036621094 	3.61699075612994E-15 	
466.700012207031 	-0.827900000003865 	466.700012207031 	3.60112569338477E-15 	
466.799987792969 	-0.829100000002654 	466.799987792969 	3.58526063063961E-15 	
466.899963378906 	-0.828799999999319 	466.899963378906 	3.56939556789445E-15 	
466.999938964844 	-0.825100000001839 	466.999938964844 	3.55353050514929E-15 	
467.100036621094 	-0.824800000002142 	467.100036621094 	3.53764607114314E-15 	
467.200012207031 	-0.82640000000174 	467.200012207031 	3.52178100839798E-15 	
467.299987792969 	-0.825800000002346 	467.299987792969 	3.50591594565282E-15 	
467.399963378906 	-0.823100000001432 	467.399963378906 	3.49005088290765E-15 	
467.499938964844 	-0.821800000001531 	467.499938964844 	3.47418582016249E-15 	
467.600036621094 	-0.823100000001432 	467.600036621094 	3.45830138615634E-15 	
467.700012207031 	-0.824400000001333 	467.700012207031 	3.44243632341118E-15 	
467.799987792969 	-0.823200000002544 	467.799987792969 	3.42657126066602E-15 	
467.899963378906 	-0.826900000000023 	467.899963378906 	3.41070619792086E-15 	
467.999938964844 	-0.825699999997596 	467.999938964844 	3.39484113517569E-15 	
468.100036621094 	-0.823400000001129 	468.100036621094 	3.37895670116955E-15 	
468.200012207031 	-0.824599999999919 	468.200012207031 	3.36309163842439E-15 	
468.299987792969 	-0.823100000001432 	468.299987792969 	3.34722657567922E-15 	
468.399963378906 	-0.821700000000419 	468.399963378906 	3.33136151293406E-15 	
468.499938964844 	-0.819800000001123 	468.499938964844 	3.3154964501889E-15 	
468.600036621094 	-0.818700000003446 	468.600036621094 	3.29961201618275E-15 	
468.700012207031 	-0.817500000001019 	468.700012207031 	3.28374695343759E-15 	
468.799987792969 	-0.817500000001019 	468.799987792969 	3.26788189069243E-15 	
468.899963378906 	-0.820599999999104 	468.899963378906 	3.25201682794726E-15 	
468.999938964844 	-0.823499999998603 	468.999938964844 	3.2361517652021E-15 	
469.100036621094 	-0.824100000001636 	469.100036621094 	3.22026733119596E-15 	
469.200012207031 	-0.822599999999511 	469.200012207031 	3.20440226845079E-15 	
469.299987792969 	-0.820400000000518 	469.299987792969 	3.18853720570563E-15 	
469.399963378906 	-0.823700000000827 	469.399963378906 	3.17267214296047E-15 	
469.499938964844 	-0.820899999998801 	469.499938964844 	3.15680708021531E-15 	
469.600036621094 	-0.825800000002346 	469.600036621094 	3.14092264620916E-15 	
469.700012207031 	-0.824300000003859 	469.700012207031 	3.125057583464E-15 	
469.799987792969 	-0.820899999998801 	469.799987792969 	3.10919252071883E-15 	
469.899963378906 	-0.821600000002945 	469.899963378906 	3.09332745797367E-15 	
469.999938964844 	-0.822299999999814 	469.999938964844 	3.07746239522851E-15 	
470.100036621094 	-0.822900000002846 	470.100036621094 	3.06157796122236E-15 	
470.200012207031 	-0.826600000000326 	470.200012207031 	3.0457128984772E-15 	
470.299987792969 	-0.82589999999982 	470.299987792969 	3.02984783573204E-15 	
470.399963378906 	-0.822400000000926 	470.399963378906 	3.01398277298688E-15 	
470.499938964844 	-0.826200000003155 	470.499938964844 	2.99811771024171E-15 	
470.600036621094 	-0.826300000000629 	470.600036621094 	2.98223327623557E-15 	
470.700012207031 	-0.830300000001444 	470.700012207031 	2.9663682134904E-15 	
470.799987792969 	-0.83179999999993 	470.799987792969 	2.95050315074524E-15 	
470.899963378906 	-0.831800000003568 	470.899963378906 	2.93463808800008E-15 	
470.999938964844 	-0.832699999999022 	470.999938964844 	2.91877302525492E-15 	
471.100036621094 	-0.833000000002357 	471.100036621094 	2.90288859124877E-15 	
471.200012207031 	-0.833200000000943 	471.200012207031 	2.88702352850361E-15 	
471.299987792969 	-0.834000000002561 	471.299987792969 	2.87115846575845E-15 	
471.399963378906 	-0.835800000000745 	471.399963378906 	2.85529340301328E-15 	
471.499938964844 	-0.83560000000216 	471.499938964844 	2.83942834026812E-15 	
471.600036621094 	-0.832800000003772 	471.600036621094 	2.82354390626197E-15 	
471.700012207031 	-0.833399999999529 	471.700012207031 	2.80767884351681E-15 	
471.799987792969 	-0.834700000003068 	471.799987792969 	2.79181378077165E-15 	
471.899963378906 	-0.830900000000838 	471.899963378906 	2.77594871802649E-15 	
471.999938964844 	-0.82930000000124 	471.999938964844 	2.76008365528132E-15 	
472.100036621094 	-0.829100000002654 	472.100036621094 	2.74419922127518E-15 	
472.200012207031 	-0.827600000004168 	472.200012207031 	2.72833415853002E-15 	
472.299987792969 	-0.828100000002451 	472.299987792969 	2.71246909578485E-15 	
472.399963378906 	-0.826000000000931 	472.399963378906 	2.69660403303969E-15 	
472.499938964844 	-0.821100000001024 	472.499938964844 	2.68073897029453E-15 	
472.600036621094 	-0.821199999998498 	472.600036621094 	2.66485453628838E-15 	
472.700012207031 	-0.820199999998295 	472.700012207031 	2.64898947354322E-15 	
472.799987792969 	-0.82589999999982 	472.799987792969 	2.63312441079806E-15 	
472.899963378906 	-0.829200000003766 	472.899963378906 	2.61725934805289E-15 	
472.999938964844 	-0.833000000002357 	472.999938964844 	2.60139428530773E-15 	
473.100036621094 	-0.836299999999028 	473.100036621094 	2.58550985130159E-15 	
473.200012207031 	-0.838299999999435 	473.200012207031 	2.56964478855642E-15 	
473.299987792969 	-0.839400000000751 	473.299987792969 	2.55377972581126E-15 	
473.399963378906 	-0.837100000000646 	473.399963378906 	2.5379146630661E-15 	
473.499938964844 	-0.837999999999738 	473.499938964844 	2.52204960032094E-15 	
473.600036621094 	-0.840299999999843 	473.600036621094 	2.50616516631479E-15 	
473.700012207031 	-0.839400000000751 	473.700012207031 	2.49030010356963E-15 	
473.799987792969 	-0.839100000001054 	473.799987792969 	2.47443504082447E-15 	
473.899963378906 	-0.840100000001257 	473.899963378906 	2.4585699780793E-15 	
473.999938964844 	-0.840499999998428 	473.999938964844 	2.44270491533414E-15 	
474.100036621094 	-0.840499999998428 	474.100036621094 	2.42682048132799E-15 	
474.200012207031 	-0.840200000002369 	474.200012207031 	2.41095541858283E-15 	
474.299987792969 	-0.840600000003178 	474.299987792969 	2.39509035583767E-15 	
474.399963378906 	-0.841600000003382 	474.399963378906 	2.37922529309251E-15 	
474.499938964844 	-0.836500000001251 	474.499938964844 	2.36336023034734E-15 	
474.600036621094 	-0.832600000001548 	474.600036621094 	2.3474757963412E-15 	
474.700012207031 	-0.83100000000195 	474.700012207031 	2.33161073359603E-15 	
474.799987792969 	-0.832300000001851 	474.799987792969 	2.31574567085087E-15 	
474.899963378906 	-0.835699999999633 	474.899963378906 	2.29988060810571E-15 	
474.999938964844 	-0.834900000001653 	474.999938964844 	2.28401554536055E-15 	
475.100036621094 	-0.834500000000844 	475.100036621094 	2.2681311113544E-15 	
475.200012207031 	-0.836899999998423 	475.200012207031 	2.25226604860924E-15 	
475.299987792969 	-0.837400000000343 	475.299987792969 	2.23640098586408E-15 	
475.399963378906 	-0.839499999998225 	475.399963378906 	2.22053592311891E-15 	
475.499938964844 	-0.838300000003073 	475.499938964844 	2.20467086037375E-15 	
475.600036621094 	-0.839299999999639 	475.600036621094 	2.18878642636761E-15 	
475.700012207031 	-0.841000000000349 	475.700012207031 	2.17292136362244E-15 	
475.799987792969 	-0.841300000000047 	475.799987792969 	2.15705630087728E-15 	
475.899963378906 	-0.841599999999744 	475.899963378906 	2.14119123813212E-15 	
475.999938964844 	-0.841100000001461 	475.999938964844 	2.12532617538695E-15 	
476.100036621094 	-0.836100000000442 	476.100036621094 	2.10944174138081E-15 	
476.200012207031 	-0.835300000002462 	476.200012207031 	2.09357667863565E-15 	
476.299987792969 	-0.833000000002357 	476.299987792969 	2.07771161589048E-15 	
476.399963378906 	-0.834800000000541 	476.399963378906 	2.06184655314532E-15 	
476.499938964844 	-0.835100000000239 	476.499938964844 	2.04598149040016E-15 	
476.600036621094 	-0.835400000003574 	476.600036621094 	2.03009705639401E-15 	
476.700012207031 	-0.836999999999534 	476.700012207031 	2.01423199364885E-15 	
476.799987792969 	-0.837800000001153 	476.799987792969 	1.99836693090369E-15 	
476.899963378906 	-0.83440000000337 	476.899963378906 	1.98250186815853E-15 	
476.999938964844 	-0.835700000003271 	476.999938964844 	1.96663680541336E-15 	
477.100036621094 	-0.833100000003469 	477.100036621094 	1.95075237140722E-15 	
477.200012207031 	-0.83270000000266 	477.200012207031 	1.93488730866205E-15 	
477.299987792969 	-0.834200000001147 	477.299987792969 	1.91902224591689E-15 	
477.399963378906 	-0.83610000000408 	477.399963378906 	1.90315718317173E-15 	
477.499938964844 	-0.837299999999232 	477.499938964844 	1.88729212042657E-15 	
477.600036621094 	-0.836400000003778 	477.600036621094 	1.87140768642042E-15 	
477.700012207031 	-0.83640000000014 	477.700012207031 	1.85554262367526E-15 	
477.799987792969 	-0.839899999999034 	477.799987792969 	1.8396775609301E-15 	
477.899963378906 	-0.84059999999954 	477.899963378906 	1.82381249818493E-15 	
477.999938964844 	-0.844100000002072 	477.999938964844 	1.80794743543977E-15 	
478.100036621094 	-0.843700000001263 	478.100036621094 	1.79206300143362E-15 	
478.200012207031 	-0.845000000001164 	478.200012207031 	1.77619793868846E-15 	
478.299987792969 	-0.848099999999249 	478.299987792969 	1.7603328759433E-15 	
478.399963378906 	-0.849599999997736 	478.399963378906 	1.74446781319814E-15 	
478.499938964844 	-0.848200000000361 	478.499938964844 	1.72860275045297E-15 	
478.600036621094 	-0.849900000001071 	478.600036621094 	1.71271831644683E-15 	
478.700012207031 	-0.843700000001263 	478.700012207031 	1.69685325370167E-15 	
478.799987792969 	-0.844300000000658 	478.799987792969 	1.6809881909565E-15 	
478.899963378906 	-0.842000000000553 	478.899963378906 	1.66512312821134E-15 	
478.999938964844 	-0.839200000002165 	478.999938964844 	1.64925806546618E-15 	
479.100036621094 	-0.839500000001863 	479.100036621094 	1.63337363146003E-15 	
479.200012207031 	-0.839100000001054 	479.200012207031 	1.61750856871487E-15 	
479.299987792969 	-0.837299999999232 	479.299987792969 	1.60164350596971E-15 	
479.399963378906 	-0.834200000001147 	479.399963378906 	1.58577844322454E-15 	
479.499938964844 	-0.836699999999837 	479.499938964844 	1.56991338047938E-15 	
479.600036621094 	-0.837100000000646 	479.600036621094 	1.55402894647324E-15 	
479.700012207031 	-0.838700000000244 	479.700012207031 	1.53816388372807E-15 	
479.799987792969 	-0.841100000001461 	479.799987792969 	1.52229882098291E-15 	
479.899963378906 	-0.84059999999954 	479.899963378906 	1.50643375823775E-15 	
479.999938964844 	-0.839900000002672 	479.999938964844 	1.49056869549259E-15 	
480.100036621094 	-0.838600000002771 	480.100036621094 	1.47468426148644E-15 	
480.200012207031 	-0.838100000004488 	480.200012207031 	1.45881919874128E-15 	
480.299987792969 	-0.839600000002974 	480.299987792969 	1.44295413599611E-15 	
480.399963378906 	-0.843700000001263 	480.399963378906 	1.42708907325095E-15 	
480.499938964844 	-0.84440000000177 	480.499938964844 	1.41122401050579E-15 	
480.600036621094 	-0.845300000000861 	480.600036621094 	1.39533957649964E-15 	
480.700012207031 	-0.845700000001671 	480.700012207031 	1.37947451375448E-15 	
480.799987792969 	-0.841800000001967 	480.799987792969 	1.36360945100932E-15 	
480.899963378906 	-0.840800000001764 	480.899963378906 	1.34774438826416E-15 	
480.999938964844 	-0.841899999999441 	480.999938964844 	1.33187932551899E-15 	
481.100036621094 	-0.838400000004185 	481.100036621094 	1.31599489151285E-15 	
481.200012207031 	-0.83810000000085 	481.200012207031 	1.30012982876768E-15 	
481.299987792969 	-0.83640000000014 	481.299987792969 	1.28426476602252E-15 	
481.399963378906 	-0.835999999999331 	481.399963378906 	1.26839970327736E-15 	
481.499938964844 	-0.836800000000949 	481.499938964844 	1.2525346405322E-15 	
481.600036621094 	-0.832900000001246 	481.600036621094 	1.23665020652605E-15 	
481.700012207031 	-0.833699999999226 	481.700012207031 	1.22078514378089E-15 	
481.799987792969 	-0.830300000001444 	481.799987792969 	1.20492008103573E-15 	
481.899963378906 	-0.831099999999424 	481.899963378906 	1.18905501829056E-15 	
481.999938964844 	-0.834100000000035 	481.999938964844 	1.1731899555454E-15 	
482.100036621094 	-0.833200000000943 	482.100036621094 	1.15730552153925E-15 	
482.200012207031 	-0.836600000002363 	482.200012207031 	1.14144045879409E-15 	
482.299987792969 	-0.836800000000949 	482.299987792969 	1.12557539604893E-15 	
482.399963378906 	-0.833300000002055 	482.399963378906 	1.10971033330377E-15 	
482.499938964844 	-0.830200000000332 	482.499938964844 	1.0938452705586E-15 	
482.600036621094 	-0.828300000001036 	482.600036621094 	1.07796083655246E-15 	
482.700012207031 	-0.82589999999982 	482.700012207031 	1.0620957738073E-15 	
482.799987792969 	-0.826900000003661 	482.799987792969 	1.04623071106213E-15 	
482.899963378906 	-0.824800000002142 	482.899963378906 	1.03036564831697E-15 	
482.999938964844 	-0.825799999998708 	482.999938964844 	1.01450058557181E-15 	
483.100036621094 	-0.825500000002648 	483.100036621094 	9.98616151565663E-16 	
483.200012207031 	-0.824200000002747 	483.200012207031 	9.827510888205E-16 	
483.299987792969 	-0.820800000001327 	483.299987792969 	9.66886026075337E-16 	
483.399963378906 	-0.820299999999406 	483.399963378906 	9.51020963330175E-16 	
483.499938964844 	-0.817800000000716 	483.499938964844 	9.35155900585012E-16 	
483.600036621094 	-0.816300000002229 	483.600036621094 	9.19271466578866E-16 	
483.700012207031 	-0.816000000002532 	483.700012207031 	9.03406403833704E-16 	
483.799987792969 	-0.811900000000605 	483.799987792969 	8.87541341088541E-16 	
483.899963378906 	-0.812400000002526 	483.899963378906 	8.71676278343379E-16 	
483.999938964844 	-0.81170000000202 	483.999938964844 	8.55811215598216E-16 	
484.100036621094 	-0.809100000002218 	484.100036621094 	8.3992678159207E-16 	
484.200012207031 	-0.807799999998679 	484.200012207031 	8.24061718846908E-16 	
484.299987792969 	-0.808100000002014 	484.299987792969 	8.08196656101745E-16 	
484.399963378906 	-0.807600000003731 	484.399963378906 	7.92331593356582E-16 	
484.499938964844 	-0.806800000002113 	484.499938964844 	7.7646653061142E-16 	
484.600036621094 	-0.804700000004232 	484.600036621094 	7.60582096605274E-16 	
484.700012207031 	-0.807499999998981 	484.700012207031 	7.44717033860111E-16 	
484.799987792969 	-0.805000000000291 	484.799987792969 	7.28851971114949E-16 	
484.899963378906 	-0.80710000000181 	484.899963378906 	7.12986908369786E-16 	
484.999938964844 	-0.80460000000312 	484.999938964844 	6.97121845624624E-16 	
485.100036621094 	-0.801699999999983 	485.100036621094 	6.81237411618478E-16 	
485.200012207031 	-0.801500000001397 	485.200012207031 	6.65372348873315E-16 	
485.299987792969 	-0.802299999999377 	485.299987792969 	6.49507286128153E-16 	
485.399963378906 	-0.800200000001496 	485.399963378906 	6.3364222338299E-16 	
485.499938964844 	-0.798100000003615 	485.499938964844 	6.17777160637827E-16 	
485.600036621094 	-0.800100000000384 	485.600036621094 	6.01892726631682E-16 	
485.700012207031 	-0.797700000002806 	485.700012207031 	5.86027663886519E-16 	
485.799987792969 	-0.797600000001694 	485.799987792969 	5.70162601141356E-16 	
485.899963378906 	-0.798500000000786 	485.899963378906 	5.54297538396194E-16 	
485.999938964844 	-0.800200000001496 	485.999938964844 	5.38432475651031E-16 	
486.100036621094 	-0.796500000000378 	486.100036621094 	5.22548041644885E-16 	
486.200012207031 	-0.796800000000076 	486.200012207031 	5.06682978899723E-16 	
486.299987792969 	-0.794799999999668 	486.299987792969 	4.9081791615456E-16 	
486.399963378906 	-0.793600000000879 	486.399963378906 	4.74952853409398E-16 	
486.499938964844 	-0.793900000000576 	486.499938964844 	4.59087790664235E-16 	
486.600036621094 	-0.791100000002189 	486.600036621094 	4.43203356658089E-16 	
486.700012207031 	-0.788700000000972 	486.700012207031 	4.27338293912927E-16 	
486.799987792969 	-0.792199999999866 	486.799987792969 	4.11473231167764E-16 	
486.899963378906 	-0.792200000003504 	486.899963378906 	3.95608168422601E-16 	
486.999938964844 	-0.790400000001682 	486.999938964844 	3.79743105677439E-16 	
487.100036621094 	-0.789400000001478 	487.100036621094 	3.63858671671293E-16 	
487.200012207031 	-0.788700000000972 	487.200012207031 	3.47993608926131E-16 	
487.299987792969 	-0.789400000001478 	487.299987792969 	3.32128546180968E-16 	
487.399963378906 	-0.788600000003498 	487.399963378906 	3.16263483435805E-16 	
487.499938964844 	-0.788400000001275 	487.499938964844 	3.00398420690643E-16 	
487.600036621094 	-0.789600000003702 	487.600036621094 	2.84513986684497E-16 	
487.700012207031 	-0.789000000000669 	487.700012207031 	2.68648923939334E-16 	
487.799987792969 	-0.789499999998952 	487.799987792969 	2.52783861194172E-16 	
487.899963378906 	-0.788000000000466 	487.899963378906 	2.36918798449009E-16 	
487.999938964844 	-0.78610000000117 	487.999938964844 	2.21053735703846E-16 	
488.100036621094 	-0.785500000001775 	488.100036621094 	2.05169301697701E-16 	
488.200012207031 	-0.783999999999651 	488.200012207031 	1.89304238952538E-16 	
488.299987792969 	-0.783700000003591 	488.299987792969 	1.73439176207376E-16 	
488.399963378906 	-0.781999999999243 	488.399963378906 	1.57574113462213E-16 	
488.499938964844 	-0.783999999999651 	488.499938964844 	1.4170905071705E-16 	
488.600036621094 	-0.784000000003289 	488.600036621094 	1.25824616710905E-16 	
488.700012207031 	-0.785400000000664 	488.700012207031 	1.09959553965742E-16 	
488.799987792969 	-0.786199999998644 	488.799987792969 	9.40944912205793E-17 	
488.899963378906 	-0.788400000001275 	488.899963378906 	7.82294284754167E-17 	
488.999938964844 	-0.787700000000768 	488.999938964844 	6.23643657302541E-17 	
489.100036621094 	-0.789700000001176 	489.100036621094 	4.64799317241084E-17 	
489.200012207031 	-0.791600000000471 	489.200012207031 	3.06148689789458E-17 	
489.299987792969 	-0.795500000000175 	489.299987792969 	1.47498062337831E-17 	
489.399963378906 	-0.795500000000175 	489.399963378906 	7.00302916778404E-18 	
489.499938964844 	-0.7983000000022 	489.499938964844 	6.99749497179989E-18 	
489.600036621094 	-0.800400000000081 	489.600036621094 	6.99195401855569E-18 	
489.700012207031 	-0.800699999999779 	489.700012207031 	6.98641982257154E-18 	
489.799987792969 	-0.801800000001094 	489.799987792969 	6.98088562658739E-18 	
489.899963378906 	-0.800600000002305 	489.899963378906 	6.97535143060324E-18 	
489.999938964844 	-0.796900000001187 	489.999938964844 	6.96981723461909E-18 	
490.100036621094 	-0.796300000001793 	490.100036621094 	6.96427628137489E-18 	
490.200012207031 	-0.796200000000681 	490.200012207031 	6.95874208539074E-18 	
490.299987792969 	-0.792199999999866 	490.299987792969 	6.95320788940659E-18 	
490.399963378906 	-0.790900000003603 	490.399963378906 	6.94767369342244E-18 	
490.499938964844 	-0.792500000003201 	490.499938964844 	6.94213949743829E-18 	
490.600036621094 	-0.791600000000471 	490.600036621094 	6.93659854419409E-18 	
490.700012207031 	-0.791600000004109 	490.700012207031 	6.93106434820994E-18 	
490.799987792969 	-0.791900000000169 	490.799987792969 	6.92553015222579E-18 	
490.899963378906 	-0.78950000000259 	490.899963378906 	6.91999595624164E-18 	
490.999938964844 	-0.793300000001182 	490.999938964844 	6.91446176025749E-18 	
491.100036621094 	-0.796099999999569 	491.100036621094 	6.90892080701329E-18 	
491.200012207031 	-0.797500000000582 	491.200012207031 	6.90338661102914E-18 	
491.299987792969 	-0.797200000000885 	491.299987792969 	6.89785241504499E-18 	
491.399963378906 	-0.798699999999371 	491.399963378906 	6.89231821906085E-18 	
491.499938964844 	-0.7983000000022 	491.499938964844 	6.8867840230767E-18 	
491.600036621094 	-0.797300000001997 	491.600036621094 	6.88124306983249E-18 	
491.700012207031 	-0.796399999999267 	491.700012207031 	6.87570887384834E-18 	
491.799987792969 	-0.797300000001997 	491.799987792969 	6.8701746778642E-18 	
491.899963378906 	-0.793700000001991 	491.899963378906 	6.86464048188005E-18 	
491.999938964844 	-0.793500000003405 	491.999938964844 	6.8591062858959E-18 	
492.100036621094 	-0.791600000000471 	492.100036621094 	6.85356533265169E-18 	
492.200012207031 	-0.791400000001886 	492.200012207031 	6.84803113666755E-18 	
492.299987792969 	-0.791800000002695 	492.299987792969 	6.8424969406834E-18 	
492.399963378906 	-0.793100000002596 	492.399963378906 	6.83696274469925E-18 	
492.499938964844 	-0.794699999998556 	492.499938964844 	6.8314285487151E-18 	
492.600036621094 	-0.798600000001898 	492.600036621094 	6.8258875954709E-18 	
492.700012207031 	-0.798800000000483 	492.700012207031 	6.82035339948675E-18 	
492.799987792969 	-0.799399999999878 	492.799987792969 	6.8148192035026E-18 	
492.899963378906 	-0.800200000001496 	492.899963378906 	6.80928500751845E-18 	
492.999938964844 	-0.801500000001397 	492.999938964844 	6.8037508115343E-18 	
493.100036621094 	-0.804800000001705 	493.100036621094 	6.7982098582901E-18 	
493.200012207031 	-0.805700000000797 	493.200012207031 	6.79267566230595E-18 	
493.299987792969 	-0.805300000003626 	493.299987792969 	6.7871414663218E-18 	
493.399963378906 	-0.805600000003324 	493.399963378906 	6.78160727033765E-18 	
493.499938964844 	-0.806100000001607 	493.499938964844 	6.7760730743535E-18 	
493.600036621094 	-0.806100000001607 	493.600036621094 	6.7705321211093E-18 	
493.700012207031 	-0.807500000002619 	493.700012207031 	6.76499792512515E-18 	
493.799987792969 	-0.809200000003329 	493.799987792969 	6.759463729141E-18 	
493.899963378906 	-0.810600000000704 	493.899963378906 	6.75392953315685E-18 	
493.999938964844 	-0.812100000002829 	493.999938964844 	6.7483953371727E-18 	
494.100036621094 	-0.812999999998283 	494.100036621094 	6.7428543839285E-18 	
494.200012207031 	-0.813300000001618 	494.200012207031 	6.73732018794435E-18 	
494.299987792969 	-0.814099999999598 	494.299987792969 	6.7317859919602E-18 	
494.399963378906 	-0.81340000000273 	494.399963378906 	6.72625179597605E-18 	
494.499938964844 	-0.814400000002934 	494.499938964844 	6.72071759999191E-18 	
494.600036621094 	-0.813200000000506 	494.600036621094 	6.7151766467477E-18 	
494.700012207031 	-0.813000000001921 	494.700012207031 	6.70964245076355E-18 	
494.799987792969 	-0.81420000000071 	494.799987792969 	6.70410825477941E-18 	
494.899963378906 	-0.814600000001519 	494.899963378906 	6.69857405879526E-18 	
494.999938964844 	-0.81590000000142 	494.999938964844 	6.69303986281111E-18 	
495.100036621094 	-0.814900000001217 	495.100036621094 	6.6874989095669E-18 	
495.200012207031 	-0.809799999999086 	495.200012207031 	6.68196471358276E-18 	
495.299987792969 	-0.808000000000902 	495.299987792969 	6.67643051759861E-18 	
495.399963378906 	-0.805600000003324 	495.399963378906 	6.67089632161446E-18 	
495.499938964844 	-0.807400000001508 	495.499938964844 	6.66536212563031E-18 	
495.600036621094 	-0.807600000003731 	495.600036621094 	6.65982117238611E-18 	
495.700012207031 	-0.807000000000698 	495.700012207031 	6.65428697640196E-18 	
495.799987792969 	-0.806300000000192 	495.799987792969 	6.64875278041781E-18 	
495.899963378906 	-0.807600000000093 	495.899963378906 	6.64321858443366E-18 	
495.999938964844 	-0.807300000000396 	495.999938964844 	6.63768438844951E-18 	
496.100036621094 	-0.812200000000303 	496.100036621094 	6.63214343520531E-18 	
496.200012207031 	-0.814400000002934 	496.200012207031 	6.62660923922116E-18 	
496.299987792969 	-0.815099999999802 	496.299987792969 	6.62107504323701E-18 	
496.399963378906 	-0.816999999999098 	496.399963378906 	6.61554084725286E-18 	
496.499938964844 	-0.817400000003545 	496.499938964844 	6.61000665126871E-18 	
496.600036621094 	-0.817399999999907 	496.600036621094 	6.60446569802451E-18 	
496.700012207031 	-0.817699999999604 	496.700012207031 	6.59893150204036E-18 	
496.799987792969 	-0.815400000003137 	496.799987792969 	6.59339730605621E-18 	
496.899963378906 	-0.816400000003341 	496.899963378906 	6.58786311007206E-18 	
496.999938964844 	-0.816399999999703 	496.999938964844 	6.58232891408791E-18 	
497.100036621094 	-0.815500000004249 	497.100036621094 	6.57678796084371E-18 	
497.200012207031 	-0.815200000000914 	497.200012207031 	6.57125376485956E-18 	
497.299987792969 	-0.814900000001217 	497.299987792969 	6.56571956887541E-18 	
497.399963378906 	-0.814500000000407 	497.399963378906 	6.56018537289126E-18 	
497.499938964844 	-0.812300000001414 	497.499938964844 	6.55465117690712E-18 	
497.600036621094 	-0.81420000000071 	497.600036621094 	6.54911022366291E-18 	
497.700012207031 	-0.813799999999901 	497.700012207031 	6.54357602767876E-18 	
497.799987792969 	-0.813599999997678 	497.799987792969 	6.53804183169461E-18 	
497.899963378906 	-0.818600000002334 	497.899963378906 	6.53250763571047E-18 	
497.999938964844 	-0.822000000003754 	497.999938964844 	6.52697343972632E-18 	
498.100036621094 	-0.819100000004255 	498.100036621094 	6.52143248648211E-18 	
498.200012207031 	-0.818699999999808 	498.200012207031 	6.51589829049796E-18 	
498.299987792969 	-0.817599999998492 	498.299987792969 	6.51036409451382E-18 	
498.399963378906 	-0.817599999998492 	498.399963378906 	6.50482989852967E-18 	
498.499938964844 	-0.816100000003644 	498.499938964844 	6.49929570254552E-18 	
498.600036621094 	-0.817100000003848 	498.600036621094 	6.49375474930132E-18 	
498.700012207031 	-0.81760000000213 	498.700012207031 	6.48822055331717E-18 	
498.799987792969 	-0.81420000000071 	498.799987792969 	6.48268635733302E-18 	
498.899963378906 	-0.809400000001915 	498.899963378906 	6.47715216134887E-18 	
498.999938964844 	-0.810700000001816 	498.999938964844 	6.47161796536472E-18 	
499.100036621094 	-0.809700000001612 	499.100036621094 	6.46607701212052E-18 	
499.200012207031 	-0.807500000002619 	499.200012207031 	6.46054281613637E-18 	
499.299987792969 	-0.807400000001508 	499.299987792969 	6.45500862015222E-18 	
499.399963378906 	-0.80880000000252 	499.399963378906 	6.44947442416807E-18 	
499.499938964844 	-0.809300000000803 	499.499938964844 	6.44394022818392E-18 	
499.600036621094 	-0.806900000003225 	499.600036621094 	6.43839927493972E-18 	
499.700012207031 	-0.807400000001508 	499.700012207031 	6.43286507895557E-18 	
499.799987792969 	-0.808100000002014 	499.799987792969 	6.42733088297142E-18 	
499.899963378906 	-0.808700000001409 	499.899963378906 	6.42179668698727E-18 	
499.999938964844 	-0.805599999999686 	499.999938964844 	6.41626249100312E-18 	
500.100036621094 	-0.806000000000495 	500.100036621094 	6.41072153775892E-18 	
500.200012207031 	-0.804300000003423 	500.200012207031 	6.40518734177477E-18 	
500.299987792969 	-0.802800000001298 	500.299987792969 	6.39965314579062E-18 	
500.399963378906 	-0.806600000003527 	500.399963378906 	6.39411894980647E-18 	
500.499938964844 	-0.806800000002113 	500.499938964844 	6.38858475382232E-18 	
500.600036621094 	-0.803100000000995 	500.600036621094 	6.38304380057812E-18 	
500.700012207031 	-0.800100000004022 	500.700012207031 	6.37750960459397E-18 	
500.799987792969 	-0.802800000001298 	500.799987792969 	6.37197540860982E-18 	
500.899963378906 	-0.806100000001607 	500.899963378906 	6.36644121262567E-18 	
500.999938964844 	-0.807800000002317 	500.999938964844 	6.36090701664153E-18 	
501.100036621094 	-0.810900000000402 	501.100036621094 	6.35536606339732E-18 	
501.200012207031 	-0.812600000001112 	501.200012207031 	6.34983186741317E-18 	
501.299987792969 	-0.811500000003434 	501.299987792969 	6.34429767142902E-18 	
501.399963378906 	-0.812699999998586 	501.399963378906 	6.33876347544488E-18 	
501.499938964844 	-0.811200000000099 	501.499938964844 	6.33322927946073E-18 	
501.600036621094 	-0.809000000001106 	501.600036621094 	6.32768832621652E-18 	
501.700012207031 	-0.809399999998277 	501.700012207031 	6.32215413023238E-18 	
501.799987792969 	-0.811800000003132 	501.799987792969 	6.31661993424823E-18 	
501.899963378906 	-0.812200000000303 	501.899963378906 	6.31108573826408E-18 	
501.999938964844 	-0.813300000001618 	501.999938964844 	6.30555154227993E-18 	
502.100036621094 	-0.811400000002322 	502.100036621094 	6.30001058903573E-18 	
502.200012207031 	-0.809000000001106 	502.200012207031 	6.29447639305158E-18 	
502.299987792969 	-0.808600000000297 	502.299987792969 	6.28894219706743E-18 	
502.399963378906 	-0.811600000000908 	502.399963378906 	6.28340800108328E-18 	
502.499938964844 	-0.808499999999185 	502.499938964844 	6.27787380509913E-18 	
502.600036621094 	-0.807300000000396 	502.600036621094 	6.27233285185493E-18 	
502.700012207031 	-0.808600000000297 	502.700012207031 	6.26679865587078E-18 	
502.799987792969 	-0.809400000001915 	502.799987792969 	6.26126445988663E-18 	
502.899963378906 	-0.813099999999395 	502.899963378906 	6.25573026390248E-18 	
502.999938964844 	-0.813200000000506 	502.999938964844 	6.25019606791833E-18 	
503.100036621094 	-0.813800000003539 	503.100036621094 	6.24465511467413E-18 	
503.200012207031 	-0.812200000000303 	503.200012207031 	6.23912091868998E-18 	
503.299987792969 	-0.8125 	503.299987792969 	6.23358672270583E-18 	
503.399963378906 	-0.811799999999494 	503.399963378906 	6.22805252672168E-18 	
503.499938964844 	-0.81510000000344 	503.499938964844 	6.22251833073753E-18 	
503.600036621094 	-0.816899999997986 	503.600036621094 	6.21697737749333E-18 	
503.700012207031 	-0.813500000000204 	503.700012207031 	6.21144318150918E-18 	
503.799987792969 	-0.809799999999086 	503.799987792969 	6.20590898552503E-18 	
503.899963378906 	-0.808899999999994 	503.899963378906 	6.20037478954088E-18 	
503.999938964844 	-0.806499999998778 	503.999938964844 	6.19484059355673E-18 	
504.100036621094 	-0.808400000001711 	504.100036621094 	6.18929964031253E-18 	
504.200012207031 	-0.807500000002619 	504.200012207031 	6.18376544432838E-18 	
504.299987792969 	-0.807000000000698 	504.299987792969 	6.17823124834423E-18 	
504.399963378906 	-0.805599999999686 	504.399963378906 	6.17269705236009E-18 	
504.499938964844 	-0.806100000001607 	504.499938964844 	6.16716285637594E-18 	
504.600036621094 	-0.809700000001612 	504.600036621094 	6.16162190313173E-18 	
504.700012207031 	-0.811000000001513 	504.700012207031 	6.15608770714758E-18 	
504.799987792969 	-0.808900000003632 	504.799987792969 	6.15055351116344E-18 	
504.899963378906 	-0.806000000000495 	504.899963378906 	6.14501931517929E-18 	
504.999938964844 	-0.805299999999988 	504.999938964844 	6.13948511919514E-18 	
505.100036621094 	-0.804300000003423 	505.100036621094 	6.13394416595093E-18 	
505.200012207031 	-0.804199999998673 	505.200012207031 	6.12840996996679E-18 	
505.299987792969 	-0.805800000001909 	505.299987792969 	6.12287577398264E-18 	
505.399963378906 	-0.802400000004127 	505.399963378906 	6.11734157799849E-18 	
505.499938964844 	-0.805900000003021 	505.499938964844 	6.11180738201434E-18 	
505.600036621094 	-0.808099999998376 	505.600036621094 	6.10626642877014E-18 	
505.700012207031 	-0.8083000000006 	505.700012207031 	6.10073223278599E-18 	
505.799987792969 	-0.807000000000698 	505.799987792969 	6.09519803680184E-18 	
505.899963378906 	-0.807400000001508 	505.899963378906 	6.08966384081769E-18 	
505.999938964844 	-0.802600000002712 	505.999938964844 	6.08412964483354E-18 	
506.100036621094 	-0.800800000000891 	506.100036621094 	6.07858869158934E-18 	
506.200012207031 	-0.800900000002002 	506.200012207031 	6.07305449560519E-18 	
506.299987792969 	-0.802200000001903 	506.299987792969 	6.06752029962104E-18 	
506.399963378906 	-0.800500000001193 	506.399963378906 	6.06198610363689E-18 	
506.499938964844 	-0.798099999999977 	506.499938964844 	6.05645190765274E-18 	
506.600036621094 	-0.798099999999977 	506.600036621094 	6.05091095440854E-18 	
506.700012207031 	-0.797200000000885 	506.700012207031 	6.04537675842439E-18 	
506.799987792969 	-0.792000000001281 	506.799987792969 	6.03984256244024E-18 	
506.899963378906 	-0.789000000000669 	506.899963378906 	6.03430836645609E-18 	
506.999938964844 	-0.787200000002485 	506.999938964844 	6.02877417047194E-18 	
507.100036621094 	-0.785700000000361 	507.100036621094 	6.02323321722774E-18 	
507.200012207031 	-0.782100000000355 	507.200012207031 	6.01769902124359E-18 	
507.299987792969 	-0.778999999998632 	507.299987792969 	6.01216482525944E-18 	
507.399963378906 	-0.777800000003481 	507.399963378906 	6.00663062927529E-18 	
507.499938964844 	-0.780400000003283 	507.499938964844 	6.00109643329115E-18 	
507.600036621094 	-0.78190000000177 	507.600036621094 	5.99555548004694E-18 	
507.700012207031 	-0.778999999998632 	507.700012207031 	5.99002128406279E-18 	
507.799987792969 	-0.781600000002072 	507.799987792969 	5.98448708807864E-18 	
507.899963378906 	-0.780500000000757 	507.899963378906 	5.9789528920945E-18 	
507.999938964844 	-0.782200000001467 	507.999938964844 	5.97341869611035E-18 	
508.100036621094 	-0.781199999997625 	508.100036621094 	5.96787774286614E-18 	
508.200012207031 	-0.778600000001461 	508.200012207031 	5.96234354688199E-18 	
508.299987792969 	-0.779300000001967 	508.299987792969 	5.95680935089785E-18 	
508.399963378906 	-0.779200000000856 	508.399963378906 	5.9512751549137E-18 	
508.499938964844 	-0.779200000000856 	508.499938964844 	5.94574095892955E-18 	
508.600036621094 	-0.781600000002072 	508.600036621094 	5.94020000568535E-18 	
508.700012207031 	-0.781100000000151 	508.700012207031 	5.9346658097012E-18 	
508.799987792969 	-0.779200000000856 	508.799987792969 	5.92913161371705E-18 	
508.899963378906 	-0.779699999999139 	508.899963378906 	5.9235974177329E-18 	
508.999938964844 	-0.778100000003178 	508.999938964844 	5.91806322174875E-18 	
509.100036621094 	-0.779299999998329 	509.100036621094 	5.91252226850455E-18 	
509.200012207031 	-0.778300000001764 	509.200012207031 	5.9069880725204E-18 	
509.299987792969 	-0.779600000001665 	509.299987792969 	5.90145387653625E-18 	
509.399963378906 	-0.780900000001566 	509.399963378906 	5.8959196805521E-18 	
509.499938964844 	-0.78150000000096 	509.499938964844 	5.89038548456795E-18 	
509.600036621094 	-0.78440000000046 	509.600036621094 	5.88484453132375E-18 	
509.700012207031 	-0.787700000000768 	509.700012207031 	5.8793103353396E-18 	
509.799987792969 	-0.791700000001583 	509.799987792969 	5.87377613935545E-18 	
509.899963378906 	-0.793900000000576 	509.899963378906 	5.8682419433713E-18 	
509.999938964844 	-0.791300000000774 	509.999938964844 	5.86270774738715E-18 	
510.100036621094 	-0.79240000000209 	510.100036621094 	5.85716679414295E-18 	
510.200012207031 	-0.790499999999156 	510.200012207031 	5.8516325981588E-18 	
510.299987792969 	-0.790500000002794 	510.299987792969 	5.84609840217465E-18 	
510.399963378906 	-0.790400000001682 	510.399963378906 	5.8405642061905E-18 	
510.499938964844 	-0.785800000001473 	510.499938964844 	5.83503001020635E-18 	
510.600036621094 	-0.78689999999915 	510.600036621094 	5.82948905696215E-18 	
510.700012207031 	-0.789700000001176 	510.700012207031 	5.823954860978E-18 	
510.799987792969 	-0.794099999999162 	510.799987792969 	5.81842066499385E-18 	
510.899963378906 	-0.798200000001088 	510.899963378906 	5.8128864690097E-18 	
510.999938964844 	-0.794699999998556 	510.999938964844 	5.80735227302556E-18 	
511.100036621094 	-0.794300000001385 	511.100036621094 	5.80181131978135E-18 	
511.200012207031 	-0.793300000001182 	511.200012207031 	5.7962771237972E-18 	
511.299987792969 	-0.789700000001176 	511.299987792969 	5.79074292781306E-18 	
511.399963378906 	-0.791399999998248 	511.399963378906 	5.78520873182891E-18 	
511.499938964844 	-0.792300000000978 	511.499938964844 	5.77967453584476E-18 	
511.600036621094 	-0.797200000000885 	511.600036621094 	5.77413358260055E-18 	
511.700012207031 	-0.799600000002101 	511.700012207031 	5.76859938661641E-18 	
511.799987792969 	-0.802800000001298 	511.799987792969 	5.76306519063226E-18 	
511.899963378906 	-0.806000000000495 	511.899963378906 	5.75753099464811E-18 	
511.999938964844 	-0.805599999999686 	511.999938964844 	5.75199679866396E-18 	
512.100036621094 	-0.806600000003527 	512.100036621094 	5.74645584541976E-18 	
512.200012207031 	-0.806599999999889 	512.200012207031 	5.74092164943561E-18 	
512.299987792969 	-0.807600000000093 	512.299987792969 	5.73538745345146E-18 	
512.399963378906 	-0.808400000001711 	512.399963378906 	5.72985325746731E-18 	
512.499938964844 	-0.809600000000501 	512.499938964844 	5.72431906148316E-18 	
512.600036621094 	-0.809900000000198 	512.600036621094 	5.71877810823896E-18 	
512.700012207031 	-0.811000000001513 	512.700012207031 	5.71324391225481E-18 	
512.799987792969 	-0.812099999999191 	512.799987792969 	5.70770971627066E-18 	
512.899963378906 	-0.814600000001519 	512.899963378906 	5.70217552028651E-18 	
512.999938964844 	-0.815099999999802 	512.999938964844 	5.69664132430236E-18 	
513.100036621094 	-0.816500000004453 	513.100036621094 	5.69110037105816E-18 	
513.200012207031 	-0.816300000002229 	513.200012207031 	5.68556617507401E-18 	
513.299987792969 	-0.815399999999499 	513.299987792969 	5.68003197908986E-18 	
513.399963378906 	-0.81420000000071 	513.399963378906 	5.67449778310571E-18 	
513.499938964844 	-0.812900000000809 	513.499938964844 	5.66896358712156E-18 	
513.600036621094 	-0.814600000001519 	513.600036621094 	5.66342263387736E-18 	
513.700012207031 	-0.812700000002224 	513.700012207031 	5.65788843789321E-18 	
513.799987792969 	-0.813099999999395 	513.799987792969 	5.65235424190906E-18 	
513.899963378906 	-0.811600000000908 	513.899963378906 	5.64682004592491E-18 	
513.999938964844 	-0.808700000001409 	513.999938964844 	5.64128584994076E-18 	
514.100036621094 	-0.811200000003737 	514.100036621094 	5.63574489669656E-18 	
514.200012207031 	-0.810199999999895 	514.200012207031 	5.63021070071241E-18 	
514.299987792969 	-0.810300000001007 	514.299987792969 	5.62467650472826E-18 	
514.399963378906 	-0.808699999997771 	514.399963378906 	5.61914230874412E-18 	
514.499938964844 	-0.812100000002829 	514.499938964844 	5.61360811275997E-18 	
514.600036621094 	-0.811600000000908 	514.600036621094 	5.60806715951576E-18 	
514.700012207031 	-0.807099999998172 	514.700012207031 	5.60253296353161E-18 	
514.799987792969 	-0.805000000000291 	514.799987792969 	5.59699876754747E-18 	
514.899963378906 	-0.804200000002311 	514.899963378906 	5.59146457156332E-18 	
514.999938964844 	-0.806000000004133 	514.999938964844 	5.58593037557917E-18 	
515.100036621094 	-0.806800000002113 	515.100036621094 	5.58038942233497E-18 	
515.200012207031 	-0.807300000000396 	515.200012207031 	5.57485522635082E-18 	
515.299987792969 	-0.805000000000291 	515.299987792969 	5.56932103036667E-18 	
515.399963378906 	-0.804900000002817 	515.399963378906 	5.56378683438252E-18 	
515.499938964844 	-0.802700000000186 	515.499938964844 	5.55825263839837E-18 	
515.600036621094 	-0.799299999998766 	515.600036621094 	5.55271168515417E-18 	
515.700012207031 	-0.794600000001083 	515.700012207031 	5.54717748917002E-18 	
515.799987792969 	-0.79569999999876 	515.799987792969 	5.54164329318587E-18 	
515.899963378906 	-0.794999999998254 	515.899963378906 	5.53610909720172E-18 	
515.999938964844 	-0.794600000001083 	515.999938964844 	5.53057490121757E-18 	
516.100036621094 	-0.795799999999872 	516.100036621094 	5.52503394797337E-18 	
516.200012207031 	-0.792600000000675 	516.200012207031 	5.51949975198922E-18 	
516.299987792969 	-0.791400000001886 	516.299987792969 	5.51396555600507E-18 	
516.399963378906 	-0.792499999999563 	516.399963378906 	5.50843136002092E-18 	
516.499938964844 	-0.79070000000138 	516.499938964844 	5.50289716403677E-18 	
516.600036621094 	-0.787100000001374 	516.600036621094 	5.49735621079257E-18 	
516.700012207031 	-0.786500000001979 	516.700012207031 	5.49182201480842E-18 	
516.799987792969 	-0.786000000003696 	516.799987792969 	5.48628781882427E-18 	
516.899963378906 	-0.783100000000559 	516.899963378906 	5.48075362284012E-18 	
516.999938964844 	-0.782100000000355 	516.999938964844 	5.47521942685597E-18 	
517.100036621094 	-0.78150000000096 	517.100036621094 	5.46967847361177E-18 	
517.200012207031 	-0.783999999999651 	517.200012207031 	5.46414427762762E-18 	
517.299987792969 	-0.785799999997835 	517.299987792969 	5.45861008164347E-18 	
517.399963378906 	-0.782500000001164 	517.399963378906 	5.45307588565932E-18 	
517.499938964844 	-0.780200000001059 	517.499938964844 	5.44754168967518E-18 	
517.600036621094 	-0.777099999999336 	517.600036621094 	5.44200073643097E-18 	
517.700012207031 	-0.774000000001251 	517.700012207031 	5.43646654044682E-18 	
517.799987792969 	-0.771300000000338 	517.799987792969 	5.43093234446268E-18 	
517.899963378906 	-0.768599999999424 	517.899963378906 	5.42539814847853E-18 	
517.999938964844 	-0.767899999998917 	517.999938964844 	5.41986395249438E-18 	
518.100036621094 	-0.765800000001036 	518.100036621094 	5.41432299925017E-18 	
518.200012207031 	-0.766100000000733 	518.200012207031 	5.40878880326603E-18 	
518.299987792969 	-0.764699999999721 	518.299987792969 	5.40325460728188E-18 	
518.399963378906 	-0.763800000000629 	518.399963378906 	5.39772041129773E-18 	
518.499938964844 	-0.767500000001746 	518.499938964844 	5.39218621531358E-18 	
518.600036621094 	-0.768800000001647 	518.600036621094 	5.38664526206938E-18 	
518.700012207031 	-0.767899999998917 	518.700012207031 	5.38111106608523E-18 	
518.799987792969 	-0.766899999998714 	518.799987792969 	5.37557687010108E-18 	
518.899963378906 	-0.768499999998312 	518.899963378906 	5.37004267411693E-18 	
518.999938964844 	-0.768600000003062 	518.999938964844 	5.36450847813278E-18 	
519.100036621094 	-0.767100000000937 	519.100036621094 	5.35896752488858E-18 	
519.200012207031 	-0.765699999999924 	519.200012207031 	5.35343332890443E-18 	
519.299987792969 	-0.768100000001141 	519.299987792969 	5.34789913292028E-18 	
519.399963378906 	-0.769100000001345 	519.399963378906 	5.34236493693613E-18 	
519.499938964844 	-0.768900000002759 	519.499938964844 	5.33683074095198E-18 	
519.600036621094 	-0.769599999999627 	519.600036621094 	5.33128978770778E-18 	
519.700012207031 	-0.770000000000437 	519.700012207031 	5.32575559172363E-18 	
519.799987792969 	-0.767299999999523 	519.799987792969 	5.32022139573948E-18 	
519.899963378906 	-0.767200000002049 	519.899963378906 	5.31468719975533E-18 	
519.999938964844 	-0.770400000001246 	519.999938964844 	5.30915300377118E-18 	
520.100036621094 	-0.771800000002258 	520.100036621094 	5.30361205052698E-18 	
520.200012207031 	-0.767199999998411 	520.200012207031 	5.29807785454283E-18 	
520.299987792969 	-0.767200000002049 	520.299987792969 	5.29254365855868E-18 	
520.399963378906 	-0.767299999999523 	520.399963378906 	5.28700946257453E-18 	
520.499938964844 	-0.768900000002759 	520.499938964844 	5.28147526659039E-18 	
520.600036621094 	-0.769599999999627 	520.600036621094 	5.27593431334618E-18 	
520.700012207031 	-0.772400000001653 	520.700012207031 	5.27040011736203E-18 	
520.799987792969 	-0.776699999998527 	520.799987792969 	5.26486592137788E-18 	
520.899963378906 	-0.778000000002066 	520.899963378906 	5.25933172539374E-18 	
520.999938964844 	-0.779300000001967 	520.999938964844 	5.25379752940959E-18 	
521.100036621094 	-0.777500000000146 	521.100036621094 	5.24825657616538E-18 	
521.200012207031 	-0.776700000002165 	521.200012207031 	5.24272238018123E-18 	
521.299987792969 	-0.775300000001153 	521.299987792969 	5.23718818419709E-18 	
521.399963378906 	-0.774099999998725 	521.399963378906 	5.23165398821294E-18 	
521.499938964844 	-0.772099999998318 	521.499938964844 	5.22611979222879E-18 	
521.600036621094 	-0.769700000000739 	521.600036621094 	5.22057883898459E-18 	
521.700012207031 	-0.770100000001548 	521.700012207031 	5.21504464300044E-18 	
521.799987792969 	-0.771500000002561 	521.799987792969 	5.20951044701629E-18 	
521.899963378906 	-0.76929999999993 	521.899963378906 	5.20397625103214E-18 	
521.999938964844 	-0.770000000000437 	521.999938964844 	5.19844205504799E-18 	
522.100036621094 	-0.768899999999121 	522.100036621094 	5.19290110180379E-18 	
522.200012207031 	-0.767900000002555 	522.200012207031 	5.18736690581964E-18 	
522.299987792969 	-0.771800000002258 	522.299987792969 	5.18183270983549E-18 	
522.399963378906 	-0.774199999999837 	522.399963378906 	5.17629851385134E-18 	
522.499938964844 	-0.773699999997916 	522.499938964844 	5.17076431786719E-18 	
522.600036621094 	-0.774300000000949 	522.600036621094 	5.16522336462299E-18 	
522.700012207031 	-0.775900000000547 	522.700012207031 	5.15968916863884E-18 	
522.799987792969 	-0.777000000001863 	522.799987792969 	5.15415497265469E-18 	
522.899963378906 	-0.776000000001659 	522.899963378906 	5.14862077667054E-18 	
522.999938964844 	-0.777700000002369 	522.999938964844 	5.14308658068639E-18 	
523.100036621094 	-0.781200000001263 	523.100036621094 	5.13754562744219E-18 	
523.200012207031 	-0.782800000000861 	523.200012207031 	5.13201143145804E-18 	
523.299987792969 	-0.780299999998533 	523.299987792969 	5.12647723547389E-18 	
523.399963378906 	-0.778999999998632 	523.399963378906 	5.12094303948974E-18 	
523.499938964844 	-0.780399999999645 	523.499938964844 	5.11540884350559E-18 	
523.600036621094 	-0.780800000000454 	523.600036621094 	5.10986789026139E-18 	
523.700012207031 	-0.779500000000553 	523.700012207031 	5.10433369427724E-18 	
523.799987792969 	-0.781100000000151 	523.799987792969 	5.09879949829309E-18 	
523.899963378906 	-0.783400000000256 	523.899963378906 	5.09326530230895E-18 	
523.999938964844 	-0.782300000002579 	523.999938964844 	5.0877311063248E-18 	
524.100036621094 	-0.78150000000096 	524.100036621094 	5.08219015308059E-18 	
524.200012207031 	-0.782800000000861 	524.200012207031 	5.07665595709644E-18 	
524.299987792969 	-0.780699999999342 	524.299987792969 	5.0711217611123E-18 	
524.399963378906 	-0.780099999999948 	524.399963378906 	5.06558756512815E-18 	
524.499938964844 	-0.777799999999843 	524.499938964844 	5.060053369144E-18 	
524.600036621094 	-0.774199999999837 	524.600036621094 	5.05451241589979E-18 	
524.700012207031 	-0.775100000002567 	524.700012207031 	5.04897821991565E-18 	
524.799987792969 	-0.773500000002969 	524.799987792969 	5.0434440239315E-18 	
524.899963378906 	-0.777500000003783 	524.899963378906 	5.03790982794735E-18 	
524.999938964844 	-0.77730000000156 	524.999938964844 	5.0323756319632E-18 	
525.100036621094 	-0.776999999998225 	525.100036621094 	5.026834678719E-18 	
525.200012207031 	-0.781999999999243 	525.200012207031 	5.02130048273485E-18 	
525.299987792969 	-0.782899999998335 	525.299987792969 	5.0157662867507E-18 	
525.399963378906 	-0.783200000001671 	525.399963378906 	5.01023209076655E-18 	
525.499938964844 	-0.783500000001368 	525.499938964844 	5.0046978947824E-18 	
525.600036621094 	-0.785000000003492 	525.600036621094 	4.9991569415382E-18 	
525.700012207031 	-0.785400000000664 	525.700012207031 	4.99362274555405E-18 	
525.799987792969 	-0.784700000000157 	525.799987792969 	4.9880885495699E-18 	
525.899963378906 	-0.787000000000262 	525.899963378906 	4.98255435358575E-18 	
525.999938964844 	-0.785700000000361 	525.999938964844 	4.9770201576016E-18 	
526.100036621094 	-0.782999999999447 	526.100036621094 	4.9714792043574E-18 	
526.200012207031 	-0.782299999998941 	526.200012207031 	4.96594500837325E-18 	
526.299987792969 	-0.786000000000058 	526.299987792969 	4.9604108123891E-18 	
526.399963378906 	-0.784700000003795 	526.399963378906 	4.95487661640495E-18 	
526.499938964844 	-0.784400000004098 	526.499938964844 	4.9493424204208E-18 	
526.600036621094 	-0.782599999998638 	526.600036621094 	4.9438014671766E-18 	
526.700012207031 	-0.77900000000227 	526.700012207031 	4.93826727119245E-18 	
526.799987792969 	-0.778800000000047 	526.799987792969 	4.9327330752083E-18 	
526.899963378906 	-0.779900000001362 	526.899963378906 	4.92719887922415E-18 	
526.999938964844 	-0.779099999999744 	526.999938964844 	4.92166468324E-18 	
527.100036621094 	-0.776900000000751 	527.100036621094 	4.9161237299958E-18 	
527.200012207031 	-0.775699999998324 	527.200012207031 	4.91058953401165E-18 	
527.299987792969 	-0.775600000004488 	527.299987792969 	4.9050553380275E-18 	
527.399963378906 	-0.776499999999942 	527.399963378906 	4.89952114204336E-18 	
527.499938964844 	-0.77560000000085 	527.499938964844 	4.89398694605921E-18 	
527.600036621094 	-0.776900000000751 	527.600036621094 	4.888445992815E-18 	
527.700012207031 	-0.778599999997823 	527.700012207031 	4.88291179683086E-18 	
527.799987792969 	-0.778500000003987 	527.799987792969 	4.87737760084671E-18 	
527.899963378906 	-0.777700000002369 	527.899963378906 	4.87184340486256E-18 	
527.999938964844 	-0.776600000001054 	527.999938964844 	4.86630920887841E-18 	
528.100036621094 	-0.777200000000448 	528.100036621094 	4.8607682556342E-18 	
528.200012207031 	-0.778200000000652 	528.200012207031 	4.85523405965006E-18 	
528.299987792969 	-0.776099999999133 	528.299987792969 	4.84969986366591E-18 	
528.399963378906 	-0.775700000001962 	528.399963378906 	4.84416566768176E-18 	
528.499938964844 	-0.773700000001554 	528.499938964844 	4.83863147169761E-18 	
528.600036621094 	-0.777399999999034 	528.600036621094 	4.83309051845341E-18 	
528.700012207031 	-0.780300000002171 	528.700012207031 	4.82755632246926E-18 	
528.799987792969 	-0.778600000001461 	528.799987792969 	4.82202212648511E-18 	
528.899963378906 	-0.776600000001054 	528.899963378906 	4.81648793050096E-18 	
528.999938964844 	-0.779200000000856 	528.999938964844 	4.81095373451681E-18 	
529.100036621094 	-0.779400000003079 	529.100036621094 	4.80541278127261E-18 	
529.200012207031 	-0.77730000000156 	529.200012207031 	4.79987858528846E-18 	
529.299987792969 	-0.77730000000156 	529.299987792969 	4.79434438930431E-18 	
529.399963378906 	-0.774300000000949 	529.399963378906 	4.78881019332016E-18 	
529.499938964844 	-0.771800000002258 	529.499938964844 	4.78327599733601E-18 	
529.600036621094 	-0.770300000000134 	529.600036621094 	4.77773504409181E-18 	
529.700012207031 	-0.770499999998719 	529.700012207031 	4.77220084810766E-18 	
529.799987792969 	-0.773799999999028 	529.799987792969 	4.76666665212351E-18 	
529.899963378906 	-0.775100000002567 	529.899963378906 	4.76113245613936E-18 	
529.999938964844 	-0.775700000001962 	529.999938964844 	4.75559826015521E-18 	
530.100036621094 	-0.77730000000156 	530.100036621094 	4.75005730691101E-18 	
530.200012207031 	-0.777600000001257 	530.200012207031 	4.74452311092686E-18 	
530.299987792969 	-0.778800000000047 	530.299987792969 	4.73898891494271E-18 	
530.399963378906 	-0.780200000001059 	530.399963378906 	4.73345471895856E-18 	
530.499938964844 	-0.781300000002375 	530.499938964844 	4.72792052297442E-18 	
530.600036621094 	-0.781400000003487 	530.600036621094 	4.72237956973021E-18 	
530.700012207031 	-0.781400000003487 	530.700012207031 	4.71684537374606E-18 	
530.799987792969 	-0.779500000000553 	530.799987792969 	4.71131117776192E-18 	
530.899963378906 	-0.77730000000156 	530.899963378906 	4.70577698177777E-18 	
530.999938964844 	-0.776200000000244 	530.999938964844 	4.70024278579362E-18 	
531.100036621094 	-0.773199999999633 	531.100036621094 	4.69470183254941E-18 	
531.200012207031 	-0.773199999999633 	531.200012207031 	4.68916763656527E-18 	
531.299987792969 	-0.77390000000014 	531.299987792969 	4.68363344058112E-18 	
531.399963378906 	-0.772600000000239 	531.399963378906 	4.67809924459697E-18 	
531.499938964844 	-0.772000000000844 	531.499938964844 	4.67256504861282E-18 	
531.600036621094 	-0.772799999998824 	531.600036621094 	4.66702409536862E-18 	
531.700012207031 	-0.772200000003068 	531.700012207031 	4.66148989938447E-18 	
531.799987792969 	-0.773999999997613 	531.799987792969 	4.65595570340032E-18 	
531.899963378906 	-0.774600000000646 	531.899963378906 	4.65042150741617E-18 	
531.999938964844 	-0.774900000003981 	531.999938964844 	4.64488731143202E-18 	
532.100036621094 	-0.774799999999232 	532.100036621094 	4.63934635818782E-18 	
532.200012207031 	-0.772100000001956 	532.200012207031 	4.63381216220367E-18 	
532.299987792969 	-0.774100000002363 	532.299987792969 	4.62827796621952E-18 	
532.399963378906 	-0.775000000001455 	532.399963378906 	4.62274377023537E-18 	
532.499938964844 	-0.77639999999883 	532.499938964844 	4.61720957425122E-18 	
532.600036621094 	-0.775900000000547 	532.600036621094 	4.61166862100702E-18 	
532.700012207031 	-0.772600000000239 	532.700012207031 	4.60613442502287E-18 	
532.799987792969 	-0.770500000002357 	532.799987792969 	4.60060022903872E-18 	
532.899963378906 	-0.770499999998719 	532.899963378906 	4.59506603305457E-18 	
532.999938964844 	-0.773500000002969 	532.999938964844 	4.58953183707042E-18 	
533.100036621094 	-0.774000000001251 	533.100036621094 	4.58399088382622E-18 	
533.200012207031 	-0.77310000000216 	533.200012207031 	4.57845668784207E-18 	
533.299987792969 	-0.771400000001449 	533.299987792969 	4.57292249185792E-18 	
533.399963378906 	-0.771800000002258 	533.399963378906 	4.56738829587377E-18 	
533.499938964844 	-0.771199999999226 	533.499938964844 	4.56185409988963E-18 	
533.600036621094 	-0.772899999999936 	533.600036621094 	4.55631314664542E-18 	
533.700012207031 	-0.774400000002061 	533.700012207031 	4.55077895066127E-18 	
533.799987792969 	-0.775000000001455 	533.799987792969 	4.54524475467712E-18 	
533.899963378906 	-0.777099999999336 	533.899963378906 	4.53971055869297E-18 	
533.999938964844 	-0.773799999999028 	533.999938964844 	4.53417636270883E-18 	
534.100036621094 	-0.773400000001857 	534.100036621094 	4.52863540946462E-18 	
534.200012207031 	-0.76929999999993 	534.200012207031 	4.52310121348047E-18 	
534.299987792969 	-0.768800000001647 	534.299987792969 	4.51756701749633E-18 	
534.399963378906 	-0.770900000003166 	534.399963378906 	4.51203282151218E-18 	
534.499938964844 	-0.766900000002352 	534.499938964844 	4.50649862552803E-18 	
534.600036621094 	-0.76589999999851 	534.600036621094 	4.50095767228383E-18 	
534.700012207031 	-0.763500000000931 	534.700012207031 	4.49542347629968E-18 	
534.799987792969 	-0.761900000001333 	534.799987792969 	4.48988928031553E-18 	
534.899963378906 	-0.759799999999814 	534.899963378906 	4.48435508433138E-18 	
534.999938964844 	-0.758800000003248 	534.999938964844 	4.47882088834723E-18 	
535.100036621094 	-0.759099999999307 	535.100036621094 	4.47327993510303E-18 	
535.200012207031 	-0.760800000000017 	535.200012207031 	4.46774573911888E-18 	
535.299987792969 	-0.759900000000926 	535.299987792969 	4.46221154313473E-18 	
535.399963378906 	-0.752199999998993 	535.399963378906 	4.45667734715058E-18 	
535.499938964844 	-0.750400000000809 	535.499938964844 	4.45114315116643E-18 	
535.600036621094 	-0.743099999999686 	535.600036621094 	4.44560219792223E-18 	
535.700012207031 	-0.739800000003015 	535.700012207031 	4.44006800193808E-18 	
535.799987792969 	-0.738300000000891 	535.799987792969 	4.43453380595393E-18 	
535.899963378906 	-0.739799999999377 	535.899963378906 	4.42899960996978E-18 	
535.999938964844 	-0.741100000002916 	535.999938964844 	4.42346541398563E-18 	
536.100036621094 	-0.742600000001403 	536.100036621094 	4.41792446074143E-18 	
536.200012207031 	-0.745900000001711 	536.200012207031 	4.41239026475728E-18 	
536.299987792969 	-0.738199999999779 	536.299987792969 	4.40685606877313E-18 	
536.399963378906 	-0.736800000002404 	536.399963378906 	4.40132187278898E-18 	
536.499938964844 	-0.73949999999968 	536.499938964844 	4.39578767680483E-18 	
536.600036621094 	-0.741100000002916 	536.600036621094 	4.39024672356063E-18 	
536.700012207031 	-0.747699999999895 	536.700012207031 	4.38471252757648E-18 	
536.799987792969 	-0.75340000000142 	536.799987792969 	4.37917833159233E-18 	
536.899963378906 	-0.758099999999104 	536.899963378906 	4.37364413560818E-18 	
536.999938964844 	-0.765200000001641 	536.999938964844 	4.36810993962404E-18 	
537.100036621094 	-0.769799999998213 	537.100036621094 	4.36256898637983E-18 	
537.200012207031 	-0.772300000000541 	537.200012207031 	4.35703479039568E-18 	
537.299987792969 	-0.774399999998423 	537.299987792969 	4.35150059441153E-18 	
537.399963378906 	-0.776000000001659 	537.399963378906 	4.34596639842739E-18 	
537.499938964844 	-0.77809999999954 	537.499938964844 	4.34043220244324E-18 	
537.600036621094 	-0.777900000000955 	537.600036621094 	4.33489124919903E-18 	
537.700012207031 	-0.784700000000157 	537.700012207031 	4.32935705321488E-18 	
537.799987792969 	-0.784700000003795 	537.799987792969 	4.32382285723074E-18 	
537.899963378906 	-0.785800000001473 	537.899963378906 	4.31828866124659E-18 	
537.999938964844 	-0.781899999998132 	537.999938964844 	4.31275446526244E-18 	
538.100036621094 	-0.781999999999243 	538.100036621094 	4.30721351201824E-18 	
538.200012207031 	-0.780500000004395 	538.200012207031 	4.30167931603409E-18 	
538.299987792969 	-0.786700000000565 	538.299987792969 	4.29614512004994E-18 	
538.399963378906 	-0.786800000001676 	538.399963378906 	4.29061092406579E-18 	
538.499938964844 	-0.787600000003295 	538.499938964844 	4.28507672808164E-18 	
538.600036621094 	-0.788700000000972 	538.600036621094 	4.27953577483744E-18 	
538.700012207031 	-0.792199999999866 	538.700012207031 	4.27400157885329E-18 	
538.799987792969 	-0.79569999999876 	538.799987792969 	4.26846738286914E-18 	
538.899963378906 	-0.803900000002614 	538.899963378906 	4.26293318688499E-18 	
538.999938964844 	-0.81000000000131 	538.999938964844 	4.25739899090084E-18 	
539.100036621094 	-0.810300000001007 	539.100036621094 	4.25185803765664E-18 	
539.200012207031 	-0.813900000001013 	539.200012207031 	4.24632384167249E-18 	
539.299987792969 	-0.816500000000815 	539.299987792969 	4.24078964568834E-18 	
539.399963378906 	-0.815099999999802 	539.399963378906 	4.23525544970419E-18 	
539.499938964844 	-0.81710000000021 	539.499938964844 	4.22972125372004E-18 	
539.600036621094 	-0.814300000001822 	539.600036621094 	4.22418030047584E-18 	
539.700012207031 	-0.809600000004139 	539.700012207031 	4.21864610449169E-18 	
539.799987792969 	-0.804400000000896 	539.799987792969 	4.21311190850754E-18 	
539.899963378906 	-0.797099999999773 	539.899963378906 	4.20757771252339E-18 	
539.999938964844 	-0.790000000000873 	539.999938964844 	4.20204351653924E-18 	
540.100036621094 	-0.786500000001979 	540.100036621094 	4.19650256329504E-18 	
540.200012207031 	-0.782600000002276 	540.200012207031 	4.19096836731089E-18 	
540.299987792969 	-0.782100000000355 	540.299987792969 	4.18543417132674E-18 	
540.399963378906 	-0.783400000000256 	540.399963378906 	4.1798999753426E-18 	
540.499938964844 	-0.781599999998434 	540.499938964844 	4.17436577935845E-18 	
540.600036621094 	-0.777600000001257 	540.600036621094 	4.16882482611424E-18 	
540.700012207031 	-0.778700000002573 	540.700012207031 	4.16329063013009E-18 	
540.799987792969 	-0.777200000004086 	540.799987792969 	4.15775643414595E-18 	
540.899963378906 	-0.773300000000745 	540.899963378906 	4.1522222381618E-18 	
	
