Run 1; Ch 4; Fc 2-1; Cy 6; T3-D2-sumo; Conc 0.0386178 0.386178 3.86178 38.6 µM_X 	Run 1; Ch 4; Fc 2-1; Cy 6; T3-D2-sumo; Conc 0.0386178 0.386178 3.86178 38.6 µM_Y 	Run 1; Ch 4; Fc 2-1; Cy 6; T3-D2-sumo; Conc 0.0386178 0.386178 3.86178 38.6 µM; Fitted_X 	Run 1; Ch 4; Fc 2-1; Cy 6; T3-D2-sumo; Conc 0.0386178 0.386178 3.86178 38.6 µM; Fitted_Y 	
-60 	0.471999999997934 	-60 	0 	
-59.9000244140625 	0.475399999995716 	-59.9000244140625 	0 	
-59.7999877929688 	0.471899999996822 	-59.7999877929688 	0 	
-59.7000122070313 	0.469699999997829 	-59.7000122070313 	0 	
-59.6000366210938 	0.467599999999948 	-59.6000366210938 	0 	
-59.5 	0.464099999997416 	-59.5 	0 	
-59.4000244140625 	0.463599999999133 	-59.4000244140625 	0 	
-59.2999877929688 	0.459899999998015 	-59.2999877929688 	0 	
-59.2000122070313 	0.463099999997212 	-59.2000122070313 	0 	
-59.1000366210938 	0.463399999996909 	-59.1000366210938 	0 	
-59 	0.458999999998923 	-59 	0 	
-58.9000244140625 	0.454899999996996 	-58.9000244140625 	0 	
-58.7999877929688 	0.449599999999919 	-58.7999877929688 	0 	
-58.7000122070313 	0.455299999997806 	-58.7000122070313 	0 	
-58.6000366210938 	0.45339999999851 	-58.6000366210938 	0 	
-58.5 	0.44800000000032 	-58.5 	0 	
-58.4000244140625 	0.43999999999869 	-58.4000244140625 	0 	
-58.2999877929688 	0.438699999998789 	-58.2999877929688 	0 	
-58.2000122070313 	0.442099999996572 	-58.2000122070313 	0 	
-58.1000366210938 	0.435999999997875 	-58.1000366210938 	0 	
-58 	0.424499999997352 	-58 	0 	
-57.9000244140625 	0.424299999998766 	-57.9000244140625 	0 	
-57.7999877929688 	0.415799999998853 	-57.7999877929688 	0 	
-57.7000122070313 	0.412299999999959 	-57.7000122070313 	0 	
-57.6000366210938 	0.414599999996426 	-57.6000366210938 	0 	
-57.5 	0.413199999999051 	-57.5 	0 	
-57.4000244140625 	0.411299999999756 	-57.4000244140625 	0 	
-57.2999877929688 	0.408699999996315 	-57.2999877929688 	0 	
-57.2000122070313 	0.405799999996816 	-57.2000122070313 	0 	
-57.1000366210938 	0.403799999996409 	-57.1000366210938 	0 	
-57 	0.39799999999741 	-57 	0 	
-56.9000244140625 	0.392899999998917 	-56.9000244140625 	0 	
-56.7999877929688 	0.39010000000053 	-56.7999877929688 	0 	
-56.7000122070313 	0.39010000000053 	-56.7000122070313 	0 	
-56.6000366210938 	0.388599999998405 	-56.6000366210938 	0 	
-56.5 	0.383399999998801 	-56.5 	0 	
-56.4000244140625 	0.384999999998399 	-56.4000244140625 	0 	
-56.2999877929688 	0.383099999999104 	-56.2999877929688 	0 	
-56.2000122070313 	0.376599999999598 	-56.2000122070313 	0 	
-56.1000366210938 	0.372900000002119 	-56.1000366210938 	0 	
-56 	0.364799999999377 	-56 	0 	
-55.9000244140625 	0.364399999998568 	-55.9000244140625 	0 	
-55.7999877929688 	0.353899999998248 	-55.7999877929688 	0 	
-55.7000122070313 	0.352699999999459 	-55.7000122070313 	0 	
-55.6000366210938 	0.347200000000157 	-55.6000366210938 	0 	
-55.5 	0.346199999996315 	-55.5 	0 	
-55.4000244140625 	 	-55.4000244140625 	0 	
-55.2999877929688 	 	-55.2999877929688 	0 	
-55.2000122070313 	 	-55.2000122070313 	0 	
-55.1000366210938 	 	-55.1000366210938 	0 	
-55 	 	-55 	0 	
-54.9000244140625 	 	-54.9000244140625 	0 	
-54.7999877929688 	 	-54.7999877929688 	0 	
-54.7000122070313 	 	-54.7000122070313 	0 	
-54.6000366210938 	 	-54.6000366210938 	0 	
-54.5 	 	-54.5 	0 	
-54.4000244140625 	 	-54.4000244140625 	0 	
-54.2999877929688 	 	-54.2999877929688 	0 	
-54.2000122070313 	 	-54.2000122070313 	0 	
-54.1000366210938 	 	-54.1000366210938 	0 	
-54 	 	-54 	0 	
-53.9000244140625 	 	-53.9000244140625 	0 	
-53.7999877929688 	 	-53.7999877929688 	0 	
-53.7000122070313 	 	-53.7000122070313 	0 	
-53.6000366210938 	 	-53.6000366210938 	0 	
-53.5 	 	-53.5 	0 	
-53.4000244140625 	 	-53.4000244140625 	0 	
-53.2999877929688 	 	-53.2999877929688 	0 	
-53.2000122070313 	 	-53.2000122070313 	0 	
-53.1000366210938 	 	-53.1000366210938 	0 	
-53 	 	-53 	0 	
-52.9000244140625 	0.0466999999989639 	-52.9000244140625 	0 	
-52.7999877929688 	0.0493999999998778 	-52.7999877929688 	0 	
-52.7000122070313 	0.0504000000000815 	-52.7000122070313 	0 	
-52.6000366210938 	0.0506999999997788 	-52.6000366210938 	0 	
-52.5 	0.0504000000000815 	-52.5 	0 	
-52.4000244140625 	0.0493999999998778 	-52.4000244140625 	0 	
-52.2999877929688 	0.0466999999989639 	-52.2999877929688 	0 	
-52.2000122070313 	0.028599999997823 	-52.2000122070313 	0 	
-52.1000366210938 	0.0384999999987485 	-52.1000366210938 	0 	
-52 	0.0271999999968102 	-52 	0 	
-51.9000244140625 	0.0282999999981257 	-51.9000244140625 	0 	
-51.7999877929688 	0.00999999999839929 	-51.7999877929688 	0 	
-51.7000122070313 	0.0259999999980209 	-51.7000122070313 	0 	
-51.6000366210938 	0.0386999999973341 	-51.6000366210938 	0 	
-51.5 	0.0133999999998196 	-51.5 	0 	
-51.4000244140625 	-0.00120000000242726 	-51.4000244140625 	0 	
-51.2999877929688 	-0.0294000000030792 	-51.2999877929688 	0 	
-51.2000122070313 	0.431399999997666 	-51.2000122070313 	0 	
-51.1000366210938 	-0.0937000000012631 	-51.1000366210938 	0 	
-51 	-0.736199999999371 	-51 	0 	
-50.9000244140625 	0.202399999998306 	-50.9000244140625 	0 	
-50.7999877929688 	0.341199999998935 	-50.7999877929688 	0 	
-50.7000122070313 	0.339299999999639 	-50.7000122070313 	0 	
-50.6000366210938 	0.412599999999657 	-50.6000366210938 	0 	
-50.5 	0.452400000001944 	-50.5 	0 	
-50.4000244140625 	0.51339999999982 	-50.4000244140625 	0 	
-50.2999877929688 	0.566799999996874 	-50.2999877929688 	0 	
-50.2000122070313 	0.563199999996868 	-50.2000122070313 	0 	
-50.1000366210938 	0.595899999996618 	-50.1000366210938 	0 	
-50 	0.587400000000343 	-50 	0 	
-49.9000244140625 	0.586999999999534 	-49.9000244140625 	0 	
-49.7999877929688 	0.598300000001473 	-49.7999877929688 	0 	
-49.7000122070313 	0.626199999998789 	-49.7000122070313 	0 	
-49.6000366210938 	0.64969999999812 	-49.6000366210938 	0 	
-49.5 	0.64259999999922 	-49.5 	0 	
-49.4000244140625 	0.64350000000195 	-49.4000244140625 	0 	
-49.2999877929688 	0.643699999996898 	-49.2999877929688 	0 	
-49.2000122070313 	0.64719999999943 	-49.2000122070313 	0 	
-49.1000366210938 	0.651799999999639 	-49.1000366210938 	0 	
-49 	0.671500000000378 	-49 	0 	
-48.9000244140625 	0.683000000000902 	-48.9000244140625 	0 	
-48.7999877929688 	0.681099999997969 	-48.7999877929688 	0 	
-48.7000122070313 	0.702399999998306 	-48.7000122070313 	0 	
-48.6000366210938 	0.710199999997712 	-48.6000366210938 	0 	
-48.5 	0.713199999998324 	-48.5 	0 	
-48.4000244140625 	0.731999999996333 	-48.4000244140625 	0 	
-48.2999877929688 	0.73410000000149 	-48.2999877929688 	0 	
-48.2000122070313 	0.72979999999734 	-48.2000122070313 	0 	
-48.1000366210938 	0.733500000002095 	-48.1000366210938 	0 	
-48 	0.73660000000018 	-48 	0 	
-47.9000244140625 	0.749699999996665 	-47.9000244140625 	0 	
-47.7999877929688 	0.755300000000716 	-47.7999877929688 	0 	
-47.7000122070313 	0.761099999996077 	-47.7000122070313 	0 	
-47.6000366210938 	0.765099999996892 	-47.6000366210938 	0 	
-47.5 	0.766499999997905 	-47.5 	0 	
-47.4000244140625 	0.773499999999331 	-47.4000244140625 	0 	
-47.2999877929688 	0.778699999998935 	-47.2999877929688 	0 	
-47.2000122070313 	0.778499999996711 	-47.2000122070313 	0 	
-47.1000366210938 	0.784500000001572 	-47.1000366210938 	0 	
-47 	0.777699999998731 	-47 	0 	
-46.9000244140625 	0.78349999999773 	-46.9000244140625 	0 	
-46.7999877929688 	0.795600000001286 	-46.7999877929688 	0 	
-46.7000122070313 	0.797699999999168 	-46.7000122070313 	0 	
-46.6000366210938 	0.807199999999284 	-46.6000366210938 	0 	
-46.5 	0.807300000000396 	-46.5 	0 	
-46.4000244140625 	0.804099999997561 	-46.4000244140625 	0 	
-46.2999877929688 	0.801800000001094 	-46.2999877929688 	0 	
-46.2000122070313 	0.807999999997264 	-46.2000122070313 	0 	
-46.1000366210938 	0.816100000000006 	-46.1000366210938 	0 	
-46 	0.819299999999203 	-46 	0 	
-45.9000244140625 	0.818799999997282 	-45.9000244140625 	0 	
-45.7999877929688 	0.83009999999922 	-45.7999877929688 	0 	
-45.7000122070313 	0.843300000000454 	-45.7000122070313 	0 	
-45.6000366210938 	0.839700000000448 	-45.6000366210938 	0 	
-45.5 	0.851299999998446 	-45.5 	0 	
-45.4000244140625 	0.818299999998999 	-45.4000244140625 	0 	
-45.2999877929688 	0.692599999998492 	-45.2999877929688 	0 	
-45.2000122070313 	0.618600000001607 	-45.2000122070313 	0 	
-45.1000366210938 	0.690299999998388 	-45.1000366210938 	0 	
-45 	0.741900000000896 	-45 	0 	
-44.9000244140625 	0.771699999997509 	-44.9000244140625 	0 	
-44.7999877929688 	0.820799999997689 	-44.7999877929688 	0 	
-44.7000122070313 	1.03269999999975 	-44.7000122070313 	0 	
-44.6000366210938 	0.999299999999494 	-44.6000366210938 	0 	
-44.5 	0.985300000000279 	-44.5 	0 	
-44.4000244140625 	0.95850000000064 	-44.4000244140625 	0 	
-44.2999877929688 	0.966299999996409 	-44.2999877929688 	0 	
-44.2000122070313 	0.974699999998847 	-44.2000122070313 	0 	
-44.1000366210938 	0.989099999998871 	-44.1000366210938 	0 	
-44 	0.981999999999971 	-44 	0 	
-43.9000244140625 	0.965499999998428 	-43.9000244140625 	0 	
-43.7999877929688 	0.927800000001298 	-43.7999877929688 	0 	
-43.7000122070313 	0.859699999997247 	-43.7000122070313 	0 	
-43.6000366210938 	0.802700000000186 	-43.6000366210938 	0 	
-43.5 	1.36799999999857 	-43.5 	0 	
-43.4000244140625 	1.05699999999706 	-43.4000244140625 	0 	
-43.2999877929688 	1.96699999999691 	-43.2999877929688 	0 	
-43.2000122070313 	0.483499999998457 	-43.2000122070313 	0 	
-43.1000366210938 	0.63720000000103 	-43.1000366210938 	0 	
-43 	0.92529999999897 	-43 	0 	
-42.9000244140625 	0.273799999999028 	-42.9000244140625 	0 	
-42.7999877929688 	1.06140000000232 	-42.7999877929688 	0 	
-42.7000122070313 	0.875599999999395 	-42.7000122070313 	0 	
-42.6000366210938 	1.04299999999785 	-42.6000366210938 	0 	
-42.5 	0.974099999999453 	-42.5 	0 	
-42.4000244140625 	0.98660000000018 	-42.4000244140625 	0 	
-42.2999877929688 	1.0083999999988 	-42.2999877929688 	0 	
-42.2000122070313 	1.00879999999961 	-42.2000122070313 	0 	
-42.1000366210938 	1.0238999999965 	-42.1000366210938 	0 	
-42 	1.02109999999811 	-42 	0 	
-41.9000244140625 	1.02850000000035 	-41.9000244140625 	0 	
-41.7999877929688 	1.02279999999882 	-41.7999877929688 	0 	
-41.7000122070313 	1.03009999999995 	-41.7000122070313 	0 	
-41.6000366210938 	1.03219999999783 	-41.6000366210938 	0 	
-41.5 	1.02859999999782 	-41.5 	0 	
-41.4000244140625 	1.02479999999923 	-41.4000244140625 	0 	
-41.2999877929688 	1.02679999999964 	-41.2999877929688 	0 	
-41.2000122070313 	1.02349999999933 	-41.2000122070313 	0 	
-41.1000366210938 	1.02300000000105 	-41.1000366210938 	0 	
-41 	1.02549999999974 	-41 	0 	
-40.9000244140625 	1.02659999999742 	-40.9000244140625 	0 	
-40.7999877929688 	1.02999999999884 	-40.7999877929688 	0 	
-40.7000122070313 	1.02809999999954 	-40.7000122070313 	0 	
-40.6000366210938 	1.03099999999904 	-40.6000366210938 	0 	
-40.5 	1.03229999999894 	-40.5 	0 	
-40.4000244140625 	1.02899999999863 	-40.4000244140625 	0 	
-40.2999877929688 	1.02639999999883 	-40.2999877929688 	0 	
-40.2000122070313 	1.02409999999873 	-40.2000122070313 	0 	
-40.1000366210938 	1.01589999999851 	-40.1000366210938 	0 	
-40 	1.01320000000123 	-40 	0 	
-39.9000244140625 	1.01909999999771 	-39.9000244140625 	0 	
-39.7999877929688 	1.01539999999659 	-39.7999877929688 	0 	
-39.7000122070313 	1.01589999999851 	-39.7000122070313 	0 	
-39.6000366210938 	1.01759999999922 	-39.6000366210938 	0 	
-39.5 	0.991799999999785 	-39.5 	0 	
-39.4000244140625 	0.972900000000664 	-39.4000244140625 	0 	
-39.2999877929688 	0.972799999995914 	-39.2999877929688 	0 	
-39.2000122070313 	0.952000000001135 	-39.2000122070313 	0 	
-39.1000366210938 	0.963099999997212 	-39.1000366210938 	0 	
-39 	1.0199999999968 	-39 	0 	
-38.9000244140625 	1.02170000000115 	-38.9000244140625 	0 	
-38.7999877929688 	1.02850000000035 	-38.7999877929688 	0 	
-38.7000122070313 	1.02209999999832 	-38.7000122070313 	0 	
-38.6000366210938 	1.04290000000037 	-38.6000366210938 	0 	
-38.5 	1.07449999999881 	-38.5 	0 	
-38.4000244140625 	0.880699999997887 	-38.4000244140625 	0 	
-38.2999877929688 	1.03519999999844 	-38.2999877929688 	0 	
-38.2000122070313 	1.25269999999728 	-38.2000122070313 	0 	
-38.1000366210938 	1.05089999999836 	-38.1000366210938 	0 	
-38 	0.92779999999766 	-38 	0 	
-37.9000244140625 	0.789899999996123 	-37.9000244140625 	0 	
-37.7999877929688 	0.639799999997194 	-37.7999877929688 	0 	
-37.7000122070313 	0.534800000001269 	-37.7000122070313 	0 	
-37.6000366210938 	0.370699999999488 	-37.6000366210938 	0 	
-37.5 	0.254599999996572 	-37.5 	0 	
-37.4000244140625 	0.196099999997386 	-37.4000244140625 	0 	
-37.2999877929688 	0.161599999995815 	-37.2999877929688 	0 	
-37.2000122070313 	0.140099999996892 	-37.2000122070313 	0 	
-37.1000366210938 	0.132399999998597 	-37.1000366210938 	0 	
-37 	0.134999999998399 	-37 	0 	
-36.9000244140625 	0.190299999998388 	-36.9000244140625 	0 	
-36.7999877929688 	0.198599999999715 	-36.7999877929688 	0 	
-36.7000122070313 	0.215799999998126 	-36.7000122070313 	0 	
-36.6000366210938 	0.206500000000233 	-36.6000366210938 	0 	
-36.5 	0.208499999997002 	-36.5 	0 	
-36.4000244140625 	0.213700000000244 	-36.4000244140625 	0 	
-36.2999877929688 	0.20679999999993 	-36.2999877929688 	0 	
-36.2000122070313 	0.213699999996606 	-36.2000122070313 	0 	
-36.1000366210938 	0.215100000001257 	-36.1000366210938 	0 	
-36 	0.22530000000188 	-36 	0 	
-35.9000244140625 	0.229599999998754 	-35.9000244140625 	0 	
-35.7999877929688 	0.222499999996217 	-35.7999877929688 	0 	
-35.7000122070313 	0.217799999998533 	-35.7000122070313 	0 	
-35.6000366210938 	0.213499999998021 	-35.6000366210938 	0 	
-35.5 	0.202499999999418 	-35.5 	0 	
-35.4000244140625 	0.182600000000093 	-35.4000244140625 	0 	
-35.2999877929688 	0.180599999999686 	-35.2999877929688 	0 	
-35.2000122070313 	0.17359999999826 	-35.2000122070313 	0 	
-35.1000366210938 	0.179299999999785 	-35.1000366210938 	0 	
-35 	0.187099999999191 	-35 	0 	
-34.9000244140625 	0.185700000001816 	-34.9000244140625 	0 	
-34.7999877929688 	0.18579999999929 	-34.7999877929688 	0 	
-34.7000122070313 	0.164099999998143 	-34.7000122070313 	0 	
-34.6000366210938 	0.161399999997229 	-34.6000366210938 	0 	
-34.5 	0.166099999998551 	-34.5 	0 	
-34.4000244140625 	0.156399999996211 	-34.4000244140625 	0 	
-34.2999877929688 	0.147899999999936 	-34.2999877929688 	0 	
-34.2000122070313 	0.152499999996508 	-34.2000122070313 	0 	
-34.1000366210938 	0.149399999998423 	-34.1000366210938 	0 	
-34 	0.14770000000135 	-34 	0 	
-33.9000244140625 	0.133600000001024 	-33.9000244140625 	0 	
-33.7999877929688 	0.139999999999418 	-33.7999877929688 	0 	
-33.7000122070313 	0.136199999997189 	-33.7000122070313 	0 	
-33.6000366210938 	0.142299999999523 	-33.6000366210938 	0 	
-33.5 	0.134699999998702 	-33.5 	0 	
-33.4000244140625 	0.131999999997788 	-33.4000244140625 	0 	
-33.2999877929688 	0.134200000000419 	-33.2999877929688 	0 	
-33.2000122070313 	0.132600000000821 	-33.2000122070313 	0 	
-33.1000366210938 	0.131099999998696 	-33.1000366210938 	0 	
-33 	0.129599999996572 	-33 	0 	
-32.9000244140625 	0.129700000001321 	-32.9000244140625 	0 	
-32.7999877929688 	0.12749999999869 	-32.7999877929688 	0 	
-32.7000122070313 	0.127099999997881 	-32.7000122070313 	0 	
-32.6000366210938 	0.123700000000099 	-32.6000366210938 	0 	
-32.5 	0.120999999999185 	-32.5 	0 	
-32.4000244140625 	0.120899999998073 	-32.4000244140625 	0 	
-32.2999877929688 	0.118500000000495 	-32.2999877929688 	0 	
-32.2000122070313 	0.114199999996345 	-32.2000122070313 	0 	
-32.1000366210938 	0.113399999998364 	-32.1000366210938 	0 	
-32 	0.110299999996641 	-32 	0 	
-31.9000244140625 	0.104599999998754 	-31.9000244140625 	0 	
-31.7999877929688 	0.10109999999986 	-31.7999877929688 	0 	
-31.7000122070313 	0.0959000000002561 	-31.7000122070313 	0 	
-31.6000366210938 	0.0856999999996333 	-31.6000366210938 	0 	
-31.5 	0.0871999999981199 	-31.5 	0 	
-31.4000244140625 	0.0878999999986263 	-31.4000244140625 	0 	
-31.2999877929688 	0.0849999999991269 	-31.2999877929688 	0 	
-31.2000122070313 	0.0888000000013562 	-31.2000122070313 	0 	
-31.1000366210938 	0.0872999999992317 	-31.1000366210938 	0 	
-31 	0.0877000000000407 	-31 	0 	
-30.9000244140625 	0.0881999999983236 	-30.9000244140625 	0 	
-30.7999877929688 	0.0881999999983236 	-30.7999877929688 	0 	
-30.7000122070313 	0.0902999999998428 	-30.7000122070313 	0 	
-30.6000366210938 	0.0878999999986263 	-30.6000366210938 	0 	
-30.5 	0.0892999999996391 	-30.5 	0 	
-30.4000244140625 	0.0889999999963038 	-30.4000244140625 	0 	
-30.2999877929688 	0.0897000000004482 	-30.2999877929688 	0 	
-30.2000122070313 	0.0895999999993364 	-30.2000122070313 	0 	
-30.1000366210938 	0.0871999999981199 	-30.1000366210938 	0 	
-30 	0.0873999999967054 	-30 	0 	
-29.9000244140625 	0.0897000000004482 	-29.9000244140625 	0 	
-29.7999877929688 	0.0884000000005472 	-29.7999877929688 	0 	
-29.7000122070313 	0.0862999999990279 	-29.7000122070313 	0 	
-29.6000366210938 	0.0869999999995343 	-29.6000366210938 	0 	
-29.5 	0.0878000000011525 	-29.5 	0 	
-29.4000244140625 	0.084500000000844 	-29.4000244140625 	0 	
-29.2999877929688 	0.0835000000006403 	-29.2999877929688 	0 	
-29.2000122070313 	0.0851000000002387 	-29.2000122070313 	0 	
-29.1000366210938 	0.0806999999986147 	-29.1000366210938 	0 	
-29 	0.0794999999961874 	-29 	0 	
-28.9000244140625 	0.077899999996589 	-28.9000244140625 	0 	
-28.7999877929688 	0.0731999999989057 	-28.7999877929688 	0 	
-28.7000122070313 	0.0732999999963795 	-28.7000122070313 	0 	
-28.6000366210938 	0.0714000000007218 	-28.6000366210938 	0 	
-28.5 	0.0725999999995111 	-28.5 	0 	
-28.4000244140625 	0.0725999999995111 	-28.4000244140625 	0 	
-28.2999877929688 	0.0679999999993015 	-28.2999877929688 	0 	
-28.2000122070313 	0.065599999998085 	-28.2000122070313 	0 	
-28.1000366210938 	0.0646000000015192 	-28.1000366210938 	0 	
-28 	0.0623000000014144 	-28 	0 	
-27.9000244140625 	0.0622999999977765 	-27.9000244140625 	0 	
-27.7999877929688 	0.061600000000908 	-27.7999877929688 	0 	
-27.7000122070313 	0.0615999999972701 	-27.7000122070313 	0 	
-27.6000366210938 	0.0618999999969674 	-27.6000366210938 	0 	
-27.5 	0.0646000000015192 	-27.5 	0 	
-27.4000244140625 	0.0593999999982771 	-27.4000244140625 	0 	
-27.2999877929688 	0.0552999999963504 	-27.2999877929688 	0 	
-27.2000122070313 	0.0543999999972584 	-27.2000122070313 	0 	
-27.1000366210938 	0.0538999999989755 	-27.1000366210938 	0 	
-27 	0.0531999999984691 	-27 	0 	
-26.9000244140625 	0.0506999999961408 	-26.9000244140625 	0 	
-26.7999877929688 	0.049300000002404 	-26.7999877929688 	0 	
-26.7000122070313 	0.0509999999994761 	-26.7000122070313 	0 	
-26.6000366210938 	0.050600000002305 	-26.6000366210938 	0 	
-26.5 	0.0506999999961408 	-26.5 	0 	
-26.4000244140625 	0.0486999999957334 	-26.4000244140625 	0 	
-26.2999877929688 	0.0468999999975495 	-26.2999877929688 	0 	
-26.2000122070313 	0.0440999999991618 	-26.2000122070313 	0 	
-26.1000366210938 	0.0485999999982596 	-26.1000366210938 	0 	
-26 	0.0496999999995751 	-26 	0 	
-25.9000244140625 	0.0481999999974505 	-25.9000244140625 	0 	
-25.7999877929688 	0.0472999999983585 	-25.7999877929688 	0 	
-25.7000122070313 	0.0473000000019965 	-25.7000122070313 	0 	
-25.6000366210938 	0.0443999999988591 	-25.6000366210938 	0 	
-25.5 	0.040499999999156 	-25.5 	0 	
-25.4000244140625 	0.0381999999990512 	-25.4000244140625 	0 	
-25.2999877929688 	0.0363999999972293 	-25.2999877929688 	0 	
-25.2000122070313 	0.0336999999999534 	-25.2000122070313 	0 	
-25.1000366210938 	0.033899999998539 	-25.1000366210938 	0 	
-25 	0.0297999999966123 	-25 	0 	
-24.9000244140625 	0.0306999999993423 	-24.9000244140625 	0 	
-24.7999877929688 	0.0318999999981315 	-24.7999877929688 	0 	
-24.7000122070313 	0.0275999999976193 	-24.7000122070313 	0 	
-24.6000366210938 	0.0255999999972119 	-24.6000366210938 	0 	
-24.5 	0.0246999999981199 	-24.5 	0 	
-24.4000244140625 	0.0288000000000466 	-24.4000244140625 	0 	
-24.2999877929688 	0.0305999999982305 	-24.2999877929688 	0 	
-24.2000122070313 	0.0290999999961059 	-24.2000122070313 	0 	
-24.1000366210938 	0.0288000000000466 	-24.1000366210938 	0 	
-24 	0.0256000000008498 	-24 	0 	
-23.9000244140625 	0.0254999999997381 	-23.9000244140625 	0 	
-23.7999877929688 	0.0242999999973108 	-23.7999877929688 	0 	
-23.7000122070313 	0.0245999999970081 	-23.7000122070313 	0 	
-23.6000366210938 	0.0239000000001397 	-23.6000366210938 	0 	
-23.5 	0.0236000000004424 	-23.5 	0 	
-23.4000244140625 	0.0226999999977124 	-23.4000244140625 	0 	
-23.2999877929688 	0.020699999997305 	-23.2999877929688 	0 	
-23.2000122070313 	0.022899999999936 	-23.2000122070313 	0 	
-23.1000366210938 	0.0215999999963969 	-23.1000366210938 	0 	
-23 	0.0216999999975087 	-23 	0 	
-22.9000244140625 	0.0234999999993306 	-22.9000244140625 	0 	
-22.7999877929688 	0.0237999999990279 	-22.7999877929688 	0 	
-22.7000122070313 	0.0266000000010536 	-22.7000122070313 	0 	
-22.6000366210938 	0.0277999999962049 	-22.6000366210938 	0 	
-22.5 	0.0216999999975087 	-22.5 	0 	
-22.4000244140625 	0.0227999999988242 	-22.4000244140625 	0 	
-22.2999877929688 	0.0224999999991269 	-22.2999877929688 	0 	
-22.2000122070313 	0.0213000000003376 	-22.2000122070313 	0 	
-22.1000366210938 	0.0183999999972002 	-22.1000366210938 	0 	
-22 	0.0156999999999243 	-22 	0 	
-21.9000244140625 	0.0213999999978114 	-21.9000244140625 	0 	
-21.7999877929688 	0.0212999999966996 	-21.7999877929688 	0 	
-21.7000122070313 	0.0257999999994354 	-21.7000122070313 	0 	
-21.6000366210938 	0.0232999999971071 	-21.6000366210938 	0 	
-21.5 	0.0283999999992375 	-21.5 	0 	
-21.4000244140625 	0.0302000000010594 	-21.4000244140625 	0 	
-21.2999877929688 	0.0298999999977241 	-21.2999877929688 	0 	
-21.2000122070313 	0.0267999999996391 	-21.2000122070313 	0 	
-21.1000366210938 	0.0249000000003434 	-21.1000366210938 	0 	
-21 	0.0285000000003492 	-21 	0 	
-20.9000244140625 	0.0399999999972351 	-20.9000244140625 	0 	
-20.7999877929688 	0.0375999999996566 	-20.7999877929688 	0 	
-20.7000122070313 	0.0347000000001572 	-20.7000122070313 	0 	
-20.6000366210938 	0.0318000000006577 	-20.6000366210938 	0 	
-20.5 	0.0283999999992375 	-20.5 	0 	
-20.4000244140625 	0.0296999999991385 	-20.4000244140625 	0 	
-20.2999877929688 	0.050599999998667 	-20.2999877929688 	0 	
-20.2000122070313 	0.044000000001688 	-20.2000122070313 	0 	
-20.1000366210938 	0.0399999999972351 	-20.1000366210938 	0 	
-20 	0.0416999999979453 	-20 	0 	
-19.9000244140625 	0.0315999999984342 	-19.9000244140625 	0 	
-19.7999877929688 	0.0288000000000466 	-19.7999877929688 	0 	
-19.7000122070313 	0.0159999999996217 	-19.7000122070313 	0 	
-19.6000366210938 	0.011899999997695 	-19.6000366210938 	0 	
-19.5 	0.00339999999778229 	-19.5 	0 	
-19.4000244140625 	0.000199999998585554 	-19.4000244140625 	0 	
-19.2999877929688 	-0.0108000000036554 	-19.2999877929688 	0 	
-19.2000122070313 	-0.0292000000008557 	-19.2000122070313 	0 	
-19.1000366210938 	-0.0435000000034051 	-19.1000366210938 	0 	
-19 	-0.0534000000006927 	-19 	0 	
-18.9000244140625 	-0.0639000000010128 	-18.9000244140625 	0 	
-18.7999877929688 	-0.0696000000025379 	-18.7999877929688 	0 	
-18.7000122070313 	-0.0769000000000233 	-18.7000122070313 	0 	
-18.6000366210938 	-0.0650000000023283 	-18.6000366210938 	0 	
-18.5 	-0.0661000000000058 	-18.5 	0 	
-18.4000244140625 	-0.0623000000014144 	-18.4000244140625 	0 	
-18.2999877929688 	-0.0557000000007974 	-18.2999877929688 	0 	
-18.2000122070313 	-0.0426000000006752 	-18.2000122070313 	0 	
-18.1000366210938 	-0.0376000000032946 	-18.1000366210938 	0 	
-18 	-0.049299999998766 	-18 	0 	
-17.9000244140625 	-0.0677000000032422 	-17.9000244140625 	0 	
-17.7999877929688 	-0.0887000000002445 	-17.7999877929688 	0 	
-17.7000122070313 	-0.095500000003085 	-17.7000122070313 	0 	
-17.6000366210938 	-0.10030000000188 	-17.6000366210938 	0 	
-17.5 	-0.095499999999447 	-17.5 	0 	
-17.4000244140625 	-0.0973000000012689 	-17.4000244140625 	0 	
-17.2999877929688 	-0.0819999999985157 	-17.2999877929688 	0 	
-17.2000122070313 	-0.0784999999996217 	-17.2000122070313 	0 	
-17.1000366210938 	-0.08009999999922 	-17.1000366210938 	0 	
-17 	-0.0625 	-17 	0 	
-16.9000244140625 	-0.0701000000008207 	-16.9000244140625 	0 	
-16.7999877929688 	-0.0724999999983993 	-16.7999877929688 	0 	
-16.7000122070313 	-0.0722000000023399 	-16.7000122070313 	0 	
-16.6000366210938 	-0.0797999999995227 	-16.6000366210938 	0 	
-16.5 	-0.049299999998766 	-16.5 	0 	
-16.4000244140625 	-0.0216000000000349 	-16.4000244140625 	0 	
-16.2999877929688 	-0.0267000000021653 	-16.2999877929688 	0 	
-16.2000122070313 	-0.0751999999993131 	-16.2000122070313 	0 	
-16.1000366210938 	-0.117700000002515 	-16.1000366210938 	0 	
-16 	-0.154099999999744 	-16 	0 	
-15.9000244140625 	-0.167700000001787 	-15.9000244140625 	0 	
-15.7999877929688 	-0.171300000001793 	-15.7999877929688 	0 	
-15.7000122070313 	-0.166199999999662 	-15.7000122070313 	0 	
-15.6000366210938 	-0.131600000000617 	-15.6000366210938 	0 	
-15.5 	-0.076600000000326 	-15.5 	0 	
-15.4000244140625 	-0.0336999999999534 	-15.4000244140625 	0 	
-15.2999877929688 	-0.0270000000018626 	-15.2999877929688 	0 	
-15.2000122070313 	-0.0347000000001572 	-15.2000122070313 	0 	
-15.1000366210938 	-0.0511000000005879 	-15.1000366210938 	0 	
-15 	-0.0590000000011059 	-15 	0 	
-14.9000244140625 	-0.0662999999985914 	-14.9000244140625 	0 	
-14.7999877929688 	-0.0669999999990978 	-14.7999877929688 	0 	
-14.7000122070313 	-0.0645000000040454 	-14.7000122070313 	0 	
-14.6000366210938 	-0.066900000001624 	-14.6000366210938 	0 	
-14.5 	-0.0789000000040687 	-14.5 	0 	
-14.4000244140625 	-0.074400000001333 	-14.4000244140625 	0 	
-14.2999877929688 	-0.0655000000006112 	-14.2999877929688 	0 	
-14.2000122070313 	-0.0613000000012107 	-14.2000122070313 	0 	
-14.1000366210938 	-0.0622000000003027 	-14.1000366210938 	0 	
-14 	-0.059400000001915 	-14 	0 	
-13.9000244140625 	-0.048400000003312 	-13.9000244140625 	0 	
-13.7999877929688 	-0.0426000000006752 	-13.7999877929688 	0 	
-13.7000122070313 	-0.0378999999993539 	-13.7000122070313 	0 	
-13.6000366210938 	-0.0344000000004598 	-13.6000366210938 	0 	
-13.5 	-0.0375000000021828 	-13.5 	0 	
-13.4000244140625 	-0.0409999999974389 	-13.4000244140625 	0 	
-13.2999877929688 	-0.0444999999999709 	-13.2999877929688 	0 	
-13.2000122070313 	-0.0394000000014785 	-13.2000122070313 	0 	
-13.1000366210938 	-0.0443000000013853 	-13.1000366210938 	0 	
-13 	-0.0458000000035099 	-13 	0 	
-12.9000244140625 	-0.0364000000045053 	-12.9000244140625 	0 	
-12.7999877929688 	-0.0424000000020897 	-12.7999877929688 	0 	
-12.7000122070313 	-0.0433999999986554 	-12.7000122070313 	0 	
-12.6000366210938 	-0.0387000000009721 	-12.6000366210938 	0 	
-12.5 	-0.0256000000008498 	-12.5 	0 	
-12.4000244140625 	-0.0201000000015483 	-12.4000244140625 	0 	
-12.2999877929688 	-0.0171999999984109 	-12.2999877929688 	0 	
-12.2000122070313 	-0.00890000000072177 	-12.2000122070313 	0 	
-12.1000366210938 	0.00540000000182772 	-12.1000366210938 	0 	
-12 	0.0182999999960884 	-12 	0 	
-11.9000244140625 	0.028599999997823 	-11.9000244140625 	0 	
-11.7999877929688 	0.0388999999995576 	-11.7999877929688 	0 	
-11.7000122070313 	0.0393000000003667 	-11.7000122070313 	0 	
-11.6000366210938 	0.031699999999546 	-11.6000366210938 	0 	
-11.5 	0.0333999999966181 	-11.5 	0 	
-11.4000244140625 	0.0293999999994412 	-11.4000244140625 	0 	
-11.2999877929688 	0.0178999999989173 	-11.2999877929688 	0 	
-11.2000122070313 	0.00600000000122236 	-11.2000122070313 	0 	
-11.1000366210938 	-0.0014999999984866 	-11.1000366210938 	0 	
-11 	-0.0103000000017346 	-11 	0 	
-10.9000244140625 	-0.0181000000011409 	-10.9000244140625 	0 	
-10.7999877929688 	-0.0235000000029686 	-10.7999877929688 	0 	
-10.7000122070313 	-0.0240000000012515 	-10.7000122070313 	0 	
-10.6000366210938 	-0.0312999999987369 	-10.6000366210938 	0 	
-10.5 	-0.0424000000020897 	-10.5 	0 	
-10.4000244140625 	-0.0506999999997788 	-10.4000244140625 	0 	
-10.2999877929688 	-0.0469000000011874 	-10.2999877929688 	0 	
-10.2000122070313 	-0.0368999999991502 	-10.2000122070313 	0 	
-10.1000366210938 	-0.0243000000009488 	-10.1000366210938 	0 	
-10 	-0.0213000000003376 	-10 	0 	
-9.9000244140625 	-0.0126000000018394 	-9.9000244140625 	0 	
-9.79998779296875 	0.00960000000122818 	-9.79998779296875 	0 	
-9.70001220703125 	0.0132999999987078 	-9.70001220703125 	0 	
-9.60003662109375 	0.016299999999319 	-9.60003662109375 	0 	
-9.5 	0.0183999999972002 	-9.5 	0 	
-9.4000244140625 	0.0265999999974156 	-9.4000244140625 	0 	
-9.29998779296875 	0.0221999999994296 	-9.29998779296875 	0 	
-9.20001220703125 	0.022000000000844 	-9.20001220703125 	0 	
-9.10003662109375 	0.0223000000005413 	-9.10003662109375 	0 	
-9 	0.0218999999997322 	-9 	0 	
-8.9000244140625 	0.0227999999988242 	-8.9000244140625 	0 	
-8.79998779296875 	0.019800000001851 	-8.79998779296875 	0 	
-8.70001220703125 	0.0210000000006403 	-8.70001220703125 	0 	
-8.60003662109375 	0.0186999999968975 	-8.60003662109375 	0 	
-8.5 	0.0130999999964843 	-8.5 	0 	
-8.4000244140625 	0.00630000000091968 	-8.4000244140625 	0 	
-8.29998779296875 	0.00489999999990687 	-8.29998779296875 	0 	
-8.20001220703125 	0.00279999999838765 	-8.20001220703125 	0 	
-8.10003662109375 	0.00339999999778229 	-8.10003662109375 	0 	
-8 	-0.00089999999909196 	-8 	0 	
-7.9000244140625 	-0.00140000000101281 	-7.9000244140625 	0 	
-7.79998779296875 	-0.00360000000000582 	-7.79998779296875 	0 	
-7.70001220703125 	-0.00430000000051223 	-7.70001220703125 	0 	
-7.60003662109375 	-0.00410000000192667 	-7.60003662109375 	0 	
-7.5 	-0.00570000000152504 	-7.5 	0 	
-7.4000244140625 	-0.00950000000011642 	-7.4000244140625 	0 	
-7.29998779296875 	-0.00870000000213622 	-7.29998779296875 	0 	
-7.20001220703125 	-0.00999999999839929 	-7.20001220703125 	0 	
-7.10003662109375 	-0.0106000000014319 	-7.10003662109375 	0 	
-7 	-0.0118000000002212 	-7 	0 	
-6.9000244140625 	-0.0152000000016415 	-6.9000244140625 	0 	
-6.79998779296875 	-0.0129999999990105 	-6.79998779296875 	0 	
-6.70001220703125 	-0.0123999999996158 	-6.70001220703125 	0 	
-6.60003662109375 	-0.00900000000183354 	-6.60003662109375 	0 	
-6.5 	-0.00670000000172877 	-6.5 	0 	
-6.4000244140625 	-0.00630000000091968 	-6.4000244140625 	0 	
-6.29998779296875 	-0.0105000000039581 	-6.29998779296875 	0 	
-6.20001220703125 	-0.0113000000019383 	-6.20001220703125 	0 	
-6.10003662109375 	-0.00880000000324799 	-6.10003662109375 	0 	
-6 	-0.00700000000142609 	-6 	0 	
-5.9000244140625 	-0.00849999999991269 	-5.9000244140625 	0 	
-5.79998779296875 	-0.00849999999991269 	-5.79998779296875 	0 	
-5.70001220703125 	-0.00979999999981374 	-5.70001220703125 	0 	
-5.60003662109375 	-0.00570000000152504 	-5.60003662109375 	0 	
-5.5 	-0.00550000000293949 	-5.5 	0 	
-5.4000244140625 	-0.00419999999940046 	-5.4000244140625 	0 	
-5.29998779296875 	-0.00340000000142027 	-5.29998779296875 	0 	
-5.20001220703125 	-0.000100000001111766 	-5.20001220703125 	0 	
-5.10003662109375 	0.000199999998585554 	-5.10003662109375 	0 	
-5 	0.00059999999939464 	-5 	0 	
-4.9000244140625 	0.00230000000010477 	-4.9000244140625 	0 	
-4.79998779296875 	0.00470000000132131 	-4.79998779296875 	0 	
-4.70001220703125 	0.00489999999990687 	-4.70001220703125 	0 	
-4.60003662109375 	0.00489999999990687 	-4.60003662109375 	0 	
-4.5 	0.00309999999808497 	-4.5 	0 	
-4.4000244140625 	0.006600000000617 	-4.4000244140625 	0 	
-4.29998779296875 	0.00649999999950523 	-4.29998779296875 	0 	
-4.20001220703125 	0.00529999999707798 	-4.20001220703125 	0 	
-4.10003662109375 	0.00419999999940046 	-4.10003662109375 	0 	
-4 	0.00449999999909778 	-4 	0 	
-3.9000244140625 	0.00340000000142027 	-3.9000244140625 	0 	
-3.79998779296875 	0.00349999999889405 	-3.79998779296875 	0 	
-3.70001220703125 	0.00370000000111759 	-3.70001220703125 	0 	
-3.60003662109375 	0.00359999999636784 	-3.60003662109375 	0 	
-3.5 	0.00259999999980209 	-3.5 	0 	
-3.4000244140625 	0.0033000000003085 	-3.4000244140625 	0 	
-3.29998779296875 	0.00449999999909778 	-3.29998779296875 	0 	
-3.20001220703125 	0.00549999999930151 	-3.20001220703125 	0 	
-3.10003662109375 	0.00460000000020955 	-3.10003662109375 	0 	
-3 	0.00249999999869033 	-3 	0 	
-2.9000244140625 	0.00329999999667052 	-2.9000244140625 	0 	
-2.79998779296875 	0.000799999997980194 	-2.79998779296875 	0 	
-2.70001220703125 	0.00129999999990105 	-2.70001220703125 	0 	
-2.60003662109375 	0 	-2.60003662109375 	0 	
-2.5 	-0.000799999997980194 	-2.5 	0 	
-2.4000244140625 	0.00530000000071595 	-2.4000244140625 	0 	
-2.29998779296875 	0.00829999999768916 	-2.29998779296875 	0 	
-2.20001220703125 	0.00829999999768916 	-2.20001220703125 	0 	
-2.10003662109375 	0.014100000000326 	-2.10003662109375 	0 	
-2 	0.0116999999991094 	-2 	0 	
-1.9000244140625 	0.0118000000002212 	-1.9000244140625 	0 	
-1.79998779296875 	0.0154999999977008 	-1.79998779296875 	0 	
-1.70001220703125 	0.00769999999829452 	-1.70001220703125 	0 	
-1.60003662109375 	-0.00300000000424916 	-1.60003662109375 	0 	
-1.5 	-0.0156000000024505 	-1.5 	0 	
-1.4000244140625 	-0.0270000000018626 	-1.4000244140625 	0 	
-1.29998779296875 	-0.0156000000024505 	-1.29998779296875 	0 	
-1.20001220703125 	-0.00930000000153086 	-1.20001220703125 	0 	
-1.10003662109375 	0.0073999999985972 	-1.10003662109375 	0 	
-1 	0.0205999999961932 	-1 	0 	
-0.9000244140625 	0.0480999999999767 	-0.9000244140625 	0 	
-0.79998779296875 	0.0480999999999767 	-0.79998779296875 	0 	
-0.70001220703125 	 	-0.70001220703125 	0 	
-0.60003662109375 	 	-0.60003662109375 	0 	
-0.5 	 	-0.5 	0 	
-0.4000244140625 	 	-0.4000244140625 	0 	
-0.29998779296875 	 	-0.29998779296875 	0 	
-0.20001220703125 	 	-0.20001220703125 	0 	
-0.10003662109375 	 	-0.10003662109375 	0 	
0 	 	0 	0 	
0.0999755859375 	 	0.0999755859375 	0 	
0.20001220703125 	 	0.20001220703125 	0.00266319895548196 	
0.29998779296875 	 	0.29998779296875 	0.00449473244014662 	
0.39996337890625 	 	0.39996337890625 	0.00575523481371444 	
0.5 	 	0.5 	0.00662317812359452 	
0.5999755859375 	 	0.5999755859375 	0.00722007982414397 	
0.70001220703125 	 	0.70001220703125 	0.00763108806214136 	
0.79998779296875 	 	0.79998779296875 	0.00791374651456974 	
0.89996337890625 	 	0.89996337890625 	0.00810827849751826 	
1 	 	1 	0.00824222697653473 	
1.0999755859375 	 	1.0999755859375 	0.00833434614985068 	
1.20001220703125 	 	1.20001220703125 	0.00839777663277037 	
1.29998779296875 	 	1.29998779296875 	0.00844139906127072 	
1.39996337890625 	 	1.39996337890625 	0.00847142103916417 	
1.5 	 	1.5 	0.00849209327035095 	
1.5999755859375 	 	1.5999755859375 	0.00850630995383796 	
1.70001220703125 	 	1.70001220703125 	0.00851609894128655 	
1.79998779296875 	2.17480000000069 	1.79998779296875 	0.0085228311309036 	
1.89996337890625 	1.91330000000016 	1.89996337890625 	0.0085274644187819 	
2 	1.56599999999889 	2 	0.00853065479091199 	
2.0999755859375 	1.52260000000024 	2.0999755859375 	0.00853284888755279 	
2.20001220703125 	1.37039999999615 	2.20001220703125 	0.00853435969098867 	
2.29998779296875 	1.26859999999942 	2.29998779296875 	0.00853539870058204 	
2.39996337890625 	0.896700000001147 	2.39996337890625 	0.00853611367536041 	
2.5 	0.896700000001147 	2.5 	0.00853660595575233 	
2.5999755859375 	0.829599999997299 	2.5999755859375 	0.00853694459705941 	
2.70001220703125 	0.791299999997136 	2.70001220703125 	0.00853717780139947 	
2.79998779296875 	0.737300000000687 	2.79998779296875 	0.00853733817811174 	
2.89996337890625 	0.66439999999784 	2.89996337890625 	0.00853744856854293 	
3 	0.612600000000384 	3 	0.00853752458841229 	
3.0999755859375 	0.602699999999459 	3.0999755859375 	0.00853757682197074 	
3.20001220703125 	0.574899999999616 	3.20001220703125 	0.00853761272207573 	
3.29998779296875 	0.559600000000501 	3.29998779296875 	0.00853763740810894 	
3.39996337890625 	0.522499999999127 	3.39996337890625 	0.00853765445795739 	
3.5 	0.491299999997864 	3.5 	0.00853766625163641 	
3.5999755859375 	0.471499999999651 	3.5999755859375 	0.00853767437047205 	
3.70001220703125 	0.460899999998219 	3.70001220703125 	0.00853767987124061 	
3.79998779296875 	0.438900000001013 	3.79998779296875 	0.00853768360805047 	
3.89996337890625 	0.417900000000373 	3.89996337890625 	0.00853768604469523 	
4 	0.411199999998644 	4 	0.00853768775406532 	
4.0999755859375 	0.392499999998108 	4.0999755859375 	0.00853768897549242 	
4.20001220703125 	0.380799999998999 	4.20001220703125 	0.00853768988550074 	
4.29998779296875 	0.36279999999897 	4.29998779296875 	0.00853769060819792 	
4.39996337890625 	0.346000000001368 	4.39996337890625 	0.00853769115976565 	
4.5 	0.312300000001414 	4.5 	0.00853769153956766 	
4.5999755859375 	0.308399999998073 	4.5999755859375 	0.00853769178822925 	
4.70001220703125 	0.305999999996857 	4.70001220703125 	0.00853769192570879 	
4.79998779296875 	0.286399999997229 	4.79998779296875 	0.00853769201933355 	
4.89996337890625 	0.266499999997905 	4.89996337890625 	0.00853769207848325 	
5 	0.259999999998399 	5 	0.00853769214351039 	
5.0999755859375 	0.246900000001915 	5.0999755859375 	0.00853769220204584 	
5.20001220703125 	0.238999999997759 	5.20001220703125 	0.00853769225198267 	
5.29998779296875 	0.233899999999267 	5.29998779296875 	0.0085376922819585 	
5.39996337890625 	0.216599999999744 	5.39996337890625 	0.00853769229563464 	
5.5 	0.208900000001449 	5.5 	0.00853769229725599 	
5.5999755859375 	0.199699999997392 	5.5999755859375 	0.00853769229320408 	
5.70001220703125 	0.193600000002334 	5.70001220703125 	0.00853769228607007 	
5.79998779296875 	0.179899999999179 	5.79998779296875 	0.00853769227455901 	
5.89996337890625 	0.173900000001595 	5.89996337890625 	0.0085376922740281 	
6 	0.158999999999651 	6 	0.00853769226373732 	
6.0999755859375 	0.150699999998324 	6.0999755859375 	0.00853769226133315 	
6.20001220703125 	0.141499999997905 	6.20001220703125 	0.00853769226525097 	
6.29998779296875 	0.13289999999688 	6.29998779296875 	0.00853769226714524 	
6.39996337890625 	0.131999999997788 	6.39996337890625 	0.00853769227600084 	
6.5 	0.128700000001118 	6.5 	0.00853769228378494 	
6.5999755859375 	0.124399999996967 	6.5999755859375 	0.00853769229190735 	
6.70001220703125 	0.115900000000693 	6.70001220703125 	0.00853769229920241 	
6.79998779296875 	0.106999999996333 	6.79998779296875 	0.00853769230516979 	
6.89996337890625 	0.0982000000003609 	6.89996337890625 	0.00853769230866421 	
7 	0.0852999999988242 	7 	0.00853769231211782 	
7.0999755859375 	0.0814999999965949 	7.0999755859375 	0.00853769231480541 	
7.20001220703125 	0.0784000000021479 	7.20001220703125 	0.00853769231659543 	
7.29998779296875 	0.073499999998603 	7.29998779296875 	0.00853769231745709 	
7.39996337890625 	0.0662999999985914 	7.39996337890625 	0.00853769231734254 	
7.5 	0.0663000000022294 	7.5 	0.00853769231695018 	
7.5999755859375 	0.0636999999987893 	7.5999755859375 	0.00853769231698969 	
7.70001220703125 	0.0591999999996915 	7.70001220703125 	0.0085376923169098 	
7.79998779296875 	0.0541999999986729 	7.79998779296875 	0.00853769231676026 	
7.89996337890625 	0.0478999999977532 	7.89996337890625 	0.00853769231656802 	
8 	0.0391999999992549 	8 	0.00853769231633724 	
8.0999755859375 	0.0354999999981374 	8.0999755859375 	0.0085376923160498 	
8.20001220703125 	0.0341999999982363 	8.20001220703125 	0.00853769231566426 	
8.29998779296875 	0.02730000000156 	8.29998779296875 	0.00853769231553161 	
8.39996337890625 	0.022000000000844 	8.39996337890625 	0.00853769231665734 	
8.5 	0.0181999999986147 	8.5 	0.0085376923180911 	
8.5999755859375 	0.0126000000018394 	8.5999755859375 	0.00853769231977587 	
8.70001220703125 	0.00869999999849824 	8.70001220703125 	0.00853769232163543 	
8.79998779296875 	0 	8.79998779296875 	0.00853769232356644 	
8.89996337890625 	-0.00540000000182772 	8.89996337890625 	0.00853769232544607 	
9 	-0.00540000000182772 	9 	0.00853769232712847 	
9.0999755859375 	-0.0118000000002212 	9.0999755859375 	0.00853769232844184 	
9.20001220703125 	-0.015400000000227 	9.20001220703125 	0.00853769232919496 	
9.29998779296875 	-0.0190000000038708 	9.29998779296875 	0.00853769232917138 	
9.39996337890625 	-0.0227999999988242 	9.39996337890625 	0.00853769232813344 	
9.5 	-0.0293000000019674 	9.5 	0.00853769232581809 	
9.5999755859375 	-0.0345999999990454 	9.5999755859375 	0.00853769232528145 	
9.70001220703125 	-0.039600000003702 	9.70001220703125 	0.0085376923278055 	
9.79998779296875 	-0.042700000001787 	9.79998779296875 	0.00853769233034084 	
9.89996337890625 	-0.0466999999989639 	9.89996337890625 	0.00853769233279603 	
10 	-0.0529000000024098 	10 	0.0085376923350679 	
10.0999755859375 	-0.0606000000007043 	10.0999755859375 	0.00853769233703767 	
10.2000122070313 	-0.0668000000005122 	10.2000122070313 	0.0085376923385801 	
10.2999877929688 	-0.0687000000034459 	10.2999877929688 	0.00853769233955426 	
10.3999633789063 	-0.0740999999979977 	10.3999633789063 	0.00853769233981076 	
10.5 	-0.0771000000022468 	10.5 	0.00853769233918694 	
10.5999755859375 	-0.0803000000014435 	10.5999755859375 	0.00853769233751 	
10.7000122070313 	-0.0838000000003376 	10.7000122070313 	0.00853769233459265 	
10.7999877929688 	-0.0892000000021653 	10.7999877929688 	0.00853769233024188 	
10.8999633789063 	-0.0912000000025728 	10.8999633789063 	0.00853769232873096 	
11 	-0.0963000000010652 	11 	0.00853769232867374 	
11.0999755859375 	-0.102999999999156 	11.0999755859375 	0.0085376923285202 	
11.2000122070313 	-0.107600000003004 	11.2000122070313 	0.00853769232825954 	
11.2999877929688 	-0.111900000003516 	11.2999877929688 	0.00853769232788082 	
11.3999633789063 	-0.116500000000087 	11.3999633789063 	0.00853769232737199 	
11.5 	-0.1208000000006 	11.5 	0.00853769232672005 	
11.5999755859375 	-0.125400000000809 	11.5999755859375 	0.00853769232591255 	
11.7000122070313 	-0.130000000001019 	11.7000122070313 	0.0085376923249346 	
11.7999877929688 	-0.130199999999604 	11.7999877929688 	0.00853769232377286 	
11.8999633789063 	-0.133999999998196 	11.8999633789063 	0.00853769232241157 	
12 	-0.136999999998807 	12 	0.00853769232083385 	
12.0999755859375 	-0.138999999999214 	12.0999755859375 	0.00853769231902512 	
12.2000122070313 	-0.14100000000326 	12.2000122070313 	0.00853769231874856 	
12.2999877929688 	-0.147200000003068 	12.2999877929688 	0.00853769231863415 	
12.3999633789063 	-0.148600000000442 	12.3999633789063 	0.00853769231857091 	
12.5 	-0.154500000000553 	12.5 	0.00853769231855274 	
12.5999755859375 	-0.157599999998638 	12.5999755859375 	0.00853769231857354 	
12.7000122070313 	-0.159500000001572 	12.7000122070313 	0.00853769231862722 	
12.7999877929688 	-0.16280000000188 	12.7999877929688 	0.00853769231870761 	
12.8999633789063 	-0.166000000001077 	12.8999633789063 	0.00853769231880862 	
13 	-0.166100000002189 	13 	0.00853769231892421 	
13.0999755859375 	-0.167600000000675 	13.0999755859375 	0.00853769231904814 	
13.2000122070313 	-0.169700000002194 	13.2000122070313 	0.00853769231917443 	
13.2999877929688 	-0.169500000003609 	13.2999877929688 	0.00853769231929682 	
13.3999633789063 	-0.172500000000582 	13.3999633789063 	0.00853769231940927 	
13.5 	-0.175100000004022 	13.5 	0.00853769231950574 	
13.5999755859375 	-0.179599999999482 	13.5999755859375 	0.00853769231957999 	
13.7000122070313 	-0.179899999999179 	13.7000122070313 	0.00853769231962599 	
13.7999877929688 	-0.180500000002212 	13.7999877929688 	0.00853769231963758 	
13.8999633789063 	-0.183100000002014 	13.8999633789063 	0.00853769231960868 	
14 	-0.183900000003632 	14 	0.00853769231953313 	
14.0999755859375 	-0.185500000003231 	14.0999755859375 	0.00853769231940489 	
14.2000122070313 	-0.186900000000605 	14.2000122070313 	0.00853769231921771 	
14.2999877929688 	-0.189000000002125 	14.2999877929688 	0.00853769231896569 	
14.3999633789063 	-0.19210000000021 	14.3999633789063 	0.00853769231864264 	
14.5 	-0.192800000000716 	14.5 	0.00853769231824217 	
14.5999755859375 	-0.194300000002841 	14.5999755859375 	0.00853769231775865 	
14.7000122070313 	-0.199800000002142 	14.7000122070313 	0.00853769231718539 	
14.7999877929688 	-0.199600000003556 	14.7999877929688 	0.00853769231651697 	
14.8999633789063 	-0.200399999997899 	14.8999633789063 	0.00853769231589304 	
15 	-0.201199999999517 	15 	0.00853769231610503 	
15.0999755859375 	-0.203000000001339 	15.0999755859375 	0.00853769231631744 	
15.2000122070313 	-0.203300000001036 	15.2000122070313 	0.00853769231652837 	
15.2999877929688 	-0.204600000000937 	15.2999877929688 	0.00853769231673539 	
15.3999633789063 	-0.207399999999325 	15.3999633789063 	0.00853769231693649 	
15.5 	-0.208699999999226 	15.5 	0.00853769231712961 	
15.5999755859375 	-0.211500000001251 	15.5999755859375 	0.00853769231731236 	
15.7000122070313 	-0.21140000000014 	15.7000122070313 	0.0085376923174828 	
15.7999877929688 	-0.214100000001054 	15.7999877929688 	0.00853769231763857 	
15.8999633789063 	-0.215200000002369 	15.8999633789063 	0.00853769231777761 	
16 	-0.216000000000349 	16 	0.00853769231789784 	
16.0999755859375 	-0.215400000000955 	16.0999755859375 	0.00853769231799694 	
16.2000122070313 	-0.21230000000287 	16.2000122070313 	0.00853769231807288 	
16.2999877929688 	-0.210400000003574 	16.2999877929688 	0.00853769231812341 	
16.3999633789063 	-0.211599999998725 	16.3999633789063 	0.00853769231814641 	
16.5 	-0.212800000001153 	16.5 	0.00853769231813972 	
16.5999755859375 	-0.215000000000146 	16.5999755859375 	0.00853769231810119 	
16.7000122070313 	-0.216199999998935 	16.7000122070313 	0.00853769231802861 	
16.7999877929688 	-0.21480000000156 	16.7999877929688 	0.0085376923179199 	
16.8999633789063 	-0.212100000004284 	16.8999633789063 	0.00853769231777288 	
17 	-0.212800000001153 	17 	0.00853769231758526 	
17.0999755859375 	-0.211400000003778 	17.0999755859375 	0.0085376923173551 	
17.2000122070313 	-0.207600000001548 	17.2000122070313 	0.00853769231707997 	
17.2999877929688 	-0.20770000000266 	17.2999877929688 	0.00853769231675805 	
17.3999633789063 	-0.20969999999943 	17.3999633789063 	0.00853769231638702 	
17.5 	-0.211800000000949 	17.5 	0.00853769231596444 	
17.5999755859375 	-0.212400000000343 	17.5999755859375 	0.00853769231548867 	
17.7000122070313 	-0.212599999998929 	17.7000122070313 	0.00853769231514092 	
17.7999877929688 	-0.214400000000751 	17.7999877929688 	0.00853769231512256 	
17.8999633789063 	-0.21730000000025 	17.8999633789063 	0.00853769231510339 	
18 	-0.217800000002171 	18 	0.00853769231508325 	
18.0999755859375 	-0.216599999999744 	18.0999755859375 	0.00853769231506204 	
18.2000122070313 	-0.216300000000047 	18.2000122070313 	0.00853769231503959 	
18.2999877929688 	-0.216400000001158 	18.2999877929688 	0.00853769231501582 	
18.3999633789063 	-0.217700000001059 	18.3999633789063 	0.00853769231499056 	
18.5 	-0.221300000001065 	18.5 	0.00853769231496368 	
18.5999755859375 	-0.22110000000248 	18.5999755859375 	0.00853769231493507 	
18.7000122070313 	-0.223200000003999 	18.7000122070313 	0.00853769231490457 	
18.7999877929688 	-0.225600000001577 	18.7999877929688 	0.00853769231487208 	
18.8999633789063 	-0.225800000000163 	18.8999633789063 	0.00853769231483746 	
19 	-0.229500000001281 	19 	0.00853769231480054 	
19.0999755859375 	-0.231200000001991 	19.0999755859375 	0.00853769231476124 	
19.2000122070313 	-0.232900000002701 	19.2000122070313 	0.00853769231471939 	
19.2999877929688 	-0.235900000003312 	19.2999877929688 	0.0085376923146749 	
19.3999633789063 	-0.237700000001496 	19.3999633789063 	0.00853769231462761 	
19.5 	-0.23750000000291 	19.5 	0.00853769231457737 	
19.5999755859375 	-0.240600000000995 	19.5999755859375 	0.0085376923145241 	
19.7000122070313 	-0.243600000001607 	19.7000122070313 	0.0085376923144676 	
19.7999877929688 	-0.246200000001409 	19.7999877929688 	0.00853769231440782 	
19.8999633789063 	-0.246200000001409 	19.8999633789063 	0.00853769231434458 	
20 	-0.247100000000501 	20 	0.00853769231427772 	
20.0999755859375 	-0.248200000001816 	20.0999755859375 	0.00853769231420718 	
20.2000122070313 	-0.252400000001217 	20.2000122070313 	0.00853769231413275 	
20.2999877929688 	-0.255700000001525 	20.2999877929688 	0.00853769231405438 	
20.3999633789063 	-0.256799999999203 	20.3999633789063 	0.0085376923139719 	
20.5 	-0.258299999997689 	20.5 	0.00853769231392405 	
20.5999755859375 	-0.261700000002747 	20.5999755859375 	0.00853769231390838 	
20.7000122070313 	-0.261600000001636 	20.7000122070313 	0.00853769231389403 	
20.7999877929688 	-0.256100000002334 	20.7999877929688 	0.00853769231388096 	
20.8999633789063 	-0.259500000000116 	20.8999633789063 	0.00853769231386911 	
21 	-0.262000000002445 	21 	0.00853769231385841 	
21.0999755859375 	-0.261000000002241 	21.0999755859375 	0.00853769231384883 	
21.2000122070313 	-0.261900000001333 	21.2000122070313 	0.00853769231384029 	
21.2999877929688 	-0.262800000000425 	21.2999877929688 	0.00853769231383276 	
21.3999633789063 	-0.266199999998207 	21.3999633789063 	0.00853769231382618 	
21.5 	-0.270100000001548 	21.5 	0.00853769231382048 	
21.5999755859375 	-0.272900000003574 	21.5999755859375 	0.00853769231381562 	
21.7000122070313 	-0.274300000000949 	21.7000122070313 	0.00853769231381154 	
21.7999877929688 	-0.273600000000442 	21.7999877929688 	0.0085376923138082 	
21.8999633789063 	-0.275799999999435 	21.8999633789063 	0.00853769231380553 	
22 	-0.277500000000146 	22 	0.00853769231380348 	
22.0999755859375 	-0.279200000004494 	22.0999755859375 	0.00853769231380199 	
22.2000122070313 	-0.28150000000096 	22.2000122070313 	0.00853769231380102 	
22.2999877929688 	-0.28440000000046 	22.2999877929688 	0.0085376923138005 	
22.3999633789063 	-0.287600000003295 	22.3999633789063 	0.00853769231380039 	
22.5 	-0.28859999999986 	22.5 	0.00853769231380063 	
22.5999755859375 	-0.289300000000367 	22.5999755859375 	0.00853769231380116 	
22.7000122070313 	-0.290500000002794 	22.7000122070313 	0.00853769231380194 	
22.7999877929688 	-0.291000000001077 	22.7999877929688 	0.0085376923138029 	
22.8999633789063 	-0.294300000001385 	22.8999633789063 	0.00853769231380399 	
23 	-0.295299999997951 	23 	0.00853769231380517 	
23.0999755859375 	-0.295500000000175 	23.0999755859375 	0.00853769231380636 	
23.2000122070313 	-0.297700000002806 	23.2000122070313 	0.00853769231380753 	
23.2999877929688 	-0.301599999998871 	23.2999877929688 	0.00853769231380861 	
23.3999633789063 	-0.302600000002712 	23.3999633789063 	0.00853769231380956 	
23.5 	-0.300600000002305 	23.5 	0.00853769231381031 	
23.5999755859375 	-0.300699999999779 	23.5999755859375 	0.00853769231381082 	
23.7000122070313 	-0.301199999998062 	23.7000122070313 	0.00853769231381103 	
23.7999877929688 	-0.302400000000489 	23.7999877929688 	0.00853769231381088 	
23.8999633789063 	-0.300999999999476 	23.8999633789063 	0.00853769231381032 	
24 	-0.303800000001502 	24 	0.0085376923138093 	
24.0999755859375 	-0.304000000000087 	24.0999755859375 	0.00853769231380776 	
24.2000122070313 	-0.305700000000797 	24.2000122070313 	0.00853769231380565 	
24.2999877929688 	-0.3083000000006 	24.2999877929688 	0.00853769231380292 	
24.3999633789063 	-0.309200000003329 	24.3999633789063 	0.0085376923137995 	
24.5 	-0.305899999999383 	24.5 	0.00853769231379535 	
24.5999755859375 	-0.302200000001903 	24.5999755859375 	0.00853769231379042 	
24.7000122070313 	-0.304800000001705 	24.7000122070313 	0.00853769231378464 	
24.7999877929688 	-0.305099999997765 	24.7999877929688 	0.00853769231377796 	
24.8999633789063 	-0.307000000000698 	24.8999633789063 	0.00853769231377034 	
25 	-0.307799999998679 	25 	0.0085376923137617 	
25.0999755859375 	-0.305099999997765 	25.0999755859375 	0.00853769231375201 	
25.2000122070313 	-0.304800000001705 	25.2000122070313 	0.0085376923137412 	
25.2999877929688 	-0.304000000000087 	25.2999877929688 	0.0085376923137372 	
25.3999633789063 	-0.300900000002002 	25.3999633789063 	0.00853769231374515 	
25.5 	-0.303599999999278 	25.5 	0.008537692313753 	
25.5999755859375 	-0.304800000001705 	25.5999755859375 	0.00853769231376076 	
25.7000122070313 	-0.302700000000186 	25.7000122070313 	0.00853769231376842 	
25.7999877929688 	-0.302100000000792 	25.7999877929688 	0.00853769231377599 	
25.8999633789063 	-0.300100000004022 	25.8999633789063 	0.00853769231378346 	
26 	-0.297800000003917 	26 	0.00853769231379083 	
26.0999755859375 	-0.295900000000984 	26.0999755859375 	0.00853769231379812 	
26.2000122070313 	-0.295600000001286 	26.2000122070313 	0.00853769231380531 	
26.2999877929688 	-0.297500000000582 	26.2999877929688 	0.0085376923138124 	
26.3999633789063 	-0.296800000000076 	26.3999633789063 	0.00853769231381939 	
26.5 	-0.298600000001898 	26.5 	0.0085376923138263 	
26.5999755859375 	-0.298800000000483 	26.5999755859375 	0.0085376923138331 	
26.7000122070313 	-0.298600000001898 	26.7000122070313 	0.00853769231383982 	
26.7999877929688 	-0.300700000003417 	26.7999877929688 	0.00853769231384644 	
26.8999633789063 	-0.296200000000681 	26.8999633789063 	0.00853769231385296 	
27 	-0.298900000001595 	27 	0.00853769231385939 	
27.0999755859375 	-0.301900000002206 	27.0999755859375 	0.00853769231386572 	
27.2000122070313 	-0.300999999999476 	27.2000122070313 	0.00853769231387196 	
27.2999877929688 	-0.300200000001496 	27.2999877929688 	0.00853769231387811 	
27.3999633789063 	-0.29950000000099 	27.3999633789063 	0.00853769231388415 	
27.5 	-0.302599999999074 	27.5 	0.00853769231389011 	
27.5999755859375 	-0.299399999999878 	27.5999755859375 	0.00853769231389597 	
27.7000122070313 	-0.300400000000081 	27.7000122070313 	0.00853769231390173 	
27.7999877929688 	-0.30029999999897 	27.7999877929688 	0.0085376923139074 	
27.8999633789063 	-0.298399999999674 	27.8999633789063 	0.00853769231391298 	
28 	-0.299600000002101 	28 	0.00853769231391846 	
28.0999755859375 	-0.298099999999977 	28.0999755859375 	0.00853769231392384 	
28.2000122070313 	-0.299000000002707 	28.2000122070313 	0.00853769231392913 	
28.2999877929688 	-0.301300000002811 	28.2999877929688 	0.00853769231393433 	
28.3999633789063 	-0.302800000001298 	28.3999633789063 	0.00853769231393943 	
28.5 	-0.305200000002515 	28.5 	0.00853769231394444 	
28.5999755859375 	-0.304900000002817 	28.5999755859375 	0.00853769231394935 	
28.7000122070313 	-0.306899999999587 	28.7000122070313 	0.00853769231395416 	
28.7999877929688 	-0.30909999999858 	28.7999877929688 	0.00853769231395888 	
28.8999633789063 	-0.313100000003033 	28.8999633789063 	0.00853769231396351 	
29 	-0.318100000000413 	29 	0.00853769231396804 	
29.0999755859375 	-0.319100000000617 	29.0999755859375 	0.00853769231397248 	
29.2000122070313 	-0.31970000000365 	29.2000122070313 	0.00853769231397682 	
29.2999877929688 	-0.320900000002439 	29.2999877929688 	0.00853769231398107 	
29.3999633789063 	-0.3195999999989 	29.3999633789063 	0.00853769231398522 	
29.5 	-0.321899999999005 	29.5 	0.00853769231398928 	
29.5999755859375 	-0.324500000002445 	29.5999755859375 	0.00853769231399324 	
29.7000122070313 	-0.32470000000103 	29.7000122070313 	0.00853769231399711 	
29.7999877929688 	-0.324099999997998 	29.7999877929688 	0.00853769231400088 	
29.8999633789063 	-0.322700000000623 	29.8999633789063 	0.00853769231400456 	
30 	-0.325200000002951 	30 	0.00853769231400814 	
30.0999755859375 	-0.326300000000629 	30.0999755859375 	0.00853769231401163 	
30.2000122070313 	-0.329500000003463 	30.2000122070313 	0.00853769231401503 	
30.2999877929688 	-0.333800000000338 	30.2999877929688 	0.00853769231401832 	
30.3999633789063 	-0.337100000000646 	30.3999633789063 	0.00853769231402153 	
30.5 	-0.33980000000156 	30.5 	0.00853769231402464 	
30.5999755859375 	-0.336800000000949 	30.5999755859375 	0.00853769231402765 	
30.7000122070313 	-0.339700000000448 	30.7000122070313 	0.00853769231403057 	
30.7999877929688 	-0.33889999999883 	30.7999877929688 	0.0085376923140334 	
30.8999633789063 	-0.340900000002875 	30.8999633789063 	0.00853769231403612 	
31 	-0.343400000001566 	31 	0.00853769231403876 	
31.0999755859375 	-0.34440000000177 	31.0999755859375 	0.0085376923140413 	
31.2000122070313 	-0.344799999998941 	31.2000122070313 	0.00853769231404375 	
31.2999877929688 	-0.347499999999854 	31.2999877929688 	0.0085376923140461 	
31.3999633789063 	-0.348700000002282 	31.3999633789063 	0.00853769231404835 	
31.5 	-0.352100000000064 	31.5 	0.00853769231405051 	
31.5999755859375 	-0.356300000003102 	31.5999755859375 	0.00853769231405258 	
31.7000122070313 	-0.354500000001281 	31.7000122070313 	0.00853769231405455 	
31.7999877929688 	-0.354700000003504 	31.7999877929688 	0.00853769231405643 	
31.8999633789063 	-0.358700000000681 	31.8999633789063 	0.00853769231405821 	
32 	-0.364600000000792 	32 	0.00853769231405989 	
32.0999755859375 	-0.366700000002311 	32.0999755859375 	0.00853769231406148 	
32.2000122070313 	-0.368700000002718 	32.2000122070313 	0.00853769231406298 	
32.2999877929688 	-0.36960000000181 	32.2999877929688 	0.00853769231406439 	
32.3999633789063 	-0.367999999998574 	32.3999633789063 	0.00853769231406569 	
32.5 	-0.366200000004028 	32.5 	0.0085376923140669 	
32.5999755859375 	-0.365600000000995 	32.5999755859375 	0.00853769231406802 	
32.7000122070313 	-0.37039999999979 	32.7000122070313 	0.00853769231406904 	
32.7999877929688 	-0.374700000000303 	32.7999877929688 	0.00853769231406997 	
32.8999633789063 	-0.378000000000611 	32.8999633789063 	0.0085376923140708 	
33 	-0.378300000000309 	33 	0.00853769231407154 	
33.0999755859375 	-0.381900000000314 	33.0999755859375 	0.00853769231407219 	
33.2000122070313 	-0.381400000002031 	33.2000122070313 	0.00853769231407273 	
33.2999877929688 	-0.383099999999104 	33.2999877929688 	0.00853769231407319 	
33.3999633789063 	-0.385000000002037 	33.3999633789063 	0.00853769231407355 	
33.5 	-0.387400000003254 	33.5 	0.00853769231407381 	
33.5999755859375 	-0.385699999998906 	33.5999755859375 	0.00853769231407398 	
33.7000122070313 	-0.388600000002043 	33.7000122070313 	0.00853769231407405 	
33.7999877929688 	-0.390999999999622 	33.7999877929688 	0.00853769231407403 	
33.8999633789063 	-0.391400000000431 	33.8999633789063 	0.00853769231407392 	
34 	-0.392300000003161 	34 	0.00853769231407371 	
34.0999755859375 	-0.389500000001135 	34.0999755859375 	0.0085376923140734 	
34.2000122070313 	-0.392499999998108 	34.2000122070313 	0.008537692314073 	
34.2999877929688 	-0.393100000001141 	34.2999877929688 	0.00853769231407251 	
34.3999633789063 	-0.395400000001246 	34.3999633789063 	0.00853769231407192 	
34.5 	-0.397000000000844 	34.5 	0.00853769231407123 	
34.5999755859375 	-0.396700000001147 	34.5999755859375 	0.00853769231407045 	
34.7000122070313 	-0.402900000000955 	34.7000122070313 	0.00853769231406958 	
34.7999877929688 	-0.403200000000652 	34.7999877929688 	0.00853769231406861 	
34.8999633789063 	-0.404399999999441 	34.8999633789063 	0.00853769231406755 	
35 	-0.405800000000454 	35 	0.00853769231406639 	
35.0999755859375 	-0.406100000000151 	35.0999755859375 	0.00853769231406513 	
35.2000122070313 	-0.407400000000052 	35.2000122070313 	0.00853769231406378 	
35.2999877929688 	-0.407299999998941 	35.2999877929688 	0.00853769231406234 	
35.3999633789063 	-0.409299999999348 	35.3999633789063 	0.0085376923140608 	
35.5 	-0.412500000002183 	35.5 	0.00853769231405917 	
35.5999755859375 	-0.412100000001374 	35.5999755859375 	0.00853769231405744 	
35.7000122070313 	-0.414000000000669 	35.7000122070313 	0.00853769231405562 	
35.7999877929688 	-0.417099999998754 	35.7999877929688 	0.0085376923140537 	
35.8999633789063 	-0.418499999999767 	35.8999633789063 	0.00853769231405169 	
36 	-0.423500000000786 	36 	0.00853769231404958 	
36.0999755859375 	-0.423200000001088 	36.0999755859375 	0.00853769231404738 	
36.2000122070313 	-0.421100000003207 	36.2000122070313 	0.00853769231404508 	
36.2999877929688 	-0.420999999998457 	36.2999877929688 	0.00853769231404269 	
36.3999633789063 	-0.422100000003411 	36.3999633789063 	0.00853769231404021 	
36.5 	-0.424000000002707 	36.5 	0.00853769231403763 	
36.5999755859375 	-0.424399999999878 	36.5999755859375 	0.00853769231403495 	
36.7000122070313 	-0.423800000000483 	36.7000122070313 	0.00853769231403218 	
36.7999877929688 	-0.424200000001292 	36.7999877929688 	0.00853769231402931 	
36.8999633789063 	-0.427499999997963 	36.8999633789063 	0.00853769231402635 	
37 	-0.428299999999581 	37 	0.00853769231402329 	
37.0999755859375 	-0.430299999999988 	37.0999755859375 	0.00853769231402015 	
37.2000122070313 	-0.43239999999787 	37.2000122070313 	0.0085376923140169 	
37.2999877929688 	-0.434799999999086 	37.2999877929688 	0.00853769231401356 	
37.3999633789063 	-0.436399999998685 	37.3999633789063 	0.00853769231401013 	
37.5 	-0.437700000002224 	37.5 	0.00853769231400659 	
37.5999755859375 	-0.438500000000204 	37.5999755859375 	0.00853769231400297 	
37.7000122070313 	-0.438300000001618 	37.7000122070313 	0.00853769231399925 	
37.7999877929688 	-0.43999999999869 	37.7999877929688 	0.00853769231399544 	
37.8999633789063 	-0.440800000003946 	37.8999633789063 	0.00853769231399153 	
38 	-0.443700000003446 	38 	0.00853769231398752 	
38.0999755859375 	-0.443300000002637 	38.0999755859375 	0.00853769231398343 	
38.2000122070313 	-0.445700000003853 	38.2000122070313 	0.00853769231397923 	
38.2999877929688 	-0.449500000002445 	38.2999877929688 	0.00853769231397494 	
38.3999633789063 	-0.450300000000425 	38.3999633789063 	0.00853769231397056 	
38.5 	-0.453600000000733 	38.5 	0.00853769231396608 	
38.5999755859375 	-0.451600000000326 	38.5999755859375 	0.00853769231396151 	
38.7000122070313 	-0.447199999998702 	38.7000122070313 	0.00853769231395684 	
38.7999877929688 	-0.443600000002334 	38.7999877929688 	0.00853769231395208 	
38.8999633789063 	-0.443500000001222 	38.8999633789063 	0.00853769231394722 	
39 	-0.444299999999203 	39 	0.00853769231394227 	
39.0999755859375 	-0.444000000003143 	39.0999755859375 	0.00853769231393722 	
39.2000122070313 	-0.447500000002037 	39.2000122070313 	0.00853769231393208 	
39.2999877929688 	-0.4487999999983 	39.2999877929688 	0.00853769231392684 	
39.3999633789063 	-0.447000000003754 	39.3999633789063 	0.00853769231392151 	
39.5 	-0.449300000003859 	39.5 	0.00853769231391608 	
39.5999755859375 	-0.449300000000221 	39.5999755859375 	0.00853769231391056 	
39.7000122070313 	-0.450700000001234 	39.7000122070313 	0.00853769231390494 	
39.7999877929688 	-0.452200000003359 	39.7999877929688 	0.00853769231389923 	
39.8999633789063 	-0.451700000001438 	39.8999633789063 	0.00853769231389343 	
40 	-0.453400000002148 	40 	0.00853769231388753 	
40.0999755859375 	-0.453600000000733 	40.0999755859375 	0.00853769231388153 	
40.2000122070313 	-0.456099999999424 	40.2000122070313 	0.00853769231387544 	
40.2999877929688 	-0.455300000001444 	40.2999877929688 	0.00853769231386926 	
40.3999633789063 	-0.457600000001548 	40.3999633789063 	0.00853769231386298 	
40.5 	-0.45509999999922 	40.5 	0.0085376923138566 	
40.5999755859375 	-0.454399999998714 	40.5999755859375 	0.00853769231385013 	
40.7000122070313 	-0.45430000000124 	40.7000122070313 	0.00853769231384357 	
40.7999877929688 	-0.452800000002753 	40.7999877929688 	0.00853769231383691 	
40.8999633789063 	-0.453600000000733 	40.8999633789063 	0.00853769231383015 	
41 	-0.452700000001641 	41 	0.0085376923138233 	
41.0999755859375 	-0.454700000002049 	41.0999755859375 	0.00853769231381636 	
41.2000122070313 	-0.454000000001543 	41.2000122070313 	0.00853769231380932 	
41.2999877929688 	-0.450600000000122 	41.2999877929688 	0.00853769231380219 	
41.3999633789063 	-0.450800000002346 	41.3999633789063 	0.00853769231379496 	
41.5 	-0.446800000001531 	41.5 	0.00853769231378763 	
41.5999755859375 	-0.445400000000518 	41.5999755859375 	0.00853769231378022 	
41.7000122070313 	-0.444800000001123 	41.7000122070313 	0.0085376923137727 	
41.7999877929688 	-0.444100000000617 	41.7999877929688 	0.0085376923137651 	
41.8999633789063 	-0.441899999997986 	41.8999633789063 	0.00853769231375739 	
42 	-0.442999999999302 	42 	0.00853769231374959 	
42.0999755859375 	-0.44260000000213 	42.0999755859375 	0.0085376923137417 	
42.2000122070313 	-0.443400000000111 	42.2000122070313 	0.00853769231373371 	
42.2999877929688 	-0.444400000003952 	42.2999877929688 	0.00853769231372563 	
42.3999633789063 	-0.445800000001327 	42.3999633789063 	0.00853769231373003 	
42.5 	-0.446400000000722 	42.5 	0.00853769231373883 	
42.5999755859375 	-0.44800000000032 	42.5999755859375 	0.00853769231374759 	
42.7000122070313 	-0.448400000001129 	42.7000122070313 	0.00853769231375633 	
42.7999877929688 	-0.450100000001839 	42.7999877929688 	0.00853769231376503 	
42.8999633789063 	-0.452199999999721 	42.8999633789063 	0.00853769231377369 	
43 	-0.450300000000425 	43 	0.00853769231378233 	
43.0999755859375 	-0.44800000000032 	43.0999755859375 	0.00853769231379093 	
43.2000122070313 	-0.444600000002538 	43.2000122070313 	0.0085376923137995 	
43.2999877929688 	-0.442500000001019 	43.2999877929688 	0.00853769231380803 	
43.3999633789063 	-0.441900000001624 	43.3999633789063 	0.00853769231381653 	
43.5 	-0.443699999999808 	43.5 	0.00853769231382501 	
43.5999755859375 	-0.441399999999703 	43.5999755859375 	0.00853769231383345 	
43.7000122070313 	-0.442299999998795 	43.7000122070313 	0.00853769231384186 	
43.7999877929688 	-0.447700000000623 	43.7999877929688 	0.00853769231385023 	
43.8999633789063 	-0.450600000000122 	43.8999633789063 	0.00853769231385857 	
44 	-0.452800000002753 	44 	0.00853769231386688 	
44.0999755859375 	-0.454900000000634 	44.0999755859375 	0.00853769231387516 	
44.2000122070313 	-0.455200000000332 	44.2000122070313 	0.0085376923138834 	
44.2999877929688 	-0.453900000000431 	44.2999877929688 	0.00853769231389161 	
44.3999633789063 	-0.451300000000629 	44.3999633789063 	0.00853769231389979 	
44.5 	-0.452500000003056 	44.5 	0.00853769231390794 	
44.5999755859375 	-0.451000000000931 	44.5999755859375 	0.00853769231391605 	
44.7000122070313 	-0.450600000000122 	44.7000122070313 	0.00853769231392414 	
44.7999877929688 	-0.452099999998609 	44.7999877929688 	0.00853769231393219 	
44.8999633789063 	-0.455300000001444 	44.8999633789063 	0.0085376923139402 	
45 	-0.455799999999726 	45 	0.00853769231394819 	
45.0999755859375 	-0.457500000000437 	45.0999755859375 	0.00853769231395614 	
45.2000122070313 	-0.455500000000029 	45.2000122070313 	0.00853769231396406 	
45.2999877929688 	-0.45600000000195 	45.2999877929688 	0.00853769231397195 	
45.3999633789063 	-0.457300000001851 	45.3999633789063 	0.0085376923139798 	
45.5 	-0.459600000001956 	45.5 	0.00853769231398763 	
45.5999755859375 	-0.460399999999936 	45.5999755859375 	0.00853769231399542 	
45.7000122070313 	-0.461999999999534 	45.7000122070313 	0.00853769231400318 	
45.7999877929688 	-0.461899999998423 	45.7999877929688 	0.0085376923140109 	
45.8999633789063 	-0.462600000002567 	45.8999633789063 	0.00853769231401859 	
46 	-0.463900000002468 	46 	0.00853769231402626 	
46.0999755859375 	-0.464200000002165 	46.0999755859375 	0.00853769231403388 	
46.2000122070313 	-0.465099999997619 	46.2000122070313 	0.00853769231404148 	
46.2999877929688 	-0.465400000000955 	46.2999877929688 	0.00853769231404904 	
46.3999633789063 	-0.46559999999954 	46.3999633789063 	0.00853769231405657 	
46.5 	-0.461299999999028 	46.5 	0.00853769231406407 	
46.5999755859375 	-0.461600000002363 	46.5999755859375 	0.00853769231407154 	
46.7000122070313 	-0.461500000001251 	46.7000122070313 	0.00853769231407897 	
46.7999877929688 	-0.461200000001554 	46.7999877929688 	0.00853769231408637 	
46.8999633789063 	-0.461500000001251 	46.8999633789063 	0.00853769231409374 	
47 	-0.463999999999942 	47 	0.00853769231410108 	
47.0999755859375 	-0.463000000003376 	47.0999755859375 	0.00853769231410838 	
47.2000122070313 	-0.464299999999639 	47.2000122070313 	0.00853769231411566 	
47.2999877929688 	-0.467000000004191 	47.2999877929688 	0.00853769231412289 	
47.3999633789063 	-0.470300000000861 	47.3999633789063 	0.0085376923141301 	
47.5 	-0.471900000004098 	47.5 	0.00853769231413727 	
47.5999755859375 	-0.470600000004197 	47.5999755859375 	0.00853769231414441 	
47.7000122070313 	-0.471000000001368 	47.7000122070313 	0.00853769231415153 	
47.7999877929688 	-0.474800000003597 	47.7999877929688 	0.0085376923141586 	
47.8999633789063 	-0.477600000001985 	47.8999633789063 	0.00853769231416564 	
48 	-0.475400000002992 	48 	0.00853769231417266 	
48.0999755859375 	-0.475900000001275 	48.0999755859375 	0.00853769231417964 	
48.2000122070313 	-0.481700000003912 	48.2000122070313 	0.00853769231418659 	
48.2999877929688 	-0.483900000002905 	48.2999877929688 	0.0085376923141935 	
48.3999633789063 	-0.484900000003108 	48.3999633789063 	0.00853769231420038 	
48.5 	-0.490700000002107 	48.5 	0.00853769231420723 	
48.5999755859375 	-0.494500000000698 	48.5999755859375 	0.00853769231421405 	
48.7000122070313 	-0.49539999999979 	48.7000122070313 	0.00853769231422083 	
48.7999877929688 	-0.494399999999587 	48.7999877929688 	0.00853769231422758 	
48.8999633789063 	-0.492999999998574 	48.8999633789063 	0.0085376923142343 	
49 	-0.494500000004336 	49 	0.00853769231424099 	
49.0999755859375 	-0.494099999999889 	49.0999755859375 	0.00853769231424765 	
49.2000122070313 	-0.491100000002916 	49.2000122070313 	0.00853769231425427 	
49.2999877929688 	-0.488900000000285 	49.2999877929688 	0.00853769231426086 	
49.3999633789063 	-0.489400000002206 	49.3999633789063 	0.00853769231426742 	
49.5 	-0.485400000001391 	49.5 	0.00853769231427394 	
49.5999755859375 	-0.488499999999476 	49.5999755859375 	0.00853769231428043 	
49.7000122070313 	-0.488200000003417 	49.7000122070313 	0.0085376923142869 	
49.7999877929688 	-0.486500000002707 	49.7999877929688 	0.00853769231429332 	
49.8999633789063 	-0.486700000001292 	49.8999633789063 	0.00853769231429972 	
50 	-0.481700000000274 	50 	0.00853769231430608 	
50.0999755859375 	-0.478500000001077 	50.0999755859375 	0.00853769231431241 	
50.2000122070313 	-0.478500000001077 	50.2000122070313 	0.00853769231431871 	
50.2999877929688 	-0.474699999998847 	50.2999877929688 	0.00853769231432498 	
50.3999633789063 	-0.47609999999986 	50.3999633789063 	0.00853769231433121 	
50.5 	-0.474900000001071 	50.5 	0.00853769231433741 	
50.5999755859375 	-0.475400000002992 	50.5999755859375 	0.00853769231434358 	
50.7000122070313 	-0.472999999998137 	50.7000122070313 	0.00853769231434972 	
50.7999877929688 	-0.476699999999255 	50.7999877929688 	0.00853769231435582 	
50.8999633789063 	-0.478100000000268 	50.8999633789063 	0.00853769231436189 	
51 	-0.47609999999986 	51 	0.00853769231436793 	
51.0999755859375 	-0.47530000000188 	51.0999755859375 	0.00853769231437393 	
51.2000122070313 	-0.476800000000367 	51.2000122070313 	0.00853769231437991 	
51.2999877929688 	-0.474900000001071 	51.2999877929688 	0.00853769231438585 	
51.3999633789063 	-0.471000000001368 	51.3999633789063 	0.00853769231439176 	
51.5 	-0.470499999999447 	51.5 	0.00853769231439764 	
51.5999755859375 	-0.471800000002986 	51.5999755859375 	0.00853769231440348 	
51.7000122070313 	-0.472000000001572 	51.7000122070313 	0.00853769231440929 	
51.7999877929688 	-0.472799999999552 	51.7999877929688 	0.00853769231441507 	
51.8999633789063 	-0.474600000001374 	51.8999633789063 	0.00853769231442082 	
52 	-0.476900000001478 	52 	0.00853769231442653 	
52.0999755859375 	-0.478800000000774 	52.0999755859375 	0.00853769231443221 	
52.2000122070313 	-0.479300000002695 	52.2000122070313 	0.00853769231443786 	
52.2999877929688 	-0.478300000002491 	52.2999877929688 	0.00853769231444348 	
52.3999633789063 	-0.479000000002998 	52.3999633789063 	0.00853769231444906 	
52.5 	-0.484200000002602 	52.5 	0.00853769231445462 	
52.5999755859375 	-0.48660000000018 	52.5999755859375 	0.00853769231446013 	
52.7000122070313 	-0.488600000004226 	52.7000122070313 	0.00853769231446562 	
52.7999877929688 	-0.490200000000186 	52.7999877929688 	0.00853769231447108 	
52.8999633789063 	-0.490500000003522 	52.8999633789063 	0.0085376923144765 	
53 	-0.488000000001193 	53 	0.00853769231448189 	
53.0999755859375 	-0.488400000002002 	53.0999755859375 	0.00853769231448724 	
53.2000122070313 	-0.490700000002107 	53.2000122070313 	0.00853769231449257 	
53.2999877929688 	-0.487100000002101 	53.2999877929688 	0.00853769231449786 	
53.3999633789063 	-0.484400000001187 	53.3999633789063 	0.00853769231450312 	
53.5 	-0.481999999999971 	53.5 	0.00853769231450835 	
53.5999755859375 	-0.481200000001991 	53.5999755859375 	0.00853769231451354 	
53.7000122070313 	-0.479800000000978 	53.7000122070313 	0.00853769231451871 	
53.7999877929688 	-0.478699999999662 	53.7999877929688 	0.00853769231452384 	
53.8999633789063 	-0.480800000001182 	53.8999633789063 	0.00853769231452894 	
54 	-0.480400000000373 	54 	0.008537692314534 	
54.0999755859375 	-0.480100000000675 	54.0999755859375 	0.00853769231453903 	
54.2000122070313 	-0.481300000003102 	54.2000122070313 	0.00853769231454404 	
54.2999877929688 	-0.483299999999872 	54.2999877929688 	0.008537692314549 	
54.3999633789063 	-0.485899999999674 	54.3999633789063 	0.00853769231455394 	
54.5 	-0.488199999999779 	54.5 	0.00853769231455884 	
54.5999755859375 	-0.486400000001595 	54.5999755859375 	0.00853769231456371 	
54.7000122070313 	-0.489900000000489 	54.7000122070313 	0.00853769231456855 	
54.7999877929688 	-0.490600000000995 	54.7999877929688 	0.00853769231457336 	
54.8999633789063 	-0.492200000000594 	54.8999633789063 	0.00853769231457813 	
55 	-0.491900000000896 	55 	0.00853769231458287 	
55.0999755859375 	-0.491600000001199 	55.0999755859375 	0.00853769231458758 	
55.2000122070313 	-0.493900000001304 	55.2000122070313 	0.00853769231459226 	
55.2999877929688 	-0.498800000001211 	55.2999877929688 	0.0085376923145969 	
55.3999633789063 	-0.499100000000908 	55.3999633789063 	0.00853769231460151 	
55.5 	-0.499700000000303 	55.5 	0.00853769231460609 	
55.5999755859375 	-0.501100000001315 	55.5999755859375 	0.00853769231461064 	
55.7000122070313 	-0.503700000001118 	55.7000122070313 	0.00853769231461515 	
55.7999877929688 	-0.505300000000716 	55.7999877929688 	0.00853769231461963 	
55.8999633789063 	-0.504899999999907 	55.8999633789063 	0.00853769231462408 	
56 	-0.504400000001624 	56 	0.0085376923146285 	
56.0999755859375 	-0.50630000000092 	56.0999755859375 	0.00853769231463288 	
56.2000122070313 	-0.507999999997992 	56.2000122070313 	0.00853769231463724 	
56.2999877929688 	-0.510400000002846 	56.2999877929688 	0.00853769231464155 	
56.3999633789063 	-0.51050000000032 	56.3999633789063 	0.00853769231464584 	
56.5 	-0.5112999999983 	56.5 	0.0085376923146501 	
56.5999755859375 	-0.514400000003661 	56.5999755859375 	0.00853769231465432 	
56.7000122070313 	-0.516700000000128 	56.7000122070313 	0.00853769231465851 	
56.7999877929688 	-0.517199999998411 	56.7999877929688 	0.00853769231466266 	
56.8999633789063 	-0.518400000000838 	56.8999633789063 	0.00853769231466679 	
57 	-0.516299999999319 	57 	0.00853769231467088 	
57.0999755859375 	-0.518100000001141 	57.0999755859375 	0.00853769231467494 	
57.2000122070313 	-0.519599999999627 	57.2000122070313 	0.00853769231467897 	
57.2999877929688 	-0.521400000001449 	57.2999877929688 	0.00853769231468296 	
57.3999633789063 	-0.524999999997817 	57.3999633789063 	0.00853769231468692 	
57.5 	-0.526699999998527 	57.5 	0.00853769231469085 	
57.5999755859375 	-0.52270000000135 	57.5999755859375 	0.00853769231469475 	
57.7000122070313 	-0.520100000001548 	57.7000122070313 	0.00853769231469862 	
57.7999877929688 	-0.52100000000064 	57.7999877929688 	0.00853769231470245 	
57.8999633789063 	-0.515999999999622 	57.8999633789063 	0.00853769231470625 	
58 	-0.513300000002346 	58 	0.00853769231471002 	
58.0999755859375 	-0.517299999999523 	58.0999755859375 	0.00853769231471375 	
58.2000122070313 	-0.520899999999529 	58.2000122070313 	0.00853769231471746 	
58.2999877929688 	-0.522000000000844 	58.2999877929688 	0.00853769231472113 	
58.3999633789063 	-0.521700000001147 	58.3999633789063 	0.00853769231472476 	
58.5 	-0.521899999999732 	58.5 	0.00853769231472837 	
58.5999755859375 	-0.521899999999732 	58.5999755859375 	0.00853769231473194 	
58.7000122070313 	-0.515800000001036 	58.7000122070313 	0.00853769231473549 	
58.7999877929688 	-0.514900000001944 	58.7999877929688 	0.00853769231473899 	
58.8999633789063 	-0.513500000000931 	58.8999633789063 	0.00853769231474247 	
59 	-0.51339999999982 	59 	0.00853769231474591 	
59.0999755859375 	-0.508400000002439 	59.0999755859375 	0.00853769231474932 	
59.2000122070313 	-0.507800000003044 	59.2000122070313 	0.0085376923147527 	
59.2999877929688 	 	59.2999877929688 	0.00853769231475605 	
59.3999633789063 	 	59.3999633789063 	0.00853769231475936 	
59.5 	 	59.5 	0.00853769231476264 	
59.5999755859375 	 	59.5999755859375 	0.00853769231476589 	
59.7000122070313 	 	59.7000122070313 	0.00853769231476911 	
59.7999877929688 	 	59.7999877929688 	0.00853769231477229 	
59.8999633789063 	 	59.8999633789063 	0.00853769231477544 	
60 	 	60 	0.00853769231477856 	
60.0999755859375 	 	60.0999755859375 	0.00853769231477856 	
60.2000122070313 	 	60.2000122070313 	0.00587469309951979 	
60.2999877929688 	 	60.2999877929688 	0.00404323371277141 	
60.3999633789063 	 	60.3999633789063 	0.00278274015314699 	
60.5 	 	60.5 	0.00191477350617996 	
60.5999755859375 	 	60.5999755859375 	0.00131783555512344 	
60.7000122070313 	 	60.7000122070313 	0.000906788439121688 	
60.7999877929688 	 	60.7999877929688 	0.000624093874521519 	
60.8999633789063 	 	60.8999633789063 	0.000429530364054239 	
61 	 	61 	0.000295555305631466 	
61.0999755859375 	 	61.0999755859375 	0.000203414878399879 	
61.2000122070313 	 	61.2000122070313 	0.000139967630866405 	
61.2999877929688 	 	61.2999877929688 	9.63322178083865E-05 	
61.3999633789063 	 	61.3999633789063 	6.63003030834856E-05 	
61.5 	 	61.5 	4.56206450566209E-05 	
61.5999755859375 	 	61.5999755859375 	3.1398346141147E-05 	
61.7000122070313 	 	61.7000122070313 	2.16049302968921E-05 	
61.7999877929688 	-2.359800000002 	61.7999877929688 	1.48695540480019E-05 	
61.8999633789063 	-2.13580000000366 	61.8999633789063 	1.02339470730804E-05 	
62 	-1.78510000000097 	62 	7.04189012302507E-06 	
62.0999755859375 	-1.74250000000029 	62.0999755859375 	4.84656897504374E-06 	
62.2000122070313 	-1.50930000000153 	62.2000122070313 	3.33493709588895E-06 	
62.2999877929688 	-1.31720000000132 	62.2999877929688 	2.295360044521E-06 	
62.3999633789063 	-1.16500000000087 	62.3999633789063 	1.57981130950448E-06 	
62.5 	-1.15910000000076 	62.5 	1.0870817831945E-06 	
62.5999755859375 	-1.08829999999944 	62.5999755859375 	7.48203563009895E-07 	
62.7000122070313 	-1.03180000000066 	62.7000122070313 	5.14842815083307E-07 	
62.7999877929688 	-0.959599999998318 	62.7999877929688 	3.54349572999886E-07 	
62.8999633789063 	-0.96849999999904 	62.8999633789063 	2.4389588059552E-07 	
63 	-0.928200000002107 	63 	1.6786631159344E-07 	
63.0999755859375 	-0.925500000001193 	63.0999755859375 	1.15585535975777E-07 	
63.2000122070313 	-0.897799999998824 	63.2000122070313 	7.9560934210954E-08 	
63.2999877929688 	-0.886500000000524 	63.2999877929688 	5.47660755920276E-08 	
63.3999633789063 	-0.865300000001298 	63.3999633789063 	3.77023045398412E-08 	
63.5 	-0.850099999999657 	63.5 	2.59531125905675E-08 	
63.5999755859375 	-0.8195999999989 	63.5999755859375 	1.78668016453844E-08 	
63.7000122070313 	-0.793900000000576 	63.7000122070313 	1.22994843463808E-08 	
63.7999877929688 	-0.769100000001345 	63.7999877929688 	8.48046228643364E-09 	
63.8999633789063 	-0.773900000003778 	63.8999633789063 	5.86591998557353E-09 	
64 	-0.765400000000227 	64 	4.07835180728317E-09 	
64.0999755859375 	-0.753900000003341 	64.0999755859375 	2.83288303734932E-09 	
64.2000122070313 	-0.760300000001735 	64.2000122070313 	1.96074825360545E-09 	
64.2999877929688 	-0.763500000000931 	64.2999877929688 	1.35159189378311E-09 	
64.3999633789063 	-0.745299999998679 	64.3999633789063 	9.2990087858867E-10 	
64.5 	-0.722900000000664 	64.5 	6.61574817129692E-10 	
64.5999755859375 	-0.702100000002247 	64.5999755859375 	5.22916428761176E-10 	
64.7000122070313 	-0.702000000001135 	64.7000122070313 	4.40317280309786E-10 	
64.7999877929688 	-0.711999999999534 	64.7999877929688 	3.78173490914475E-10 	
64.8999633789063 	-0.703000000001339 	64.8999633789063 	3.47167196909859E-10 	
65 	-0.697000000003754 	65 	2.76432905467236E-10 	
65.0999755859375 	-0.68829999999798 	65.0999755859375 	2.08870431905938E-10 	
65.2000122070313 	-0.686100000002625 	65.2000122070313 	1.39512231403258E-10 	
65.2999877929688 	-0.683700000001409 	65.2999877929688 	6.84419231107319E-11 	
65.3999633789063 	-0.68289999999979 	65.3999633789063 	2.93693712193249E-11 	
65.5 	-0.678800000001502 	65.5 	5.36568335001816E-12 	
65.5999755859375 	-0.677499999997963 	65.5999755859375 	4.72554314872625E-13 	
65.7000122070313 	-0.671200000000681 	65.7000122070313 	1.26492505235519E-11 	
65.7999877929688 	-0.663800000002084 	65.7999877929688 	2.48899997225424E-11 	
65.8999633789063 	-0.654700000002777 	65.8999633789063 	3.00824519723039E-11 	
66 	-0.658800000001065 	66 	3.10938849972256E-11 	
66.0999755859375 	-0.650100000002567 	66.0999755859375 	2.18969433750106E-11 	
66.2000122070313 	-0.64600000000064 	66.2000122070313 	8.58741309410973E-12 	
66.2999877929688 	-0.644700000004377 	66.2999877929688 	-5.24283614943458E-12 	
66.3999633789063 	-0.644599999999627 	66.3999633789063 	-4.07749385264106E-11 	
66.5 	-0.64350000000195 	66.5 	-8.01931119103978E-11 	
66.5999755859375 	-0.642100000000937 	66.5999755859375 	-1.01329688895226E-10 	
66.7000122070313 	-0.636800000000221 	66.7000122070313 	-1.17131831988839E-10 	
66.7999877929688 	-0.631499999999505 	66.7999877929688 	-1.68813123915742E-10 	
66.8999633789063 	-0.625400000000809 	66.8999633789063 	-2.08408039062028E-10 	
67 	-0.622700000003533 	67 	-2.06188420913171E-10 	
67.0999755859375 	-0.618700000002718 	67.0999755859375 	-2.01280829264509E-10 	
67.2000122070313 	-0.621200000001409 	67.2000122070313 	-2.14845176473295E-10 	
67.2999877929688 	-0.627199999998993 	67.2999877929688 	-2.11537426461651E-10 	
67.3999633789063 	-0.624400000004243 	67.3999633789063 	-1.78456628678414E-10 	
67.5 	-0.619099999999889 	67.5 	-1.47232475939144E-10 	
67.5999755859375 	-0.619200000001001 	67.5999755859375 	-1.17684707314144E-10 	
67.7000122070313 	-0.616799999999785 	67.7000122070313 	-8.68897349504376E-11 	
67.7999877929688 	-0.611300000004121 	67.7999877929688 	-6.01773164251587E-11 	
67.8999633789063 	-0.613600000000588 	67.8999633789063 	-3.17416281230402E-11 	
68 	-0.600800000000163 	68 	-8.55234851653465E-12 	
68.0999755859375 	-0.605200000001787 	68.0999755859375 	5.82437038119348E-12 	
68.2000122070313 	-0.596400000002177 	68.2000122070313 	9.06804695463012E-12 	
68.2999877929688 	-0.596300000001065 	68.2999877929688 	9.87463586219858E-12 	
68.3999633789063 	-0.588800000001356 	68.3999633789063 	6.00836244571694E-12 	
68.5 	-0.60229999999865 	68.5 	9.32517756339726E-13 	
68.5999755859375 	-0.598900000000867 	68.5999755859375 	-3.41621565302821E-12 	
68.7000122070313 	-0.589500000001863 	68.7000122070313 	-1.26509485401469E-11 	
68.7999877929688 	-0.608499999998457 	68.7999877929688 	-1.98387863885723E-11 	
68.8999633789063 	-0.59860000000117 	68.8999633789063 	-2.17781585157894E-11 	
69 	-0.608000000000175 	69 	-1.92232130769274E-11 	
69.0999755859375 	-0.626499999998487 	69.0999755859375 	-1.67840538901577E-11 	
69.2000122070313 	-0.598400000002584 	69.2000122070313 	-1.23738172717128E-11 	
69.2999877929688 	-0.551699999999983 	69.2999877929688 	-7.83094045448826E-12 	
69.3999633789063 	-0.581999999998516 	69.3999633789063 	-2.03274398646866E-12 	
69.5 	-0.620299999998679 	69.5 	5.1156851523224E-12 	
69.5999755859375 	0.641400000000431 	69.5999755859375 	1.03418630070494E-11 	
69.7000122070313 	-1.57909999999902 	69.7000122070313 	1.11650721923695E-11 	
69.7999877929688 	-0.634400000002643 	69.7999877929688 	1.14525521858903E-11 	
69.8999633789063 	-0.273800000002666 	69.8999633789063 	1.09692561688215E-11 	
70 	-0.186000000001513 	70 	9.03470558113673E-12 	
70.0999755859375 	-0.142900000002555 	70.0999755859375 	6.49647941882767E-12 	
70.2000122070313 	-0.123300000002928 	70.2000122070313 	2.23525679194456E-12 	
70.2999877929688 	-0.124700000000303 	70.2999877929688 	-2.07046085612373E-12 	
70.3999633789063 	-0.115300000001298 	70.3999633789063 	-5.007671860863E-12 	
70.5 	-0.0778000000027532 	70.5 	-5.61377538061242E-12 	
70.5999755859375 	-0.0870000000031723 	70.5999755859375 	-1.03636151244551E-11 	
70.7000122070313 	-0.0777999999991152 	70.7000122070313 	-1.5372939723136E-11 	
70.7999877929688 	-0.0640999999995984 	70.7999877929688 	-1.99197057747985E-11 	
70.8999633789063 	-0.0737000000008265 	70.8999633789063 	-2.28812749132804E-11 	
71 	-0.0548000000017055 	71 	-2.26420848431718E-11 	
71.0999755859375 	-0.0259000000005472 	71.0999755859375 	-2.00019873575057E-11 	
71.2000122070313 	-0.0573000000003958 	71.2000122070313 	-2.3231009121057E-11 	
71.2999877929688 	-0.154300000001967 	71.2999877929688 	-2.62191487268051E-11 	
71.3999633789063 	-0.353100000000268 	71.3999633789063 	-2.83250239176761E-11 	
71.5 	0.183599999996659 	71.5 	-2.86028995648676E-11 	
71.5999755859375 	0.317800000000716 	71.5999755859375 	-2.57582790921721E-11 	
71.7000122070313 	0.386399999999412 	71.7000122070313 	-2.18556099736552E-11 	
71.7999877929688 	0.0830999999998312 	71.7999877929688 	-2.17113721617263E-11 	
71.8999633789063 	0.0896999999968102 	71.8999633789063 	-2.12380232177852E-11 	
72 	0.0570999999981723 	72 	-2.02154970588895E-11 	
72.0999755859375 	-0.00890000000072177 	72.0999755859375 	-1.83311515814657E-11 	
72.2000122070313 	-0.155600000001868 	72.2000122070313 	-1.51608817016941E-11 	
72.2999877929688 	-0.25260000000344 	72.2999877929688 	-1.2025521243271E-11 	
72.3999633789063 	-0.375100000001112 	72.3999633789063 	-1.00103193742936E-11 	
72.5 	-0.464599999999336 	72.5 	-8.04713421921968E-12 	
72.5999755859375 	-0.556700000001001 	72.5999755859375 	-6.21203357690961E-12 	
72.7000122070313 	-0.535299999999552 	72.7000122070313 	-4.57847222807087E-12 	
72.7999877929688 	-0.48410000000149 	72.7999877929688 	-3.22527000501557E-12 	
72.8999633789063 	-0.562600000001112 	72.8999633789063 	-2.05666955012829E-12 	
73 	-0.587200000001758 	73 	-1.07794228147454E-12 	
73.0999755859375 	-0.672900000001391 	73.0999755859375 	-3.61483803829624E-13 	
73.2000122070313 	-0.719600000000355 	73.2000122070313 	9.57542125844219E-14 	
73.2999877929688 	-0.717800000002171 	73.2999877929688 	3.1047117478608E-13 	
73.3999633789063 	-0.725099999999657 	73.3999633789063 	3.16982545771724E-13 	
73.5 	-0.713299999999435 	73.5 	-2.06566502573114E-13 	
73.5999755859375 	-0.733700000000681 	73.5999755859375 	-1.14228264667603E-12 	
73.7000122070313 	-0.734199999998964 	73.7000122070313 	-2.38302742027079E-12 	
73.7999877929688 	-0.726599999998143 	73.7999877929688 	-3.86544026114253E-12 	
73.8999633789063 	-0.727600000001985 	73.8999633789063 	-5.50401600467105E-12 	
74 	-0.701300000000629 	74 	-7.18691417175896E-12 	
74.0999755859375 	-0.668600000000879 	74.0999755859375 	-8.77014154083344E-12 	
74.2000122070313 	-0.660800000001473 	74.2000122070313 	-1.00821926186269E-11 	
74.2999877929688 	-0.636000000002241 	74.2999877929688 	-1.09144822167402E-11 	
74.3999633789063 	-0.628700000001118 	74.3999633789063 	-1.10250371665682E-11 	
74.5 	-0.614300000001094 	74.5 	-1.01317540705938E-11 	
74.5999755859375 	-0.598500000003696 	74.5999755859375 	-7.98700184302957E-12 	
74.7000122070313 	-0.588300000003073 	74.7000122070313 	-9.98403979462342E-12 	
74.7999877929688 	-0.582600000001548 	74.7999877929688 	-1.20870726835813E-11 	
74.8999633789063 	-0.578300000001036 	74.8999633789063 	-1.42260611993876E-11 	
75 	-0.563900000001013 	75 	-1.63116616818424E-11 	
75.0999755859375 	-0.550800000000891 	75.0999755859375 	-1.82295207046434E-11 	
75.2000122070313 	-0.53530000000319 	75.2000122070313 	-1.98470729707864E-11 	
75.2999877929688 	-0.522499999999127 	75.2999877929688 	-2.10027543360527E-11 	
75.3999633789063 	-0.507700000001932 	75.3999633789063 	-2.15115656298102E-11 	
75.5 	-0.488900000000285 	75.5 	-2.11585089213188E-11 	
75.5999755859375 	-0.489999999997963 	75.5999755859375 	-1.96992288164972E-11 	
75.7000122070313 	-0.488399999998364 	75.7000122070313 	-1.68549219873991E-11 	
75.7999877929688 	-0.484800000001997 	75.7999877929688 	-1.35818507414031E-11 	
75.8999633789063 	-0.47780000000057 	75.8999633789063 	-1.3891601972761E-11 	
76 	-0.468100000001868 	76 	-1.41423282238613E-11 	
76.0999755859375 	-0.45940000000337 	76.0999755859375 	-1.43124154003234E-11 	
76.2000122070313 	-0.45140000000174 	76.2000122070313 	-1.43754867454403E-11 	
76.2999877929688 	-0.446500000001834 	76.2999877929688 	-1.42991588410784E-11 	
76.3999633789063 	-0.439900000001217 	76.3999633789063 	-1.40449863250593E-11 	
76.5 	-0.443100000000413 	76.5 	-1.35673637604444E-11 	
76.5999755859375 	-0.445400000000518 	76.5999755859375 	-1.2814404741511E-11 	
76.7000122070313 	-0.439500000000407 	76.7000122070313 	-1.17249721243143E-11 	
76.7999877929688 	-0.448400000001129 	76.7999877929688 	-1.02320379471856E-11 	
76.8999633789063 	-0.449000000004162 	76.8999633789063 	-8.25805080156167E-12 	
77 	-0.445199999998295 	77 	-6.52657081263444E-12 	
77.0999755859375 	-0.449499999998807 	77.0999755859375 	-5.6726172703895E-12 	
77.2000122070313 	-0.453300000001036 	77.2000122070313 	-4.82693200078056E-12 	
77.2999877929688 	-0.446900000002643 	77.2999877929688 	-4.0038541689099E-12 	
77.3999633789063 	-0.446500000001834 	77.3999633789063 	-3.2166632289451E-12 	
77.5 	-0.444899999998597 	77.5 	-2.47918356043303E-12 	
77.5999755859375 	-0.444900000002235 	77.5999755859375 	-1.80699314184611E-12 	
77.7000122070313 	-0.442200000001321 	77.7000122070313 	-1.2143340382913E-12 	
77.7999877929688 	-0.438900000001013 	77.7999877929688 	-7.17310245779273E-13 	
77.8999633789063 	-0.437600000001112 	77.8999633789063 	-3.31195057841069E-13 	
78 	-0.437100000002829 	78 	-7.17785370605193E-14 	
78.0999755859375 	-0.437399999998888 	78.0999755859375 	4.45048210587981E-14 	
78.2000122070313 	-0.441800000000512 	78.2000122070313 	5.58701043138385E-13 	
78.2999877929688 	-0.44380000000092 	78.2999877929688 	1.36739454916436E-12 	
78.3999633789063 	-0.443699999999808 	78.3999633789063 	2.194100733794E-12 	
78.5 	-0.444800000001123 	78.5 	3.03304976164861E-12 	
78.5999755859375 	-0.44380000000092 	78.5999755859375 	3.8760084330571E-12 	
78.7000122070313 	-0.441900000001624 	78.7000122070313 	4.71586750722799E-12 	
78.7999877929688 	-0.441700000003038 	78.7999877929688 	5.54254785908138E-12 	
78.8999633789063 	-0.440000000002328 	78.8999633789063 	6.34659227137619E-12 	
79 	-0.439900000001217 	79 	7.11756527082516E-12 	
79.0999755859375 	-0.440300000002026 	79.0999755859375 	7.84270485011238E-12 	
79.2000122070313 	-0.437400000002526 	79.2000122070313 	8.51014240101761E-12 	
79.2999877929688 	-0.43590000000404 	79.2999877929688 	9.10539744108437E-12 	
79.3999633789063 	-0.436000000001513 	79.3999633789063 	9.6143152428729E-12 	
79.5 	-0.435300000001007 	79.5 	1.0021607240428E-11 	
79.5999755859375 	-0.435699999998178 	79.5999755859375 	1.03103434546321E-11 	
79.7000122070313 	-0.429800000001705 	79.7000122070313 	1.04635069180498E-11 	
79.7999877929688 	-0.427000000003318 	79.7999877929688 	1.04626329385777E-11 	
79.8999633789063 	-0.426300000002811 	79.8999633789063 	1.02886677415502E-11 	
80 	-0.425800000000891 	80 	9.92121182802315E-12 	
80.0999755859375 	-0.425400000000081 	80.0999755859375 	9.33966885404399E-12 	
80.2000122070313 	-0.422299999998359 	80.2000122070313 	8.52134373005256E-12 	
80.2999877929688 	-0.41990000000078 	80.2999877929688 	7.44434547315099E-12 	
80.3999633789063 	-0.42069999999876 	80.3999633789063 	6.08444933885954E-12 	
80.5 	-0.419200000000274 	80.5 	4.79192307487772E-12 	
80.5999755859375 	-0.417799999999261 	80.5999755859375 	5.08757149564623E-12 	
80.7000122070313 	-0.419500000003609 	80.7000122070313 	5.38413991209E-12 	
80.7999877929688 	-0.420600000001286 	80.7999877929688 	5.67813197726341E-12 	
80.8999633789063 	-0.423500000000786 	80.8999633789063 	5.96624799429801E-12 	
81 	-0.420300000001589 	81 	6.24482567145075E-12 	
81.0999755859375 	-0.419000000001688 	81.0999755859375 	6.50934662862939E-12 	
81.2000122070313 	-0.418799999999464 	81.2000122070313 	6.7556036864895E-12 	
81.2999877929688 	-0.415799999998853 	81.2999877929688 	6.97842184260145E-12 	
81.3999633789063 	-0.411000000000058 	81.3999633789063 	7.17273756219984E-12 	
81.5 	-0.405600000001868 	81.5 	7.33306945351587E-12 	
81.5999755859375 	-0.405100000003586 	81.5999755859375 	7.45330337838303E-12 	
81.7000122070313 	-0.407299999998941 	81.7000122070313 	7.52731451803553E-12 	
81.7999877929688 	-0.407300000002579 	81.7999877929688 	7.54839800596867E-12 	
81.8999633789063 	-0.405800000000454 	81.8999633789063 	7.50965472886452E-12 	
82 	-0.406600000002072 	82 	7.40369121064005E-12 	
82.0999755859375 	-0.406600000002072 	82.0999755859375 	7.22297821353366E-12 	
82.2000122070313 	-0.40570000000298 	82.2000122070313 	6.95928199744165E-12 	
82.2999877929688 	-0.404099999999744 	82.2999877929688 	6.60456973713819E-12 	
82.3999633789063 	-0.401900000000751 	82.3999633789063 	6.15000844312472E-12 	
82.5 	-0.402400000002672 	82.5 	5.58617301374302E-12 	
82.5999755859375 	-0.40060000000085 	82.5999755859375 	4.90435288406057E-12 	
82.7000122070313 	-0.400700000001962 	82.7000122070313 	4.09396099677422E-12 	
82.7999877929688 	-0.400399999998626 	82.7999877929688 	3.14589158723592E-12 	
82.8999633789063 	-0.400300000001153 	82.8999633789063 	2.78616056744394E-12 	
83 	-0.401700000002165 	83 	2.70183922308195E-12 	
83.0999755859375 	-0.401300000001356 	83.0999755859375 	2.61857578482013E-12 	
83.2000122070313 	-0.402100000002974 	83.2000122070313 	2.53610824951636E-12 	
83.2999877929688 	-0.402900000000955 	83.2999877929688 	2.45433177321563E-12 	
83.3999633789063 	-0.401600000001054 	83.3999633789063 	2.37294518504668E-12 	
83.5 	-0.40230000000156 	83.5 	2.29160297123444E-12 	
83.5999755859375 	-0.401200000003882 	83.5999755859375 	2.21006312589382E-12 	
83.7000122070313 	-0.399300000000949 	83.7000122070313 	2.12783924235366E-12 	
83.7999877929688 	-0.394300000003568 	83.7999877929688 	2.04459985554971E-12 	
83.8999633789063 	-0.393800000001647 	83.8999633789063 	1.95981820926658E-12 	
84 	-0.388400000003458 	84 	1.87291848535568E-12 	
84.0999755859375 	-0.385300000001735 	84.0999755859375 	1.78343913572675E-12 	
84.2000122070313 	-0.380700000001525 	84.2000122070313 	1.6906575515261E-12 	
84.2999877929688 	-0.379500000002736 	84.2999877929688 	1.59402882699812E-12 	
84.3999633789063 	-0.378199999999197 	84.3999633789063 	1.49279437570998E-12 	
84.5 	-0.377599999999802 	84.5 	1.38613906715932E-12 	
84.5999755859375 	-0.377500000002328 	84.5999755859375 	1.27339913633995E-12 	
84.7000122070313 	-0.377900000003137 	84.7000122070313 	1.15359706516204E-12 	
84.7999877929688 	-0.376000000000204 	84.7999877929688 	1.02599459599658E-12 	
84.8999633789063 	-0.374599999999191 	84.8999633789063 	8.89591613119997E-13 	
85 	-0.374700000000303 	85 	7.4332121149579E-13 	
85.0999755859375 	-0.375599999999395 	85.0999755859375 	5.86341642891225E-13 	
85.2000122070313 	-0.375200000002224 	85.2000122070313 	4.44304671308046E-13 	
85.2999877929688 	-0.378200000002835 	85.2999877929688 	3.82100579744975E-13 	
85.3999633789063 	-0.382800000003044 	85.3999633789063 	3.23928380090171E-13 	
85.5 	-0.379500000002736 	85.5 	2.69776136340899E-13 	
85.5999755859375 	-0.379300000000512 	85.5999755859375 	2.19717590126918E-13 	
85.7000122070313 	-0.384000000001834 	85.7000122070313 	1.73687065297198E-13 	
85.7999877929688 	-0.384399999999005 	85.7999877929688 	1.31723967071521E-13 	
85.8999633789063 	-0.375800000001618 	85.8999633789063 	9.37700122713263E-14 	
86 	-0.37130000000252 	86 	5.97644891785077E-14 	
86.0999755859375 	-0.358799999998155 	86.0999755859375 	2.96954944086265E-14 	
86.2000122070313 	-0.340000000003783 	86.2000122070313 	3.46064851640704E-15 	
86.2999877929688 	-0.317900000001828 	86.2999877929688 	-1.89858599317136E-14 	
86.3999633789063 	-0.30199999999968 	86.3999633789063 	-3.77511969525594E-14 	
86.5 	-0.279099999999744 	86.5 	-5.29457581331557E-14 	
86.5999755859375 	-0.265500000001339 	86.5999755859375 	-6.46654619041802E-14 	
86.7000122070313 	-0.245600000002014 	86.7000122070313 	-7.30513937651589E-14 	
86.7999877929688 	-0.227600000001985 	86.7999877929688 	-7.823220625095E-14 	
86.8999633789063 	-0.199499999998807 	86.8999633789063 	-8.03650428230933E-14 	
87 	-0.218300000000454 	87 	-7.96118230143194E-14 	
87.0999755859375 	-0.221600000000763 	87.0999755859375 	-7.61489864871175E-14 	
87.2000122070313 	-0.237700000001496 	87.2000122070313 	-7.01601914017361E-14 	
87.2999877929688 	-0.238099999998667 	87.2999877929688 	-6.18526919958116E-14 	
87.3999633789063 	-0.2612999999983 	87.3999633789063 	-5.14356357052868E-14 	
87.5 	-0.272200000003068 	87.5 	-3.91252380086151E-14 	
87.5999755859375 	-0.291800000002695 	87.5999755859375 	-1.04493417877337E-14 	
87.7000122070313 	-0.334999999999127 	87.7000122070313 	2.58470670590117E-14 	
87.7999877929688 	-0.380800000002637 	87.7999877929688 	6.56575956398712E-14 	
87.8999633789063 	-0.437900000000809 	87.8999633789063 	1.08816028824707E-13 	
88 	-0.437600000001112 	88 	1.55151501465834E-13 	
88.0999755859375 	-0.4416999999994 	88.0999755859375 	2.04394497666638E-13 	
88.2000122070313 	-0.417799999999261 	88.2000122070313 	2.56379165593698E-13 	
88.2999877929688 	-0.377700000000914 	88.2999877929688 	3.10803457823435E-13 	
88.3999633789063 	-0.35740000000078 	88.3999633789063 	3.67446984359906E-13 	
88.5 	-0.354400000000169 	88.5 	4.26081948553323E-13 	
88.5999755859375 	-0.35910000000149 	88.5999755859375 	4.86359734734695E-13 	
88.7000122070313 	-0.357600000003004 	88.7000122070313 	5.48063821146121E-13 	
88.7999877929688 	-0.365799999999581 	88.7999877929688 	6.10816208941947E-13 	
88.8999633789063 	-0.339300000003277 	88.8999633789063 	6.74338789296364E-13 	
89 	-0.288400000001275 	89 	7.3834250762617E-13 	
89.0999755859375 	-0.249100000000908 	89.0999755859375 	8.02408105765669E-13 	
89.2000122070313 	-0.179000000000087 	89.2000122070313 	8.66259543463466E-13 	
89.2999877929688 	-0.162100000001374 	89.2999877929688 	9.29452110314182E-13 	
89.3999633789063 	-0.17870000000039 	89.3999633789063 	9.91645456524458E-13 	
89.5 	-0.250700000000506 	89.5 	1.0524839649727E-12 	
89.5999755859375 	-0.332600000001548 	89.5999755859375 	1.11148814861948E-12 	
89.7000122070313 	-0.393899999999121 	89.7000122070313 	1.16831164380361E-12 	
89.7999877929688 	-0.445700000000215 	89.7999877929688 	1.22245422476961E-12 	
89.8999633789063 	-0.475600000001577 	89.8999633789063 	1.27350780044525E-12 	
90 	-0.484700000000885 	90 	1.32104390839193E-12 	
90.0999755859375 	-0.453600000000733 	90.0999755859375 	1.36453520266674E-12 	
90.2000122070313 	-0.368399999999383 	90.2000122070313 	1.4035522349351E-12 	
90.2999877929688 	-0.325800000002346 	90.2999877929688 	1.43755241664839E-12 	
90.3999633789063 	-0.325500000002648 	90.3999633789063 	1.46605343697048E-12 	
90.5 	-0.352599999998347 	90.5 	1.48854672719356E-12 	
90.5999755859375 	-0.370000000002619 	90.5999755859375 	1.50447140878874E-12 	
90.7000122070313 	-0.379000000000815 	90.7000122070313 	1.5133002311372E-12 	
90.7999877929688 	-0.390400000003865 	90.7999877929688 	1.51446335180136E-12 	
90.8999633789063 	-0.376400000001013 	90.8999633789063 	1.50739678352261E-12 	
91 	-0.365799999999581 	91 	1.49150361219798E-12 	
91.0999755859375 	-0.348200000000361 	91.0999755859375 	1.46620570937747E-12 	
91.2000122070313 	-0.332500000000437 	91.2000122070313 	1.43086134819984E-12 	
91.2999877929688 	-0.328200000003562 	91.2999877929688 	1.38489049759005E-12 	
91.3999633789063 	-0.338999999999942 	91.3999633789063 	1.32763905903475E-12 	
91.5 	-0.345300000000861 	91.5 	1.25841255573627E-12 	
91.5999755859375 	-0.349000000001979 	91.5999755859375 	1.17663384833562E-12 	
91.7000122070313 	-0.35280000000057 	91.7000122070313 	1.08152810342365E-12 	
91.7999877929688 	-0.369399999999587 	91.7999877929688 	9.725241228867E-13 	
91.8999633789063 	-0.372200000001612 	91.8999633789063 	8.48868283950726E-13 	
92 	-0.38470000000234 	92 	7.09758351650208E-13 	
92.0999755859375 	-0.37960000000021 	92.0999755859375 	5.54638371076528E-13 	
92.2000122070313 	-0.370500000000902 	92.2000122070313 	5.96077604262363E-13 	
92.2999877929688 	-0.364900000004127 	92.2999877929688 	9.02538333671266E-13 	
92.3999633789063 	-0.366099999999278 	92.3999633789063 	1.22352107190961E-12 	
92.5 	-0.357100000001083 	92.5 	1.55914299536246E-12 	
92.5999755859375 	-0.36200000000099 	92.5999755859375 	1.9088839524909E-12 	
92.7000122070313 	-0.3679000000011 	92.7000122070313 	2.27304168468858E-12 	
92.7999877929688 	-0.373199999998178 	92.7999877929688 	2.6510240578482E-12 	
92.8999633789063 	-0.367700000002515 	92.8999633789063 	3.04288267281075E-12 	
93 	-0.367099999999482 	93 	3.44868442927721E-12 	
93.0999755859375 	-0.357600000003004 	93.0999755859375 	3.86773064007503E-12 	
93.2000122070313 	-0.350400000002992 	93.2000122070313 	4.30031069451685E-12 	
93.2999877929688 	-0.341300000000047 	93.2999877929688 	4.74565606747493E-12 	
93.3999633789063 	-0.32930000000124 	93.3999633789063 	5.20376754678937E-12 	
93.5 	-0.319600000002538 	93.5 	5.67465850779282E-12 	
93.5999755859375 	-0.295200000000477 	93.5999755859375 	6.1574579395503E-12 	
93.7000122070313 	-0.278200000000652 	93.7000122070313 	6.6524401002545E-12 	
93.7999877929688 	-0.263600000002043 	93.7999877929688 	7.15866741996382E-12 	
93.8999633789063 	-0.268700000000536 	93.8999633789063 	7.67608634216282E-12 	
94 	-0.278200000000652 	94 	8.20465205229943E-12 	
94.0999755859375 	-0.282800000000861 	94.0999755859375 	8.74333026321175E-12 	
94.2000122070313 	-0.286800000001676 	94.2000122070313 	9.29237048726958E-12 	
94.2999877929688 	-0.288300000003801 	94.2999877929688 	9.85067629158793E-12 	
94.3999633789063 	-0.298500000000786 	94.3999633789063 	1.04181348261091E-11 	
94.5 	-0.29490000000078 	94.5 	1.09946370030478E-11 	
94.5999755859375 	-0.299399999999878 	94.5999755859375 	1.15789971422151E-11 	
94.7000122070313 	-0.305800000001909 	94.7000122070313 	1.21714275597906E-11 	
94.7999877929688 	-0.308600000000297 	94.7999877929688 	1.27706859774808E-11 	
94.8999633789063 	-0.303000000003522 	94.8999633789063 	1.33765938846668E-11 	
95 	-0.303200000002107 	95 	1.39889704191493E-11 	
95.0999755859375 	-0.324600000003556 	95.0999755859375 	1.46064932265769E-11 	
95.2000122070313 	-0.359800000001997 	95.2000122070313 	1.52293221409069E-11 	
95.2999877929688 	-0.391500000001543 	95.2999877929688 	1.58560848916366E-11 	
95.3999633789063 	-0.390599999998813 	95.3999633789063 	1.64865295227349E-11 	
95.5 	-0.390299999999115 	95.5 	1.71203944785759E-11 	
95.5999755859375 	-0.370600000002014 	95.5999755859375 	1.77562382851739E-11 	
95.7000122070313 	-0.339600000002974 	95.7000122070313 	1.83941501725681E-11 	
95.7999877929688 	-0.309000000001106 	95.7999877929688 	1.903264656691E-11 	
95.8999633789063 	-0.285900000002584 	95.8999633789063 	1.96713928640734E-11 	
96 	-0.274099999998725 	96 	2.03100364781602E-11 	
96.0999755859375 	-0.264300000002549 	96.0999755859375 	2.09470372057437E-11 	
96.2000122070313 	-0.236800000002404 	96.2000122070313 	2.15823927155846E-11 	
96.2999877929688 	-0.225400000002992 	96.2999877929688 	2.22145296550165E-11 	
96.3999633789063 	-0.210900000001857 	96.3999633789063 	2.28430201513025E-11 	
96.5 	-0.214600000002974 	96.5 	2.34674088335954E-11 	
96.5999755859375 	-0.234499999998661 	96.5999755859375 	2.40860799948846E-11 	
96.7000122070313 	-0.251800000001822 	96.7000122070313 	2.46989159496275E-11 	
96.7999877929688 	-0.269000000000233 	96.7999877929688 	2.5304277926532E-11 	
96.8999633789063 	-0.279500000000553 	96.8999633789063 	2.59016327459031E-11 	
97 	-0.282500000001164 	97 	2.64904090794352E-11 	
97.0999755859375 	-0.291100000002189 	97.0999755859375 	2.70689417780553E-11 	
97.2000122070313 	-0.28530000000319 	97.2000122070313 	2.76369711732282E-11 	
97.2999877929688 	-0.282400000000052 	97.2999877929688 	2.81928202708931E-11 	
97.3999633789063 	-0.281399999999849 	97.3999633789063 	2.8735837128217E-11 	
97.5 	-0.278700000002573 	97.5 	2.9265319869094E-11 	
97.5999755859375 	-0.28070000000298 	97.5999755859375 	2.97795827995751E-11 	
97.7000122070313 	-0.284800000001269 	97.7000122070313 	3.0278194803779E-11 	
97.7999877929688 	-0.281800000000658 	97.7999877929688 	3.07594706963969E-11 	
97.8999633789063 	-0.276700000002165 	97.8999633789063 	3.12226248974461E-11 	
98 	-0.27480000000287 	98 	3.16668089748469E-11 	
98.0999755859375 	-0.273199999999633 	98.0999755859375 	3.20903484226239E-11 	
98.2000122070313 	-0.277000000001863 	98.2000122070313 	3.24926083775327E-11 	
98.2999877929688 	-0.278600000001461 	98.2999877929688 	3.28719283302012E-11 	
98.3999633789063 	-0.274499999999534 	98.3999633789063 	3.32273727716533E-11 	
98.5 	-0.266900000002352 	98.5 	3.35579292878292E-11 	
98.5999755859375 	-0.26600000000326 	98.5999755859375 	3.38619691292424E-11 	
98.7000122070313 	-0.267500000001746 	98.7000122070313 	3.41386185496026E-11 	
98.7999877929688 	-0.269000000003871 	98.7999877929688 	3.43862774183244E-11 	
98.8999633789063 	-0.26929999999993 	98.8999633789063 	3.46038425877619E-11 	
99 	-0.272799999998824 	99 	3.47901188180373E-11 	
99.0999755859375 	-0.278800000003685 	99.0999755859375 	3.49435605203318E-11 	
99.2000122070313 	-0.276100000002771 	99.2000122070313 	3.50630170939626E-11 	
99.2999877929688 	-0.274399999998423 	99.2999877929688 	3.51469873256454E-11 	
99.3999633789063 	-0.27809999999954 	99.3999633789063 	3.51941813015558E-11 	
99.5 	-0.274900000000343 	99.5 	3.52032006943278E-11 	
99.5999755859375 	-0.271100000001752 	99.5999755859375 	3.51726233156536E-11 	
99.7000122070313 	-0.266100000000733 	99.7000122070313 	3.51009809034474E-11 	
99.7999877929688 	-0.26390000000174 	99.7999877929688 	3.49869125359038E-11 	
99.8999633789063 	-0.264400000000023 	99.8999633789063 	3.48289209876796E-11 	
100 	-0.264700000003359 	100 	3.46253831644182E-11 	
100.099975585938 	-0.261200000000827 	100.099975585938 	3.43750433538304E-11 	
100.200012207031 	-0.260800000000017 	100.200012207031 	3.40760719897521E-11 	
100.299987792969 	-0.261600000001636 	100.299987792969 	3.37272926516997E-11 	
100.399963378906 	-0.259400000002643 	100.399963378906 	3.33269788396384E-11 	
100.5 	-0.258100000002742 	100.5 	3.28732595948864E-11 	
100.599975585938 	-0.260900000001129 	100.599975585938 	3.2365091592345E-11 	
100.700012207031 	-0.258900000000722 	100.700012207031 	3.18002374834326E-11 	
100.799987792969 	-0.257700000001932 	100.799987792969 	3.11777523944939E-11 	
100.899963378906 	-0.256000000001222 	100.899963378906 	3.0495657169798E-11 	
101 	-0.252100000001519 	101 	2.9751808471171E-11 	
101.099975585938 	-0.251400000001013 	101.099975585938 	2.8945424107541E-11 	
101.200012207031 	-0.252700000000914 	101.200012207031 	2.80738096339051E-11 	
101.299987792969 	-0.255900000000111 	101.299987792969 	2.71363016046078E-11 	
101.399963378906 	-0.249900000002526 	101.399963378906 	2.61306434093848E-11 	
101.5 	-0.247599999998783 	101.5 	2.50543933975711E-11 	
101.599975585938 	-0.249000000003434 	101.599975585938 	2.39070820946226E-11 	
101.700012207031 	-0.24539999999979 	101.700012207031 	2.26855058094466E-11 	
101.799987792969 	-0.24380000000383 	101.799987792969 	2.13893352412233E-11 	
101.899963378906 	-0.243500000000495 	101.899963378906 	2.00160101084856E-11 	
102 	-0.243200000000797 	102 	1.85627630972465E-11 	
102.099975585938 	-0.242699999998877 	102.099975585938 	1.70294918676545E-11 	
102.200012207031 	-0.242300000001705 	102.200012207031 	1.54124284971947E-11 	
102.299987792969 	-0.246800000000803 	102.299987792969 	1.3711633382383E-11 	
102.399963378906 	-0.247900000002119 	102.399963378906 	1.1924214936048E-11 	
102.5 	-0.244900000001508 	102.5 	1.00470514122175E-11 	
102.599975585938 	-0.246399999999994 	102.599975585938 	8.08046485956203E-12 	
102.700012207031 	-0.248300000002928 	102.700012207031 	6.02006530314759E-12 	
102.799987792969 	-0.250500000001921 	102.799987792969 	6.31585389555843E-12 	
102.899963378906 	-0.250100000001112 	102.899963378906 	7.08445691774676E-12 	
103 	-0.250299999999697 	103 	7.86173789923514E-12 	
103.099975585938 	-0.24829999999929 	103.099975585938 	8.64633322008162E-12 	
103.200012207031 	-0.247800000001007 	103.200012207031 	9.43877535112784E-12 	
103.299987792969 	-0.250300000003335 	103.299987792969 	1.02376620981204E-11 	
103.399963378906 	-0.250400000000809 	103.399963378906 	1.10430297268338E-11 	
103.5 	-0.250599999999395 	103.5 	1.18549202887471E-11 	
103.599975585938 	-0.253700000001118 	103.599975585938 	1.26718777498647E-11 	
103.700012207031 	-0.254100000001927 	103.700012207031 	1.34944238728923E-11 	
103.799987792969 	-0.253800000002229 	103.799987792969 	1.43210695474953E-11 	
103.899963378906 	-0.253899999999703 	103.899963378906 	1.51518199505646E-11 	
104 	-0.252599999999802 	104 	1.59866802412391E-11 	
104.099975585938 	-0.249700000000303 	104.099975585938 	1.68241161750707E-11 	
104.200012207031 	-0.250200000002224 	104.200012207031 	1.76646242966568E-11 	
104.299987792969 	-0.247800000001007 	104.299987792969 	1.85066433959245E-11 	
104.399963378906 	-0.245900000001711 	104.399963378906 	1.93501402292797E-11 	
104.5 	-0.242300000001705 	104.5 	2.01950751192697E-11 	
104.599975585938 	-0.24210000000312 	104.599975585938 	2.10398513463568E-11 	
104.700012207031 	-0.241500000000087 	104.700012207031 	2.18849241952967E-11 	
104.799987792969 	-0.237499999999272 	104.799987792969 	2.27286767043825E-11 	
104.899963378906 	-0.237300000000687 	104.899963378906 	2.35710291120519E-11 	
105 	-0.237900000000081 	105 	2.44118881941302E-11 	
105.099975585938 	-0.237199999999575 	105.099975585938 	2.52496120231131E-11 	
105.200012207031 	-0.238000000001193 	105.200012207031 	2.60845970504205E-11 	
105.299987792969 	-0.236300000000483 	105.299987792969 	2.69151884425763E-11 	
105.399963378906 	-0.240800000003219 	105.399963378906 	2.77412510566871E-11 	
105.5 	-0.23960000000443 	105.5 	2.85626286458449E-11 	
105.599975585938 	-0.2358000000022 	105.599975585938 	2.93776528734624E-11 	
105.700012207031 	-0.232700000000477 	105.700012207031 	3.01866422523694E-11 	
105.799987792969 	-0.234800000001997 	105.799987792969 	3.09879234889457E-11 	
105.899963378906 	-0.233800000001793 	105.899963378906 	3.17812964297237E-11 	
106 	-0.231999999999971 	106 	3.25665315631707E-11 	
106.099975585938 	-0.231700000000274 	106.099975585938 	3.33419544742601E-11 	
106.200012207031 	-0.228300000002491 	106.200012207031 	3.41077851002173E-11 	
106.299987792969 	-0.230300000002899 	106.299987792969 	3.48623526306635E-11 	
106.399963378906 	-0.227899999998044 	106.399963378906 	3.56053815064329E-11 	
106.5 	-0.227400000003399 	106.5 	3.6336557943597E-11 	
106.599975585938 	-0.226300000002084 	106.599975585938 	3.70542233110946E-11 	
106.700012207031 	-0.225399999999354 	106.700012207031 	3.7758476801771E-11 	
106.799987792969 	-0.226999999998952 	106.799987792969 	3.84476725636348E-11 	
106.899963378906 	-0.226900000001478 	106.899963378906 	3.91214484708188E-11 	
107 	-0.228600000002189 	107 	3.97793946933465E-11 	
107.099975585938 	-0.22820000000138 	107.099975585938 	4.04198917782871E-11 	
107.200012207031 	-0.227200000001176 	107.200012207031 	4.10428944735699E-11 	
107.299987792969 	-0.22780000000057 	107.299987792969 	4.16468058924979E-11 	
107.399963378906 	-0.230999999999767 	107.399963378906 	4.22311654156182E-11 	
107.5 	-0.234500000002299 	107.5 	4.27954546273742E-11 	
107.599975585938 	-0.234800000001997 	107.599975585938 	4.33381181788913E-11 	
107.700012207031 	-0.234500000002299 	107.700012207031 	4.38589411408861E-11 	
107.799987792969 	-0.238300000000891 	107.799987792969 	4.43564011306236E-11 	
107.899963378906 	-0.242400000002817 	107.899963378906 	4.48299263423007E-11 	
108 	-0.23750000000291 	108 	4.52788764693681E-11 	
108.099975585938 	-0.23700000000099 	108.099975585938 	4.57017867246938E-11 	
108.200012207031 	-0.238900000000285 	108.200012207031 	4.60982457377248E-11 	
108.299987792969 	-0.233299999999872 	108.299987792969 	4.64668327001156E-11 	
108.399963378906 	-0.221300000001065 	108.399963378906 	4.68068511610686E-11 	
108.5 	-0.216300000000047 	108.5 	4.71175248517489E-11 	
108.599975585938 	-0.215899999999237 	108.599975585938 	4.7397507536214E-11 	
108.700012207031 	-0.215800000001764 	108.700012207031 	4.76461631068236E-11 	
108.799987792969 	-0.209599999998318 	108.799987792969 	4.78622009318102E-11 	
108.899963378906 	-0.207600000001548 	108.899963378906 	4.80447856908568E-11 	
109 	-0.207100000003265 	109 	4.819299031567E-11 	
109.099975585938 	-0.201100000002043 	109.099975585938 	4.8305616642704E-11 	
109.200012207031 	-0.198700000000827 	109.200012207031 	4.83817739996531E-11 	
109.299987792969 	-0.199000000004162 	109.299987792969 	4.84203320652768E-11 	
109.399963378906 	-0.197199999998702 	109.399963378906 	4.84203016593334E-11 	
109.5 	-0.198200000002544 	109.5 	4.83805893110177E-11 	
109.599975585938 	-0.196700000004057 	109.599975585938 	4.83001759821488E-11 	
109.700012207031 	-0.193400000000111 	109.700012207031 	4.81778850764165E-11 	
109.799987792969 	-0.190800000003946 	109.799987792969 	4.80127782488171E-11 	
109.899963378906 	-0.18840000000273 	109.899963378906 	4.78036967028988E-11 	
110 	-0.189699999998993 	110 	4.75493641964109E-11 	
110.099975585938 	-0.187400000002526 	110.099975585938 	4.72489734012659E-11 	
110.200012207031 	-0.186200000003737 	110.200012207031 	4.69010289060498E-11 	
110.299987792969 	-0.186900000000605 	110.299987792969 	4.65048175394659E-11 	
110.399963378906 	-0.181000000000495 	110.399963378906 	4.60589943666865E-11 	
110.5 	-0.18670000000202 	110.5 	4.55620832392015E-11 	
110.599975585938 	-0.181499999998778 	110.599975585938 	4.50135226555058E-11 	
110.700012207031 	-0.179900000002817 	110.700012207031 	4.44114639662219E-11 	
110.799987792969 	-0.182300000000396 	110.799987792969 	4.37554539029907E-11 	
110.899963378906 	-0.183700000001409 	110.899963378906 	4.30439441045625E-11 	
111 	-0.184100000002218 	111 	4.22752406154738E-11 	
111.099975585938 	-0.186000000001513 	111.099975585938 	4.14490634090516E-11 	
111.200012207031 	-0.187700000002224 	111.200012207031 	4.05631746433343E-11 	
111.299987792969 	-0.191600000001927 	111.299987792969 	3.96174172138917E-11 	
111.399963378906 	-0.194000000003143 	111.399963378906 	3.86100212791258E-11 	
111.5 	-0.189100000003236 	111.5 	3.75390564100452E-11 	
111.599975585938 	-0.191300000002229 	111.599975585938 	3.64045612348193E-11 	
111.700012207031 	-0.196400000000722 	111.700012207031 	3.52038712325213E-11 	
111.799987792969 	-0.191200000001118 	111.799987792969 	3.39371632554018E-11 	
111.899963378906 	-0.190000000002328 	111.899963378906 	3.2602427161708E-11 	
112 	-0.191900000001624 	112 	3.11974766164657E-11 	
112.099975585938 	-0.190300000002026 	112.099975585938 	2.97227076144575E-11 	
112.200012207031 	-0.186400000002322 	112.200012207031 	2.817498993765E-11 	
112.299987792969 	-0.181400000001304 	112.299987792969 	2.65548737194869E-11 	
112.399963378906 	-0.183900000003632 	112.399963378906 	2.48600889323735E-11 	
112.5 	-0.187099999999191 	112.5 	2.30881731370181E-11 	
112.599975585938 	-0.186600000000908 	112.599975585938 	2.12399199383478E-11 	
112.700012207031 	-0.191399999999703 	112.700012207031 	1.93116928713203E-11 	
112.799987792969 	-0.192300000002433 	112.799987792969 	1.73044562068453E-11 	
112.899963378906 	-0.197700000004261 	112.899963378906 	1.52156596799195E-11 	
113 	-0.197900000002846 	113 	1.3042543782718E-11 	
113.099975585938 	-0.199199999999109 	113.099975585938 	1.07863415056044E-11 	
113.200012207031 	-0.203499999999622 	113.200012207031 	8.44286805486466E-12 	
113.299987792969 	-0.211299999999028 	113.299987792969 	6.59233666466036E-12 	
113.399963378906 	-0.218800000002375 	113.399963378906 	6.7049054528971E-12 	
113.5 	-0.219999999997526 	113.5 	6.81813154625062E-12 	
113.599975585938 	-0.219100000002072 	113.599975585938 	6.9318029762787E-12 	
113.700012207031 	-0.223200000000361 	113.700012207031 	7.04598334658492E-12 	
113.799987792969 	-0.22110000000248 	113.799987792969 	7.16045687507074E-12 	
113.899963378906 	-0.220300000004499 	113.899963378906 	7.27521536222544E-12 	
114 	-0.226300000002084 	114 	7.39024997910861E-12 	
114.099975585938 	-0.234799999998359 	114.099975585938 	7.50533992783533E-12 	
114.200012207031 	-0.238199999999779 	114.200012207031 	7.62054391605028E-12 	
114.299987792969 	-0.240000000001601 	114.299987792969 	7.73563828999819E-12 	
114.399963378906 	-0.237100000002101 	114.399963378906 	7.85060897686502E-12 	
114.5 	-0.229400000003807 	114.5 	7.96544027634091E-12 	
114.599975585938 	-0.230100000000675 	114.599975585938 	8.07990501605963E-12 	
114.700012207031 	-0.22820000000138 	114.700012207031 	8.19405451231299E-12 	
114.799987792969 	-0.228300000002491 	114.799987792969 	8.30765977551553E-12 	
114.899963378906 	-0.233899999999267 	114.899963378906 	8.4206996017417E-12 	
115 	-0.226699999999255 	115 	8.53315008065114E-12 	
115.099975585938 	-0.220700000001671 	115.099975585938 	8.64478032250823E-12 	
115.200012207031 	-0.220900000003894 	115.200012207031 	8.7556315547075E-12 	
115.299987792969 	-0.216700000000856 	115.299987792969 	8.8654721898102E-12 	
115.399963378906 	-0.221499999999651 	115.399963378906 	8.97427253389586E-12 	
115.5 	-0.221499999999651 	115.5 	9.08199902685752E-12 	
115.599975585938 	-0.207099999999627 	115.599975585938 	9.18841992085232E-12 	
115.700012207031 	-0.1733000000022 	115.700012207031 	9.29356345468277E-12 	
115.799987792969 	-0.143200000002253 	115.799987792969 	9.39719838318414E-12 	
115.899963378906 	-0.130500000002939 	115.899963378906 	9.49928506248248E-12 	
116 	-0.130500000002939 	116 	9.59977874189279E-12 	
116.099975585938 	-0.13039999999819 	116.099975585938 	9.69844987687762E-12 	
116.200012207031 	 	116.200012207031 	9.79531061580234E-12 	
116.299987792969 	 	116.299987792969 	9.89013319805389E-12 	
116.399963378906 	 	116.399963378906 	9.98286646877102E-12 	
116.5 	 	116.5 	1.00734528448043E-11 	
116.599975585938 	 	116.599975585938 	1.01616682484844E-11 	
116.700012207031 	 	116.700012207031 	1.02475054337443E-11 	
116.799987792969 	 	116.799987792969 	1.03307434689505E-11 	
116.899963378906 	 	116.899963378906 	1.04113180261456E-11 	
117 	 	117 	1.04113180261456E-11 	
117.099975585938 	 	117.099975585938 	0.026614769881359 	
117.200012207031 	 	117.200012207031 	0.0449352892317374 	
117.299987792969 	 	117.299987792969 	0.0575308208873866 	
117.399963378906 	 	117.399963378906 	0.066196709558325 	
117.5 	 	117.5 	0.0721619536158533 	
117.599975585938 	 	117.599975585938 	0.0762631163541774 	
117.700012207031 	 	117.700012207031 	0.079086189393683 	
117.799987792969 	 	117.799987792969 	0.0810270796690453 	
117.899963378906 	 	117.899963378906 	0.0823624372327729 	
118 	 	118 	0.083281642971108 	
118.099975585938 	 	118.099975585938 	0.0839136043926182 	
118.200012207031 	 	118.200012207031 	0.0843486215010469 	
118.299987792969 	 	118.299987792969 	0.0846477002428795 	
118.399963378906 	 	118.399963378906 	0.0848534704930834 	
118.5 	 	118.5 	0.0849951144961058 	
118.599975585938 	 	118.599975585938 	0.0850924962213303 	
118.700012207031 	2.31589999999778 	118.700012207031 	0.0851595298684267 	
118.799987792969 	2.06920000000173 	118.799987792969 	0.0852056152160602 	
118.899963378906 	1.70899999999892 	118.899963378906 	0.0852373228392081 	
119 	1.48500000000058 	119 	0.085259149469709 	
119.099975585938 	1.43949999999677 	119.099975585938 	0.085274155544372 	
119.200012207031 	1.25429999999687 	119.200012207031 	0.0852844852685731 	
119.299987792969 	1.1281999999992 	119.299987792969 	0.0852915871041029 	
119.399963378906 	1.00039999999717 	119.399963378906 	0.085296473267491 	
119.5 	0.809199999999691 	119.5 	0.0852998362037141 	
119.599975585938 	0.606700000000274 	119.599975585938 	0.0853021481078108 	
119.700012207031 	0.647899999999936 	119.700012207031 	0.085303739997794 	
119.799987792969 	0.648600000000442 	119.799987792969 	0.0853048345898723 	
119.899963378906 	0.591300000000047 	119.899963378906 	0.0853055876568417 	
120 	0.569199999998091 	120 	0.0853061061222893 	
120.099975585938 	0.535499999998137 	120.099975585938 	0.0853064626336445 	
120.200012207031 	0.514499999997497 	120.200012207031 	0.0853067078320787 	
120.299987792969 	0.472399999998743 	120.299987792969 	0.085306876023836 	
120.399963378906 	0.43579999999929 	120.399963378906 	0.0853069916760837 	
120.5 	0.389299999998912 	120.5 	0.0853070715979275 	
120.599975585938 	0.369199999997363 	120.599975585938 	0.0853071268515729 	
120.700012207031 	0.346599999997125 	120.700012207031 	0.0853071649514026 	
120.799987792969 	0.325300000000425 	120.799987792969 	0.0853071908021242 	
120.899963378906 	0.29739999999947 	120.899963378906 	0.0853072084280997 	
121 	0.28519999999844 	121 	0.0853072195047253 	
121.099975585938 	0.270599999999831 	121.099975585938 	0.0853072274681706 	
121.200012207031 	0.264400000000023 	121.200012207031 	0.0853072324808946 	
121.299987792969 	0.243599999997969 	121.299987792969 	0.0853072367733003 	
121.399963378906 	0.238499999999476 	121.399963378906 	0.0853072400138909 	
121.5 	0.234300000000076 	121.5 	0.0853072427855162 	
121.599975585938 	0.215499999998428 	121.599975585938 	0.0853072448634839 	
121.700012207031 	0.20759999999791 	121.700012207031 	0.0853072462858166 	
121.799987792969 	0.200699999997596 	121.799987792969 	0.0853072471596051 	
121.899963378906 	0.193500000001222 	121.899963378906 	0.0853072475582112 	
122 	0.178200000002107 	122 	0.0853072478480367 	
122.099975585938 	0.16280000000188 	122.099975585938 	0.0853072480174674 	
122.200012207031 	0.156299999998737 	122.200012207031 	0.0853072482735507 	
122.299987792969 	0.15219999999681 	122.299987792969 	0.0853072485319482 	
122.399963378906 	0.149300000000949 	122.399963378906 	0.0853072487615034 	
122.5 	0.139699999999721 	122.5 	0.0853072489132726 	
122.599975585938 	0.129399999997986 	122.599975585938 	0.0853072489713998 	
122.700012207031 	0.122499999997672 	122.700012207031 	0.0853072489714197 	
122.799987792969 	0.118099999999686 	122.799987792969 	0.0853072489206602 	
122.899963378906 	0.106299999999464 	122.899963378906 	0.0853072489046128 	
123 	0.0988999999972293 	123 	0.0853072489032958 	
123.099975585938 	0.0960999999988417 	123.099975585938 	0.0853072489338003 	
123.200012207031 	0.094199999999546 	123.200012207031 	0.085307248981023 	
123.299987792969 	0.0900000000001455 	123.299987792969 	0.0853072490153928 	
123.399963378906 	0.084500000000844 	123.399963378906 	0.0853072491787409 	
123.5 	0.0796999999984109 	123.5 	0.0853072495352418 	
123.599975585938 	0.076599999996688 	123.599975585938 	0.0853072500087769 	
123.700012207031 	0.0718999999990046 	123.700012207031 	0.0853072505525748 	
123.799987792969 	0.0702999999994063 	123.799987792969 	0.0853072510919384 	
123.899963378906 	0.0650999999998021 	123.899963378906 	0.0853072515264798 	
124 	0.0582999999969616 	124 	0.0853072517288166 	
124.099975585938 	0.047099999999773 	124.099975585938 	0.0853072515445096 	
124.200012207031 	0.0354999999981374 	124.200012207031 	0.0853072511362752 	
124.299987792969 	0.0282999999981257 	124.299987792969 	0.0853072509787296 	
124.399963378906 	0.0193999999974039 	124.399963378906 	0.0853072507294109 	
124.5 	0.0141999999977998 	124.5 	0.0853072504080957 	
124.599975585938 	0.00820000000021537 	124.599975585938 	0.0853072500428674 	
124.700012207031 	0.00279999999838765 	124.700012207031 	0.0853072496583555 	
124.799987792969 	-0.00610000000233413 	124.799987792969 	0.0853072492985058 	
124.899963378906 	-0.0112000000008265 	124.899963378906 	0.0853072490117456 	
125 	-0.0177000000003318 	125 	0.0853072488531474 	
125.099975585938 	-0.0187000000005355 	125.099975585938 	0.0853072487604689 	
125.200012207031 	-0.0224000000016531 	125.200012207031 	0.0853072485632703 	
125.299987792969 	-0.0307000000029802 	125.299987792969 	0.0853072484131915 	
125.399963378906 	-0.0349000000023807 	125.399963378906 	0.0853072483269457 	
125.5 	-0.0413000000007742 	125.5 	0.0853072483238192 	
125.599975585938 	-0.0487000000030093 	125.599975585938 	0.0853072484255004 	
125.700012207031 	-0.0550999999977648 	125.700012207031 	0.0853072485002619 	
125.799987792969 	-0.0598000000027241 	125.799987792969 	0.0853072485583014 	
125.899963378906 	-0.0600999999987835 	125.899963378906 	0.0853072486312883 	
126 	-0.0626000000011118 	126 	0.0853072487109899 	
126.099975585938 	-0.0666000000019267 	126.099975585938 	0.0853072487878431 	
126.200012207031 	-0.0694999999977881 	126.200012207031 	0.085307248854825 	
126.299987792969 	-0.0751000000018394 	126.299987792969 	0.0853072489398102 	
126.399963378906 	-0.0816000000013446 	126.399963378906 	0.0853072490150129 	
126.5 	-0.0887000000002445 	126.5 	0.0853072490735947 	
126.599975585938 	-0.0896000000029744 	126.599975585938 	0.0853072491081597 	
126.700012207031 	-0.0941000000020722 	126.700012207031 	0.0853072491109658 	
126.799987792969 	-0.0929000000032829 	126.799987792969 	0.085307249101118 	
126.899963378906 	-0.0939000000034866 	126.899963378906 	0.0853072491031504 	
127 	-0.0972000000037951 	127 	0.0853072490958266 	
127.099975585938 	-0.102200000001176 	127.099975585938 	0.0853072490813935 	
127.200012207031 	-0.107900000002701 	127.200012207031 	0.0853072490627554 	
127.299987792969 	-0.11200000000099 	127.299987792969 	0.0853072490435357 	
127.399963378906 	-0.114799999999377 	127.399963378906 	0.0853072490169609 	
127.5 	-0.113199999999779 	127.5 	0.0853072489888008 	
127.599975585938 	-0.118900000001304 	127.599975585938 	0.0853072489642044 	
127.700012207031 	-0.116300000001502 	127.700012207031 	0.085307248946969 	
127.799987792969 	-0.122000000003027 	127.799987792969 	0.085307248941389 	
127.899963378906 	-0.124400000000605 	127.899963378906 	0.0853072489437973 	
128 	-0.128300000000309 	128 	0.0853072489150604 	
128.099975585938 	-0.131900000000314 	128.099975585938 	0.0853072488850804 	
128.200012207031 	-0.137399999999616 	128.200012207031 	0.0853072488556591 	
128.299987792969 	-0.141999999999825 	128.299987792969 	0.0853072488291024 	
128.399963378906 	-0.146400000001449 	128.399963378906 	0.085307248808094 	
128.5 	-0.14719999999943 	128.5 	0.085307248795765 	
128.599975585938 	-0.147300000000541 	128.599975585938 	0.0853072487957005 	
128.700012207031 	-0.150700000001962 	128.700012207031 	0.0853072488119072 	
128.799987792969 	-0.153699999998935 	128.799987792969 	0.0853072488488022 	
128.899963378906 	-0.153900000001158 	128.899963378906 	0.0853072488448314 	
129 	-0.156800000004296 	129 	0.0853072488344828 	
129.099975585938 	-0.159999999999854 	129.099975585938 	0.0853072488260533 	
129.200012207031 	-0.160400000000664 	129.200012207031 	0.0853072488204668 	
129.299987792969 	-0.160700000000361 	129.299987792969 	0.0853072488188024 	
129.399963378906 	-0.161800000001676 	129.399963378906 	0.085307248822266 	
129.5 	-0.167300000000978 	129.5 	0.0853072488322144 	
129.599975585938 	-0.168699999998353 	129.599975585938 	0.0853072488501233 	
129.700012207031 	-0.171300000001793 	129.700012207031 	0.0853072488776425 	
129.799987792969 	-0.17450000000099 	129.799987792969 	0.0853072488975868 	
129.899963378906 	-0.177600000002712 	129.899963378906 	0.085307248906629 	
130 	-0.177600000002712 	130 	0.0853072489160204 	
130.099975585938 	-0.177800000001298 	130.099975585938 	0.085307248925594 	
130.200012207031 	-0.1804000000011 	130.200012207031 	0.0853072489351988 	
130.299987792969 	-0.180800000001909 	130.299987792969 	0.0853072489446531 	
130.399963378906 	-0.182099999998172 	130.399963378906 	0.085307248953786 	
130.5 	-0.180000000000291 	130.5 	0.0853072489624183 	
130.599975585938 	-0.181800000002113 	130.599975585938 	0.0853072489703483 	
130.700012207031 	-0.181400000001304 	130.700012207031 	0.0853072489777004 	
130.799987792969 	-0.184400000001915 	130.799987792969 	0.0853072489850712 	
130.899963378906 	-0.185100000002421 	130.899963378906 	0.0853072489916547 	
131 	-0.190800000000309 	131 	0.0853072489973185 	
131.099975585938 	-0.19550000000163 	131.099975585938 	0.0853072490019184 	
131.200012207031 	-0.19890000000305 	131.200012207031 	0.0853072490053209 	
131.299987792969 	-0.202500000003056 	131.299987792969 	0.0853072490073807 	
131.399963378906 	-0.204999999998108 	131.399963378906 	0.0853072490079578 	
131.5 	-0.20140000000174 	131.5 	0.0853072490069065 	
131.599975585938 	-0.201600000000326 	131.599975585938 	0.0853072490040818 	
131.700012207031 	-0.205900000000838 	131.700012207031 	0.0853072490130577 	
131.799987792969 	-0.208800000000338 	131.799987792969 	0.0853072490231532 	
131.899963378906 	-0.21060000000216 	131.899963378906 	0.0853072490338944 	
132 	-0.213700000000244 	132 	0.0853072490451667 	
132.099975585938 	-0.214500000001863 	132.099975585938 	0.0853072490568349 	
132.200012207031 	-0.216400000001158 	132.200012207031 	0.0853072490687914 	
132.299987792969 	-0.215899999999237 	132.299987792969 	0.0853072490809 	
132.399963378906 	-0.221000000001368 	132.399963378906 	0.0853072490930463 	
132.5 	-0.220700000001671 	132.5 	0.0853072491051161 	
132.599975585938 	-0.218700000001263 	132.599975585938 	0.0853072491169731 	
132.700012207031 	-0.21990000000369 	132.700012207031 	0.0853072491285099 	
132.799987792969 	-0.221099999998842 	132.799987792969 	0.0853072491395909 	
132.899963378906 	-0.220699999998033 	132.899963378906 	0.0853072491501017 	
133 	-0.221700000001874 	133 	0.0853072491599264 	
133.099975585938 	-0.222499999999854 	133.099975585938 	0.0853072491689314 	
133.200012207031 	-0.224600000001374 	133.200012207031 	0.0853072491770061 	
133.299987792969 	-0.228300000002491 	133.299987792969 	0.0853072491840188 	
133.399963378906 	-0.226900000001478 	133.399963378906 	0.0853072491898533 	
133.5 	-0.22990000000209 	133.5 	0.0853072491943904 	
133.599975585938 	-0.230599999998958 	133.599975585938 	0.0853072491975028 	
133.700012207031 	-0.232600000003004 	133.700012207031 	0.0853072491990727 	
133.799987792969 	-0.231700000003912 	133.799987792969 	0.0853072491989765 	
133.899963378906 	-0.231800000001385 	133.899963378906 	0.085307249197094 	
134 	-0.23149999999805 	134 	0.0853072491933009 	
134.099975585938 	-0.232499999998254 	134.099975585938 	0.08530724918748 	
134.200012207031 	-0.231800000001385 	134.200012207031 	0.0853072491795026 	
134.299987792969 	-0.231100000000879 	134.299987792969 	0.0853072491692567 	
134.399963378906 	-0.232200000002194 	134.399963378906 	0.0853072491566166 	
134.5 	-0.235000000000582 	134.5 	0.0853072491414507 	
134.599975585938 	-0.235900000003312 	134.599975585938 	0.0853072491236558 	
134.700012207031 	-0.236300000000483 	134.700012207031 	0.0853072491030885 	
134.799987792969 	-0.234900000003108 	134.799987792969 	0.0853072490796523 	
134.899963378906 	-0.236600000003818 	134.899963378906 	0.0853072490674654 	
135 	-0.235899999999674 	135 	0.0853072490730548 	
135.099975585938 	-0.239400000002206 	135.099975585938 	0.0853072490785062 	
135.200012207031 	-0.24040000000241 	135.200012207031 	0.0853072490837961 	
135.299987792969 	-0.240499999999884 	135.299987792969 	0.0853072490888881 	
135.399963378906 	-0.240600000000995 	135.399963378906 	0.0853072490937555 	
135.5 	-0.241900000000896 	135.5 	0.085307249098371 	
135.599975585938 	-0.244800000000396 	135.599975585938 	0.0853072491026988 	
135.700012207031 	-0.246699999999691 	135.700012207031 	0.0853072491067142 	
135.799987792969 	-0.248200000001816 	135.799987792969 	0.0853072491103823 	
135.899963378906 	-0.251100000001315 	135.899963378906 	0.0853072491136757 	
136 	-0.252700000000914 	136 	0.0853072491165658 	
136.099975585938 	-0.258200000003853 	136.099975585938 	0.0853072491190192 	
136.200012207031 	-0.260299999998097 	136.200012207031 	0.0853072491210087 	
136.299987792969 	-0.259399999999005 	136.299987792969 	0.085307249122502 	
136.399963378906 	-0.262000000002445 	136.399963378906 	0.0853072491234704 	
136.5 	-0.262900000001537 	136.5 	0.0853072491238839 	
136.599975585938 	-0.264900000001944 	136.599975585938 	0.085307249123712 	
136.700012207031 	-0.26339999999982 	136.700012207031 	0.0853072491229244 	
136.799987792969 	-0.263000000002648 	136.799987792969 	0.085307249121492 	
136.899963378906 	-0.265699999999924 	136.899963378906 	0.0853072491193845 	
137 	-0.265699999999924 	137 	0.08530724911657 	
137.099975585938 	-0.263600000002043 	137.099975585938 	0.0853072491130219 	
137.200012207031 	-0.261900000001333 	137.200012207031 	0.0853072491087058 	
137.299987792969 	-0.261500000000524 	137.299987792969 	0.0853072491035968 	
137.399963378906 	-0.259900000000926 	137.399963378906 	0.0853072490976627 	
137.5 	-0.258800000003248 	137.5 	0.0853072490908689 	
137.599975585938 	-0.264200000001438 	137.599975585938 	0.0853072490831937 	
137.700012207031 	-0.264400000000023 	137.700012207031 	0.0853072490745977 	
137.799987792969 	-0.268200000002253 	137.799987792969 	0.0853072490650613 	
137.899963378906 	-0.269100000001345 	137.899963378906 	0.0853072490545495 	
138 	-0.271400000001449 	138 	0.0853072490430251 	
138.099975585938 	-0.274300000000949 	138.099975585938 	0.085307249030472 	
138.200012207031 	-0.279999999998836 	138.200012207031 	0.0853072490276385 	
138.299987792969 	-0.278900000001158 	138.299987792969 	0.0853072490260497 	
138.399963378906 	-0.282200000001467 	138.399963378906 	0.085307249024467 	
138.5 	-0.282300000002579 	138.5 	0.0853072490228923 	
138.599975585938 	-0.283699999999953 	138.599975585938 	0.0853072490213305 	
138.700012207031 	-0.282299999998941 	138.700012207031 	0.0853072490197824 	
138.799987792969 	-0.282900000001973 	138.799987792969 	0.0853072490182528 	
138.899963378906 	-0.282600000002276 	138.899963378906 	0.0853072490167435 	
139 	-0.284800000001269 	139 	0.0853072490152566 	
139.099975585938 	-0.286000000000058 	139.099975585938 	0.0853072490137965 	
139.200012207031 	-0.284500000001572 	139.200012207031 	0.0853072490123645 	
139.299987792969 	-0.286299999999756 	139.299987792969 	0.0853072490109651 	
139.399963378906 	-0.285000000003492 	139.399963378906 	0.0853072490096003 	
139.5 	-0.288100000001577 	139.5 	0.085307249008272 	
139.599975585938 	-0.288000000000466 	139.599975585938 	0.0853072490069847 	
139.700012207031 	-0.290000000000873 	139.700012207031 	0.0853072490057398 	
139.799987792969 	-0.29070000000138 	139.799987792969 	0.0853072490045416 	
139.899963378906 	-0.292300000000978 	139.899963378906 	0.0853072490033921 	
140 	-0.29070000000138 	140 	0.0853072490022935 	
140.099975585938 	-0.289600000000064 	140.099975585938 	0.08530724900125 	
140.200012207031 	-0.291500000002998 	140.200012207031 	0.0853072490002632 	
140.299987792969 	-0.296599999997852 	140.299987792969 	0.0853072489993372 	
140.399963378906 	-0.2983000000022 	140.399963378906 	0.085307248998474 	
140.5 	-0.300800000000891 	140.5 	0.0853072489976762 	
140.599975585938 	-0.299900000001799 	140.599975585938 	0.0853072489969474 	
140.700012207031 	-0.297699999999168 	140.700012207031 	0.0853072489962898 	
140.799987792969 	-0.299000000002707 	140.799987792969 	0.0853072489957068 	
140.899963378906 	-0.301800000001094 	140.899963378906 	0.085307248995201 	
141 	-0.303199999998469 	141 	0.0853072489947749 	
141.099975585938 	-0.305000000000291 	141.099975585938 	0.0853072489944318 	
141.200012207031 	-0.302899999998772 	141.200012207031 	0.0853072489941743 	
141.299987792969 	-0.304400000004534 	141.299987792969 	0.0853072489940055 	
141.399963378906 	-0.30460000000312 	141.399963378906 	0.0853072489936863 	
141.5 	-0.307600000003731 	141.5 	0.0853072489929751 	
141.599975585938 	-0.306100000001607 	141.599975585938 	0.0853072489922966 	
141.700012207031 	-0.306700000001001 	141.700012207031 	0.0853072489916509 	
141.799987792969 	-0.305000000000291 	141.799987792969 	0.0853072489910399 	
141.899963378906 	-0.305799999998271 	141.899963378906 	0.0853072489904639 	
142 	-0.303800000001502 	142 	0.0853072489899237 	
142.099975585938 	-0.30370000000039 	142.099975585938 	0.0853072489894208 	
142.200012207031 	-0.298800000000483 	142.200012207031 	0.0853072489889554 	
142.299987792969 	-0.295399999999063 	142.299987792969 	0.0853072489885292 	
142.399963378906 	-0.297200000000885 	142.399963378906 	0.0853072489881428 	
142.5 	-0.296200000000681 	142.5 	0.0853072489877969 	
142.599975585938 	-0.296700000002602 	142.599975585938 	0.0853072489874927 	
142.700012207031 	-0.298099999999977 	142.700012207031 	0.085307248987231 	
142.799987792969 	-0.301500000001397 	142.799987792969 	0.0853072489870129 	
142.899963378906 	-0.3012000000017 	142.899963378906 	0.0853072489868393 	
143 	-0.300500000001193 	143 	0.0853072489867109 	
143.099975585938 	-0.301300000002811 	143.099975585938 	0.0853072489866288 	
143.200012207031 	-0.303900000002614 	143.200012207031 	0.0853072489865939 	
143.299987792969 	-0.306100000001607 	143.299987792969 	0.0853072489866072 	
143.399963378906 	-0.309699999997974 	143.399963378906 	0.0853072489866696 	
143.5 	-0.312799999999697 	143.5 	0.085307248986782 	
143.599975585938 	-0.315699999999197 	143.599975585938 	0.0853072489869453 	
143.700012207031 	-0.310600000000704 	143.700012207031 	0.0853072489871605 	
143.799987792969 	-0.312900000000809 	143.799987792969 	0.0853072489874284 	
143.899963378906 	-0.310700000001816 	143.899963378906 	0.0853072489877501 	
144 	-0.312000000001717 	144 	0.0853072489881266 	
144.099975585938 	-0.313900000001013 	144.099975585938 	0.0853072489885584 	
144.200012207031 	-0.313200000000506 	144.200012207031 	0.0853072489890471 	
144.299987792969 	-0.308400000001711 	144.299987792969 	0.0853072489895929 	
144.399963378906 	-0.307199999999284 	144.399963378906 	0.085307248990197 	
144.5 	-0.307000000000698 	144.5 	0.0853072489908609 	
144.599975585938 	-0.307600000000093 	144.599975585938 	0.0853072489915846 	
144.700012207031 	-0.309400000001915 	144.700012207031 	0.0853072489908948 	
144.799987792969 	-0.317200000001321 	144.799987792969 	0.08530724898989 	
144.899963378906 	-0.318100000000413 	144.899963378906 	0.0853072489889037 	
145 	-0.319800000001123 	145 	0.0853072489879355 	
145.099975585938 	-0.318900000002031 	145.099975585938 	0.0853072489869864 	
145.200012207031 	-0.318899999998393 	145.200012207031 	0.0853072489860554 	
145.299987792969 	-0.320700000000215 	145.299987792969 	0.0853072489851436 	
145.399963378906 	-0.316800000000512 	145.399963378906 	0.0853072489842504 	
145.5 	-0.318999999999505 	145.5 	0.0853072489833752 	
145.599975585938 	-0.319600000002538 	145.599975585938 	0.0853072489825192 	
145.700012207031 	-0.32300000000032 	145.700012207031 	0.0853072489816813 	
145.799987792969 	-0.32300000000032 	145.799987792969 	0.0853072489808625 	
145.899963378906 	-0.321700000000419 	145.899963378906 	0.0853072489800623 	
146 	-0.321799999997893 	146 	0.0853072489792802 	
146.099975585938 	-0.326500000002852 	146.099975585938 	0.0853072489785172 	
146.200012207031 	-0.32589999999982 	146.200012207031 	0.0853072489777723 	
146.299987792969 	-0.322899999999208 	146.299987792969 	0.0853072489770466 	
146.399963378906 	-0.322599999999511 	146.399963378906 	0.0853072489763394 	
146.5 	-0.319400000000314 	146.5 	0.0853072489756504 	
146.599975585938 	-0.318900000002031 	146.599975585938 	0.0853072489749804 	
146.700012207031 	-0.319900000002235 	146.700012207031 	0.0853072489743286 	
146.799987792969 	-0.318300000002637 	146.799987792969 	0.0853072489736959 	
146.899963378906 	-0.319299999999203 	146.899963378906 	0.0853072489730817 	
147 	-0.31880000000092 	147 	0.0853072489724858 	
147.099975585938 	-0.319500000001426 	147.099975585938 	0.0853072489719089 	
147.200012207031 	-0.321000000003551 	147.200012207031 	0.0853072489713502 	
147.299987792969 	-0.32470000000103 	147.299987792969 	0.0853072489708105 	
147.399963378906 	-0.325000000000728 	147.399963378906 	0.0853072489702893 	
147.5 	-0.327300000000832 	147.5 	0.0853072489697865 	
147.599975585938 	-0.326000000000931 	147.599975585938 	0.0853072489693026 	
147.700012207031 	-0.32640000000174 	147.700012207031 	0.085307248968837 	
147.799987792969 	-0.326900000000023 	147.799987792969 	0.0853072489683903 	
147.899963378906 	-0.327900000000227 	147.899963378906 	0.0853072489679622 	
148 	-0.326800000002549 	148 	0.0853072489675524 	
148.099975585938 	-0.329200000003766 	148.099975585938 	0.0853072489671615 	
148.200012207031 	-0.328699999998207 	148.200012207031 	0.085307248966789 	
148.299987792969 	-0.332100000003265 	148.299987792969 	0.0853072489664353 	
148.399963378906 	-0.336300000002666 	148.399963378906 	0.0853072489661003 	
148.5 	-0.338299999999435 	148.5 	0.0853072489657836 	
148.599975585938 	-0.339700000000448 	148.599975585938 	0.0853072489654857 	
148.700012207031 	-0.340200000002369 	148.700012207031 	0.0853072489652063 	
148.799987792969 	-0.343799999998737 	148.799987792969 	0.0853072489649456 	
148.899963378906 	-0.346500000003289 	148.899963378906 	0.0853072489647036 	
149 	-0.349600000001374 	149 	0.08530724896448 	
149.099975585938 	-0.351600000001781 	149.099975585938 	0.0853072489642751 	
149.200012207031 	-0.35200000000259 	149.200012207031 	0.0853072489640888 	
149.299987792969 	-0.351699999999255 	149.299987792969 	0.0853072489639212 	
149.399963378906 	-0.350599999997939 	149.399963378906 	0.0853072489637721 	
149.5 	-0.350699999999051 	149.5 	0.0853072489636416 	
149.599975585938 	-0.349300000001676 	149.599975585938 	0.0853072489635298 	
149.700012207031 	-0.346199999999953 	149.700012207031 	0.0853072489634365 	
149.799987792969 	-0.346500000003289 	149.799987792969 	0.0853072489633619 	
149.899963378906 	-0.348300000001473 	149.899963378906 	0.0853072489633059 	
150 	-0.348400000002584 	150 	0.0853072489632685 	
150.099975585938 	-0.346700000001874 	150.099975585938 	0.0853072489632497 	
150.200012207031 	-0.343800000002375 	150.200012207031 	0.0853072489632495 	
150.299987792969 	-0.344500000002881 	150.299987792969 	0.0853072489632679 	
150.399963378906 	-0.345600000000559 	150.399963378906 	0.085307248963305 	
150.5 	-0.348300000001473 	150.5 	0.0853072489633606 	
150.599975585938 	-0.351000000002387 	150.599975585938 	0.0853072489634348 	
150.700012207031 	-0.351400000003196 	150.700012207031 	0.0853072489635277 	
150.799987792969 	-0.349600000001374 	150.799987792969 	0.0853072489636392 	
150.899963378906 	-0.344800000002579 	150.899963378906 	0.0853072489637692 	
151 	-0.343400000001566 	151 	0.085307248963918 	
151.099975585938 	-0.345499999999447 	151.099975585938 	0.0853072489640852 	
151.200012207031 	-0.347100000002683 	151.200012207031 	0.0853072489642712 	
151.299987792969 	-0.350900000001275 	151.299987792969 	0.0853072489644757 	
151.399963378906 	-0.349699999998847 	151.399963378906 	0.0853072489646987 	
151.5 	-0.351600000001781 	151.5 	0.0853072489649406 	
151.599975585938 	-0.35030000000188 	151.599975585938 	0.0853072489652009 	
151.700012207031 	-0.348900000000867 	151.700012207031 	0.0853072489654799 	
151.799987792969 	-0.346700000001874 	151.799987792969 	0.0853072489657774 	
151.899963378906 	-0.345400000001973 	151.899963378906 	0.0853072489660935 	
152 	-0.345900000000256 	152 	0.0853072489664284 	
152.099975585938 	-0.345300000000861 	152.099975585938 	0.0853072489667817 	
152.200012207031 	-0.344200000003184 	152.200012207031 	0.0853072489671538 	
152.299987792969 	-0.346700000001874 	152.299987792969 	0.0853072489675444 	
152.399963378906 	-0.350200000004406 	152.399963378906 	0.0853072489679535 	
152.5 	-0.346600000000763 	152.5 	0.0853072489683815 	
152.599975585938 	-0.348500000000058 	152.599975585938 	0.0853072489688278 	
152.700012207031 	-0.350200000000768 	152.700012207031 	0.085307248969293 	
152.799987792969 	-0.354699999999866 	152.799987792969 	0.0853072489697766 	
152.899963378906 	-0.358400000000984 	152.899963378906 	0.0853072489702787 	
153 	-0.357600000003004 	153 	0.0853072489707998 	
153.099975585938 	-0.360100000001694 	153.099975585938 	0.0853072489713392 	
153.200012207031 	-0.358899999999267 	153.200012207031 	0.0853072489718975 	
153.299987792969 	-0.360100000001694 	153.299987792969 	0.085307248972474 	
153.399963378906 	-0.360900000003312 	153.399963378906 	0.0853072489730692 	
153.5 	-0.35740000000078 	153.5 	0.0853072489736833 	
153.599975585938 	-0.356900000002497 	153.599975585938 	0.0853072489743157 	
153.700012207031 	-0.359200000002602 	153.700012207031 	0.0853072489749671 	
153.799987792969 	-0.36160000000018 	153.799987792969 	0.0853072489756367 	
153.899963378906 	-0.361400000001595 	153.899963378906 	0.0853072489763249 	
154 	-0.365500000003522 	154 	0.0853072489770321 	
154.099975585938 	-0.36540000000241 	154.099975585938 	0.0853072489777575 	
154.200012207031 	-0.36200000000099 	154.200012207031 	0.085307248978502 	
154.299987792969 	-0.363900000000285 	154.299987792969 	0.0853072489792646 	
154.399963378906 	-0.364700000001903 	154.399963378906 	0.0853072489800458 	
154.5 	-0.366100000002916 	154.5 	0.0853072489808462 	
154.599975585938 	-0.365300000001298 	154.599975585938 	0.0853072489816646 	
154.700012207031 	-0.366799999999785 	154.700012207031 	0.0853072489825021 	
154.799987792969 	-0.367500000003929 	154.799987792969 	0.0853072489833578 	
154.899963378906 	-0.363600000000588 	154.899963378906 	0.085307248984232 	
155 	-0.361700000001292 	155 	0.0853072489851254 	
155.099975585938 	-0.359799999998359 	155.099975585938 	0.0853072489860369 	
155.200012207031 	-0.359800000001997 	155.200012207031 	0.0853072489869675 	
155.299987792969 	-0.363099999998667 	155.299987792969 	0.0853072489879162 	
155.399963378906 	-0.367200000000594 	155.399963378906 	0.0853072489888834 	
155.5 	-0.369099999999889 	155.5 	0.0853072489898699 	
155.599975585938 	-0.368800000000192 	155.599975585938 	0.0853072489908744 	
155.700012207031 	-0.369699999999284 	155.700012207031 	0.0853072489910611 	
155.799987792969 	-0.371200000001409 	155.799987792969 	0.0853072489910703 	
155.899963378906 	-0.372299999999086 	155.899963378906 	0.0853072489910798 	
156 	-0.370400000003428 	156 	0.0853072489910895 	
156.099975585938 	-0.370299999998679 	156.099975585938 	0.0853072489910995 	
156.200012207031 	-0.373500000001513 	156.200012207031 	0.0853072489911098 	
156.299987792969 	-0.37760000000344 	156.299987792969 	0.0853072489911204 	
156.399963378906 	-0.380799999998999 	156.399963378906 	0.0853072489911312 	
156.5 	-0.380000000001019 	156.5 	0.0853072489911423 	
156.599975585938 	-0.382600000000821 	156.599975585938 	0.0853072489911537 	
156.700012207031 	-0.382800000003044 	156.700012207031 	0.0853072489911653 	
156.799987792969 	-0.382300000001123 	156.799987792969 	0.0853072489911772 	
156.899963378906 	-0.384200000000419 	156.899963378906 	0.0853072489911894 	
157 	-0.387900000001537 	157 	0.0853072489912019 	
157.099975585938 	-0.387900000001537 	157.099975585938 	0.0853072489912146 	
157.200012207031 	-0.388300000002346 	157.200012207031 	0.0853072489912276 	
157.299987792969 	-0.388699999999517 	157.299987792969 	0.0853072489912409 	
157.399963378906 	-0.38890000000174 	157.399963378906 	0.0853072489912544 	
157.5 	-0.393800000001647 	157.5 	0.0853072489912682 	
157.599975585938 	-0.396600000000035 	157.599975585938 	0.0853072489912823 	
157.700012207031 	-0.397099999998318 	157.700012207031 	0.0853072489912967 	
157.799987792969 	-0.396200000002864 	157.799987792969 	0.0853072489913113 	
157.899963378906 	-0.401300000001356 	157.899963378906 	0.0853072489913262 	
158 	-0.405800000000454 	158 	0.0853072489913414 	
158.099975585938 	-0.408900000002177 	158.099975585938 	0.0853072489913568 	
158.200012207031 	-0.409400000004098 	158.200012207031 	0.0853072489913726 	
158.299987792969 	-0.413300000000163 	158.299987792969 	0.0853072489913885 	
158.399963378906 	-0.415200000003097 	158.399963378906 	0.0853072489914048 	
158.5 	-0.41530000000057 	158.5 	0.0853072489914213 	
158.599975585938 	-0.420500000003813 	158.599975585938 	0.0853072489914382 	
158.700012207031 	-0.422300000001997 	158.700012207031 	0.0853072489914552 	
158.799987792969 	-0.423400000003312 	158.799987792969 	0.0853072489914726 	
158.899963378906 	-0.422500000000582 	158.899963378906 	0.0853072489914902 	
159 	-0.422300000001997 	159 	0.0853072489915081 	
159.099975585938 	-0.425100000000384 	159.099975585938 	0.0853072489915263 	
159.200012207031 	-0.424800000000687 	159.200012207031 	0.0853072489915447 	
159.299987792969 	-0.426500000001397 	159.299987792969 	0.0853072489915634 	
159.399963378906 	-0.425300000002608 	159.399963378906 	0.0853072489915824 	
159.5 	-0.42790000000241 	159.5 	0.0853072489916017 	
159.599975585938 	-0.434400000001915 	159.599975585938 	0.0853072489916212 	
159.700012207031 	-0.435699999998178 	159.700012207031 	0.085307248991641 	
159.799987792969 	-0.436499999999796 	159.799987792969 	0.085307248991661 	
159.899963378906 	-0.436300000001211 	159.899963378906 	0.0853072489916814 	
160 	-0.434000000001106 	160 	0.085307248991702 	
160.099975585938 	-0.432300000000396 	160.099975585938 	0.0853072489917229 	
160.200012207031 	-0.435600000000704 	160.200012207031 	0.0853072489917441 	
160.299987792969 	-0.439599999997881 	160.299987792969 	0.0853072489917655 	
160.399963378906 	-0.437999999998283 	160.399963378906 	0.0853072489917872 	
160.5 	-0.438099999999395 	160.5 	0.0853072489918092 	
160.599975585938 	-0.436600000000908 	160.599975585938 	0.0853072489918314 	
160.700012207031 	-0.437400000002526 	160.700012207031 	0.0853072489918539 	
160.799987792969 	-0.436400000002322 	160.799987792969 	0.0853072489918767 	
160.899963378906 	-0.436000000001513 	160.899963378906 	0.0853072489918997 	
161 	-0.438399999999092 	161 	0.0853072489919231 	
161.099975585938 	-0.440099999999802 	161.099975585938 	0.0853072489919467 	
161.200012207031 	-0.443100000000413 	161.200012207031 	0.0853072489919706 	
161.299987792969 	-0.442699999999604 	161.299987792969 	0.0853072489919947 	
161.399963378906 	-0.439699999998993 	161.399963378906 	0.0853072489920191 	
161.5 	-0.437600000001112 	161.5 	0.0853072489920438 	
161.599975585938 	-0.438300000001618 	161.599975585938 	0.0853072489920688 	
161.700012207031 	-0.438500000000204 	161.700012207031 	0.085307248992094 	
161.799987792969 	-0.440300000002026 	161.799987792969 	0.0853072489921195 	
161.899963378906 	-0.440300000002026 	161.899963378906 	0.0853072489921453 	
162 	-0.441300000002229 	162 	0.0853072489921714 	
162.099975585938 	-0.442300000002433 	162.099975585938 	0.0853072489921977 	
162.200012207031 	-0.444300000002841 	162.200012207031 	0.0853072489922243 	
162.299987792969 	-0.44550000000163 	162.299987792969 	0.0853072489922511 	
162.399963378906 	-0.442699999999604 	162.399963378906 	0.0853072489922783 	
162.5 	-0.439900000001217 	162.5 	0.0853072489923057 	
162.599975585938 	-0.443700000003446 	162.599975585938 	0.0853072489923334 	
162.700012207031 	-0.444200000001729 	162.700012207031 	0.0853072489923613 	
162.799987792969 	-0.445700000003853 	162.799987792969 	0.0853072489923895 	
162.899963378906 	-0.447800000001735 	162.899963378906 	0.085307248992418 	
163 	-0.446300000003248 	163 	0.0853072489924468 	
163.099975585938 	-0.445299999999406 	163.099975585938 	0.0853072489924759 	
163.200012207031 	-0.44550000000163 	163.200012207031 	0.0853072489925052 	
163.299987792969 	-0.444300000002841 	163.299987792969 	0.0853072489925348 	
163.399963378906 	-0.44380000000092 	163.399963378906 	0.0853072489925646 	
163.5 	-0.441400000003341 	163.5 	0.0853072489925947 	
163.599975585938 	-0.437200000003941 	163.599975585938 	0.0853072489926251 	
163.700012207031 	-0.434000000001106 	163.700012207031 	0.0853072489926558 	
163.799987792969 	-0.434500000003027 	163.799987792969 	0.0853072489926868 	
163.899963378906 	-0.436500000003434 	163.899963378906 	0.085307248992718 	
164 	-0.436600000000908 	164 	0.0853072489927495 	
164.099975585938 	-0.436300000001211 	164.099975585938 	0.0853072489927812 	
164.200012207031 	-0.43500000000131 	164.200012207031 	0.0853072489928133 	
164.299987792969 	-0.433099999998376 	164.299987792969 	0.0853072489928455 	
164.399963378906 	-0.430000000000291 	164.399963378906 	0.0853072489928781 	
164.5 	-0.430700000004435 	164.5 	0.085307248992911 	
164.599975585938 	-0.429700000000594 	164.599975585938 	0.0853072489929441 	
164.700012207031 	-0.429000000000087 	164.700012207031 	0.0853072489929775 	
164.799987792969 	-0.430700000000797 	164.799987792969 	0.0853072489930111 	
164.899963378906 	-0.431800000002113 	164.899963378906 	0.0853072489930451 	
165 	-0.431800000002113 	165 	0.0853072489930793 	
165.099975585938 	-0.42960000000312 	165.099975585938 	0.0853072489931138 	
165.200012207031 	-0.429400000000896 	165.200012207031 	0.0853072489931485 	
165.299987792969 	-0.426100000000588 	165.299987792969 	0.0853072489931835 	
165.399963378906 	-0.425899999998364 	165.399963378906 	0.0853072489932188 	
165.5 	-0.425400000003719 	165.5 	0.0853072489932544 	
165.599975585938 	-0.426500000001397 	165.599975585938 	0.0853072489932902 	
165.700012207031 	-0.422900000001391 	165.700012207031 	0.0853072489933263 	
165.799987792969 	-0.420700000002398 	165.799987792969 	0.0853072489933627 	
165.899963378906 	-0.417199999999866 	165.899963378906 	0.0853072489933994 	
166 	-0.41740000000209 	166 	0.0853072489934363 	
166.099975585938 	-0.415600000000268 	166.099975585938 	0.0853072489934735 	
166.200012207031 	-0.415000000000873 	166.200012207031 	0.085307248993511 	
166.299987792969 	-0.41450000000259 	166.299987792969 	0.0853072489935487 	
166.399963378906 	-0.41570000000138 	166.399963378906 	0.0853072489935867 	
166.5 	-0.417499999999563 	166.5 	0.085307248993625 	
166.599975585938 	-0.418600000004517 	166.599975585938 	0.0853072489936636 	
166.700012207031 	-0.41479999999865 	166.700012207031 	0.0853072489936753 	
166.799987792969 	-0.412599999999657 	166.799987792969 	0.0853072489936817 	
166.899963378906 	-0.413700000000972 	166.899963378906 	0.0853072489936879 	
167 	-0.414499999998952 	167 	0.0853072489936941 	
167.099975585938 	-0.413300000000163 	167.099975585938 	0.0853072489937003 	
167.200012207031 	-0.412600000003295 	167.200012207031 	0.0853072489937064 	
167.299987792969 	-0.41030000000319 	167.299987792969 	0.0853072489937124 	
167.399963378906 	-0.40860000000248 	167.399963378906 	0.0853072489937184 	
167.5 	-0.407100000000355 	167.5 	0.0853072489937243 	
167.599975585938 	-0.409999999999854 	167.599975585938 	0.0853072489937302 	
167.700012207031 	-0.40860000000248 	167.700012207031 	0.085307248993736 	
167.799987792969 	-0.410100000000966 	167.799987792969 	0.0853072489937417 	
167.899963378906 	-0.409800000001269 	167.899963378906 	0.0853072489937474 	
168 	-0.410400000000664 	168 	0.085307248993753 	
168.099975585938 	-0.410499999998137 	168.099975585938 	0.0853072489937585 	
168.200012207031 	-0.411400000000867 	168.200012207031 	0.085307248993764 	
168.299987792969 	-0.413300000000163 	168.299987792969 	0.0853072489937695 	
168.399963378906 	-0.412000000000262 	168.399963378906 	0.0853072489937748 	
168.5 	-0.414600000003702 	168.5 	0.0853072489937802 	
168.599975585938 	-0.416700000001583 	168.599975585938 	0.0853072489937854 	
168.700012207031 	-0.414600000003702 	168.700012207031 	0.0853072489937906 	
168.799987792969 	-0.412200000002485 	168.799987792969 	0.0853072489937958 	
168.899963378906 	-0.408299999999144 	168.899963378906 	0.0853072489938008 	
169 	-0.409599999999045 	169 	0.0853072489938059 	
169.099975585938 	-0.413300000000163 	169.099975585938 	0.0853072489938108 	
169.200012207031 	-0.416399999998248 	169.200012207031 	0.0853072489938157 	
169.299987792969 	-0.416300000000774 	169.299987792969 	0.0853072489938206 	
169.399963378906 	-0.416100000002189 	169.399963378906 	0.0853072489938253 	
169.5 	-0.418400000002293 	169.5 	0.0853072489938301 	
169.599975585938 	-0.420099999999366 	169.599975585938 	0.0853072489938347 	
169.700012207031 	-0.421700000002602 	169.700012207031 	0.0853072489938393 	
169.799987792969 	-0.422600000001694 	169.799987792969 	0.0853072489938439 	
169.899963378906 	-0.423099999999977 	169.899963378906 	0.0853072489938484 	
170 	-0.425500000001193 	170 	0.0853072489938528 	
170.099975585938 	-0.424400000003516 	170.099975585938 	0.0853072489938572 	
170.200012207031 	-0.427899999998772 	170.200012207031 	0.0853072489938615 	
170.299987792969 	-0.427800000001298 	170.299987792969 	0.0853072489938657 	
170.399963378906 	-0.428500000001804 	170.399963378906 	0.0853072489938699 	
170.5 	-0.426299999999173 	170.5 	0.085307248993874 	
170.599975585938 	-0.427100000000792 	170.599975585938 	0.0853072489938781 	
170.700012207031 	-0.429299999999785 	170.700012207031 	0.0853072489938821 	
170.799987792969 	-0.429000000000087 	170.799987792969 	0.085307248993886 	
170.899963378906 	-0.427199999998265 	170.899963378906 	0.0853072489938899 	
171 	-0.429000000003725 	171 	0.0853072489938938 	
171.099975585938 	-0.428800000001502 	171.099975585938 	0.0853072489938975 	
171.200012207031 	-0.428499999998166 	171.200012207031 	0.0853072489939013 	
171.299987792969 	-0.430500000002212 	171.299987792969 	0.0853072489939049 	
171.399963378906 	-0.42870000000039 	171.399963378906 	0.0853072489939085 	
171.5 	-0.428400000004331 	171.5 	0.085307248993912 	
171.599975585938 	-0.426000000003114 	171.599975585938 	0.0853072489939155 	
171.700012207031 	-0.425900000002002 	171.700012207031 	0.0853072489939189 	
171.799987792969 	-0.4233000000022 	171.799987792969 	0.0853072489939223 	
171.899963378906 	-0.425900000002002 	171.899963378906 	0.0853072489939256 	
172 	-0.426300000002811 	172 	0.0853072489939288 	
172.099975585938 	-0.427500000001601 	172.099975585938 	0.085307248993932 	
172.200012207031 	-0.427600000002712 	172.200012207031 	0.0853072489939351 	
172.299987792969 	-0.428299999999581 	172.299987792969 	0.0853072489939381 	
172.399963378906 	-0.427700000000186 	172.399963378906 	0.0853072489939411 	
172.5 	-0.425900000002002 	172.5 	0.0853072489939441 	
172.599975585938 	-0.425900000002002 	172.599975585938 	0.085307248993947 	
172.700012207031 	-0.427599999999074 	172.700012207031 	0.0853072489939498 	
172.799987792969 	-0.427500000001601 	172.799987792969 	0.0853072489939525 	
172.899963378906 	-0.427400000000489 	172.899963378906 	0.0853072489939552 	
173 	-0.427599999999074 	173 	0.0853072489939579 	
173.099975585938 	-0.427299999999377 	173.099975585938 	0.0853072489939604 	
173.200012207031 	-0.425800000000891 	173.200012207031 	0.085307248993963 	
173.299987792969 	-0.428200000002107 	173.299987792969 	0.0853072489939654 	
173.399963378906 	-0.428499999998166 	173.399963378906 	0.0853072489939678 	
173.5 	-0.428800000001502 	173.5 	0.0853072489939702 	
173.599975585938 	-0.43119999999908 	173.599975585938 	0.0853072489939724 	
173.700012207031 	-0.428499999998166 	173.700012207031 	0.0853072489939747 	
173.799987792969 	-0.427200000001903 	173.799987792969 	0.0853072489939768 	
173.899963378906 	-0.424399999999878 	173.899963378906 	0.0853072489939789 	
174 	-0.42160000000149 	174 	0.085307248993981 	
174.099975585938 	-0.420600000001286 	174.099975585938 	0.085307248993983 	
174.200012207031 	-0.416700000001583 	174.200012207031 	0.0853072489939849 	
174.299987792969 	-0.417600000004313 	174.299987792969 	0.0853072489939868 	
174.399963378906 	-0.417700000001787 	174.399963378906 	0.0853072489939886 	
174.5 	-0.417699999998149 	174.5 	0.0853072489939903 	
174.599975585938 	-0.412700000000768 	174.599975585938 	0.085307248993992 	
174.700012207031 	-0.416900000000169 	174.700012207031 	0.0853072489939936 	
174.799987792969 	-0.412100000001374 	174.799987792969 	0.0853072489939952 	
174.899963378906 	-0.412700000000768 	174.899963378906 	0.0853072489939967 	
175 	-0.406400000003487 	175 	0.0853072489939981 	
175.099975585938 	-0.407200000001467 	175.099975585938 	0.0853072489939995 	
175.200012207031 	-0.404300000001967 	175.200012207031 	0.0853072489940009 	
175.299987792969 	-0.398700000001554 	175.299987792969 	0.0853072489940021 	
175.399963378906 	-0.391999999999825 	175.399963378906 	0.0853072489940033 	
175.5 	-0.386200000000827 	175.5 	0.0853072489940045 	
175.599975585938 	-0.386200000000827 	175.599975585938 	0.0853072489940056 	
175.700012207031 	-0.386200000000827 	175.700012207031 	0.0853072489940066 	
175.799987792969 	-0.388299999998708 	175.799987792969 	0.0853072489940076 	
175.899963378906 	-0.387800000000425 	175.899963378906 	0.0853072489940085 	
176 	-0.387800000000425 	176 	0.0853072489940094 	
176.099975585938 	-0.386200000000827 	176.099975585938 	0.0853072489940102 	
176.200012207031 	 	176.200012207031 	0.0853072489940109 	
176.299987792969 	 	176.299987792969 	0.0853072489940116 	
176.399963378906 	 	176.399963378906 	0.0853072489940122 	
176.5 	 	176.5 	0.0853072489940127 	
176.599975585938 	 	176.599975585938 	0.0853072489940132 	
176.700012207031 	 	176.700012207031 	0.0853072489940137 	
176.799987792969 	 	176.799987792969 	0.085307248994014 	
176.899963378906 	 	176.899963378906 	0.0853072489940144 	
177 	 	177 	0.0853072489940144 	
177.099975585938 	 	177.099975585938 	0.0587123788265991 	
177.200012207031 	 	177.200012207031 	0.0403993524507816 	
177.299987792969 	 	177.299987792969 	0.0278046999982593 	
177.399963378906 	 	177.399963378906 	0.0191364785314141 	
177.5 	 	177.5 	0.013167604509409 	
177.599975585938 	 	177.599975585938 	0.00906255350224011 	
177.700012207031 	 	177.700012207031 	0.00623584533464586 	
177.799987792969 	 	177.799987792969 	0.00429179672748317 	
177.899963378906 	 	177.899963378906 	0.00295381270079454 	
178 	 	178 	0.00203248666532896 	
178.099975585938 	 	178.099975585938 	0.00139885118307454 	
178.200012207031 	 	178.200012207031 	0.000962534416976588 	
178.299987792969 	 	178.299987792969 	0.000662460864576755 	
178.399963378906 	 	178.399963378906 	0.000455936285240903 	
178.5 	 	178.5 	0.000313724933270012 	
178.599975585938 	 	178.599975585938 	0.000215920049560531 	
178.700012207031 	-2.84110000000146 	178.700012207031 	0.000148572299945305 	
178.799987792969 	-2.45479999999952 	178.799987792969 	0.000102254348171502 	
178.899963378906 	-2.19800000000396 	178.899963378906 	7.03761842130474E-05 	
179 	-1.96129999999903 	179 	4.84252412879612E-05 	
179.099975585938 	-1.57779999999912 	179.099975585938 	3.33285831422375E-05 	
179.200012207031 	-1.47700000000259 	179.200012207031 	2.29331079968837E-05 	
179.299987792969 	-1.41630000000077 	179.299987792969 	1.57836655144711E-05 	
179.399963378906 	-1.27180000000226 	179.399963378906 	1.08630783439452E-05 	
179.5 	-1.1694000000025 	179.5 	7.47478761449183E-06 	
179.599975585938 	-1.10930000000371 	179.599975585938 	5.14450819374058E-06 	
179.700012207031 	-1.05080000000089 	179.700012207031 	3.53994031138947E-06 	
179.799987792969 	-0.940500000000611 	179.799987792969 	2.43645709717153E-06 	
179.899963378906 	-0.929500000002008 	179.899963378906 	1.67692451906725E-06 	
180 	-0.94550000000163 	180 	1.15390426806346E-06 	
180.099975585938 	-0.908400000000256 	180.099975585938 	7.94195429402391E-07 	
180.200012207031 	-0.859499999998661 	180.200012207031 	5.46489701253055E-07 	
180.299987792969 	-0.838800000001356 	180.299987792969 	3.76130961117973E-07 	
180.399963378906 	-0.831200000000536 	180.399963378906 	2.58877915057466E-07 	
180.5 	-0.839299999999639 	180.5 	1.78155280263723E-07 	
180.599975585938 	-0.837900000002264 	180.599975585938 	1.22677965499305E-07 	
180.700012207031 	-0.824400000001333 	180.700012207031 	8.44699658905063E-08 	
180.799987792969 	-0.806900000003225 	180.799987792969 	5.815680743118E-08 	
180.899963378906 	-0.805500000002212 	180.899963378906 	4.00326375132695E-08 	
181 	-0.802700000000186 	181 	2.75572071649571E-08 	
181.099975585938 	-0.807300000004034 	181.099975585938 	1.89774887946514E-08 	
181.200012207031 	-0.801400000000285 	181.200012207031 	1.30623289171988E-08 	
181.299987792969 	-0.802200000001903 	181.299987792969 	8.99443424292614E-09 	
181.399963378906 	-0.783400000000256 	181.399963378906 	6.20929798343128E-09 	
181.5 	-0.769700000004377 	181.5 	4.3737310465185E-09 	
181.599975585938 	-0.759200000004057 	181.599975585938 	3.10181809125262E-09 	
181.700012207031 	-0.75260000000344 	181.700012207031 	2.23522994639402E-09 	
181.799987792969 	-0.7541999999994 	181.799987792969 	1.56827428587146E-09 	
181.899963378906 	-0.744000000002416 	181.899963378906 	1.07436295276506E-09 	
182 	-0.738900000000285 	182 	7.10520536257369E-10 	
182.099975585938 	-0.732700000000477 	182.099975585938 	4.77708587068831E-10 	
182.200012207031 	-0.721600000000763 	182.200012207031 	3.33092594014572E-10 	
182.299987792969 	-0.716400000001158 	182.299987792969 	2.50266242681115E-10 	
182.399963378906 	-0.714600000002974 	182.399963378906 	1.87618189933375E-10 	
182.5 	-0.704400000002352 	182.5 	1.34194062805544E-10 	
182.599975585938 	-0.693999999999505 	182.599975585938 	8.65920161015785E-11 	
182.700012207031 	-0.680500000002212 	182.700012207031 	3.46567822442482E-11 	
182.799987792969 	-0.674300000002404 	182.799987792969 	-2.24913362391946E-11 	
182.899963378906 	-0.674999999999272 	182.899963378906 	-5.18459936305927E-11 	
183 	-0.675100000000384 	183 	-1.10815595465535E-10 	
183.099975585938 	-0.676400000000285 	183.099975585938 	-1.36736957867918E-10 	
183.200012207031 	-0.672099999999773 	183.200012207031 	-1.4453230307058E-10 	
183.299987792969 	-0.661500000001979 	183.299987792969 	-1.51473912017177E-10 	
183.399963378906 	-0.662000000000262 	183.399963378906 	-1.26157697982058E-10 	
183.5 	-0.661099999997532 	183.5 	-1.00286510026298E-10 	
183.599975585938 	-0.651900000000751 	183.599975585938 	-7.07451776148315E-11 	
183.700012207031 	-0.64770000000135 	183.700012207031 	-4.2090310619421E-11 	
183.799987792969 	-0.639100000003964 	183.799987792969 	-1.74279523170472E-11 	
183.899963378906 	-0.633600000001024 	183.899963378906 	-6.18753172050499E-12 	
184 	-0.631499999999505 	184 	-1.38111280969107E-12 	
184.099975585938 	-0.623800000001211 	184.099975585938 	-2.2539145718024E-12 	
184.200012207031 	-0.618100000003324 	184.200012207031 	-6.4686993660208E-12 	
184.299987792969 	-0.618800000000192 	184.299987792969 	-1.32882214928257E-11 	
184.399963378906 	-0.614099999998871 	184.399963378906 	-1.39558491902989E-11 	
184.5 	-0.609800000001997 	184.5 	-1.40920884612317E-11 	
184.599975585938 	-0.605800000001182 	184.599975585938 	-1.11879070648057E-11 	
184.700012207031 	-0.606599999999162 	184.700012207031 	-6.03025493629441E-12 	
184.799987792969 	-0.603199999997742 	184.799987792969 	5.94688991810035E-13 	
184.899963378906 	-0.598500000000058 	184.899963378906 	3.42638306700437E-12 	
185 	-0.587400000000343 	185 	1.18465235739688E-11 	
185.099975585938 	-0.591499999998632 	185.099975585938 	2.0692217251717E-11 	
185.200012207031 	-0.599600000001374 	185.200012207031 	2.6324771130025E-11 	
185.299987792969 	-0.60740000000078 	185.299987792969 	2.47697492903862E-11 	
185.399963378906 	-0.600399999999354 	185.399963378906 	3.14314256367265E-11 	
185.5 	-0.60229999999865 	185.5 	3.66096522363175E-11 	
185.599975585938 	-0.608100000001286 	185.599975585938 	3.71405323627946E-11 	
185.700012207031 	-0.597200000000157 	185.700012207031 	3.19313644558244E-11 	
185.799987792969 	-0.580000000001746 	185.799987792969 	3.16617088324584E-11 	
185.899963378906 	-0.564800000000105 	185.899963378906 	2.98936960056144E-11 	
186 	-0.615900000000693 	186 	2.5767450314376E-11 	
186.099975585938 	-0.654500000000553 	186.099975585938 	1.99329568186125E-11 	
186.200012207031 	-0.649400000002061 	186.200012207031 	1.54137529018811E-11 	
186.299987792969 	-0.643400000000838 	186.299987792969 	1.10673347651895E-11 	
186.399963378906 	-0.0689999999995052 	186.399963378906 	7.4558055214427E-12 	
186.5 	-1.04140000000189 	186.5 	4.54513919914929E-12 	
186.599975585938 	-1.13880000000063 	186.599975585938 	2.08564462136253E-12 	
186.700012207031 	-0.323599999999715 	186.700012207031 	5.23851783069465E-13 	
186.799987792969 	-0.225800000003801 	186.799987792969 	-1.16722970466678E-13 	
186.899963378906 	-0.234800000001997 	186.899963378906 	-1.87563231227491E-13 	
187 	-0.202800000002753 	187 	1.97443908715226E-13 	
187.099975585938 	-0.197900000002846 	187.099975585938 	9.72072908936755E-13 	
187.200012207031 	-0.158900000002177 	187.200012207031 	1.92618080329787E-12 	
187.299987792969 	-0.161299999999756 	187.299987792969 	2.7985475609277E-12 	
187.399963378906 	-0.136300000001938 	187.399963378906 	3.28068745972583E-12 	
187.5 	-0.111000000000786 	187.5 	3.01399300821162E-12 	
187.599975585938 	-0.0966999999982363 	187.599975585938 	6.20401923524769E-12 	
187.700012207031 	-0.0835000000006403 	187.700012207031 	1.14658207605558E-11 	
187.799987792969 	-0.0596000000005006 	187.799987792969 	1.75200664441629E-11 	
187.899963378906 	-0.0591000000022177 	187.899963378906 	2.4133675684713E-11 	
188 	-0.0149000000019441 	188 	3.10125899425199E-11 	
188.099975585938 	-0.0758999999998196 	188.099975585938 	3.77876923052738E-11 	
188.200012207031 	-0.197199999998702 	188.200012207031 	4.40438818500389E-11 	
188.299987792969 	-0.17870000000039 	188.299987792969 	4.92881893960591E-11 	
188.399963378906 	0.29660000000149 	188.399963378906 	5.29772751566156E-11 	
188.5 	0.449300000000221 	188.5 	5.45016567959597E-11 	
188.599975585938 	0.0671000000002095 	188.599975585938 	5.31872399364115E-11 	
188.700012207031 	0.128999999997177 	188.700012207031 	4.82972813786012E-11 	
188.799987792969 	0.0240999999987253 	188.799987792969 	3.90409017314169E-11 	
188.899963378906 	-0.110899999999674 	188.899963378906 	4.03009425169214E-11 	
189 	-0.212500000001455 	189 	4.71732176635155E-11 	
189.099975585938 	-0.381600000000617 	189.099975585938 	5.39620280029149E-11 	
189.200012207031 	-0.538400000001275 	189.200012207031 	6.04288199591939E-11 	
189.299987792969 	-0.600000000002183 	189.299987792969 	6.62892989449035E-11 	
189.399963378906 	-0.497499999997672 	189.399963378906 	7.12415273626742E-11 	
189.5 	-0.55370000000039 	189.5 	7.49515696474548E-11 	
189.599975585938 	-0.451300000000629 	189.599975585938 	7.70492197058337E-11 	
189.700012207031 	-0.485499999998865 	189.700012207031 	7.71412764487855E-11 	
189.799987792969 	-0.525500000003376 	189.799987792969 	7.48024256330977E-11 	
189.899963378906 	-0.537599999999657 	189.899963378906 	6.95786451717632E-11 	
190 	-0.592599999999948 	190 	6.09790872182285E-11 	
190.099975585938 	-0.611500000002707 	190.099975585938 	4.84997680794805E-11 	
190.200012207031 	-0.61960000000181 	190.200012207031 	4.29118929608728E-11 	
190.299987792969 	-0.637300000002142 	190.299987792969 	4.22527907877638E-11 	
190.399963378906 	-0.640200000001641 	190.399963378906 	4.13649937657398E-11 	
190.5 	-0.650999999998021 	190.5 	4.02290580023897E-11 	
190.599975585938 	-0.64679999999862 	190.599975585938 	3.88262073805341E-11 	
190.700012207031 	-0.630400000001828 	190.700012207031 	3.71330676891047E-11 	
190.799987792969 	-0.618000000002212 	190.799987792969 	3.5128579824383E-11 	
190.899963378906 	-0.589900000002672 	190.899963378906 	3.2787207187365E-11 	
191 	-0.572900000002846 	191 	3.00811080165591E-11 	
191.099975585938 	-0.549399999999878 	191.099975585938 	2.69860153532888E-11 	
191.200012207031 	-0.537700000004406 	191.200012207031 	2.34690758838827E-11 	
191.299987792969 	-0.524499999999534 	191.299987792969 	1.95040491644926E-11 	
191.399963378906 	-0.505699999997887 	191.399963378906 	1.50569233280804E-11 	
191.5 	-0.483900000002905 	191.5 	1.14209695733043E-11 	
191.599975585938 	-0.466300000000047 	191.599975585938 	8.62170742028406E-12 	
191.700012207031 	-0.45140000000174 	191.700012207031 	5.9255451143114E-12 	
191.799987792969 	-0.430700000000797 	191.799987792969 	3.37722815319856E-12 	
191.899963378906 	-0.411400000000867 	191.899963378906 	1.01868866224873E-12 	
192 	-0.403999999998632 	192 	-1.10549649152414E-12 	
192.099975585938 	-0.405800000004092 	192.099975585938 	-2.94474072491517E-12 	
192.200012207031 	-0.406200000001263 	192.200012207031 	-4.45107447510484E-12 	
192.299987792969 	-0.403600000001461 	192.299987792969 	-5.57030528972567E-12 	
192.399963378906 	-0.393000000000029 	192.399963378906 	-6.2489528038713E-12 	
192.5 	-0.396300000003976 	192.5 	-6.4302793489964E-12 	
192.599975585938 	-0.398400000001857 	192.599975585938 	-6.05517027697222E-12 	
192.700012207031 	-0.405899999997928 	192.700012207031 	-5.06204457402269E-12 	
192.799987792969 	-0.40860000000248 	192.799987792969 	-4.57462024311462E-12 	
192.899963378906 	-0.410599999999249 	192.899963378906 	-4.8124954696496E-12 	
193 	-0.405399999999645 	193 	-4.91901620313742E-12 	
193.099975585938 	-0.405699999999342 	193.099975585938 	-4.9028436018483E-12 	
193.200012207031 	-0.405099999999948 	193.200012207031 	-4.7742109817756E-12 	
193.299987792969 	-0.406599999998434 	193.299987792969 	-4.54497361221358E-12 	
193.399963378906 	-0.409800000001269 	193.399963378906 	-4.22823138625349E-12 	
193.5 	-0.420500000003813 	193.5 	-3.83832494654898E-12 	
193.599975585938 	-0.420099999999366 	193.599975585938 	-3.39178868534648E-12 	
193.700012207031 	-0.415000000000873 	193.700012207031 	-2.90560382602337E-12 	
193.799987792969 	-0.414800000002288 	193.799987792969 	-2.39932940884349E-12 	
193.899963378906 	-0.412400000001071 	193.899963378906 	-1.89308791889843E-12 	
194 	-0.408500000001368 	194 	-1.40845639094992E-12 	
194.099975585938 	-0.40650000000096 	194.099975585938 	-8.34750614649457E-13 	
194.200012207031 	-0.408900000002177 	194.200012207031 	-1.30455480453507E-13 	
194.299987792969 	-0.412000000000262 	194.299987792969 	5.63765831042183E-13 	
194.399963378906 	-0.411400000000867 	194.399963378906 	1.23067721397412E-12 	
194.5 	-0.413000000000466 	194.5 	1.8519858403615E-12 	
194.599975585938 	-0.411200000002282 	194.599975585938 	2.40728071895942E-12 	
194.700012207031 	-0.408800000001065 	194.700012207031 	2.87658080847826E-12 	
194.799987792969 	-0.407200000001467 	194.799987792969 	3.23768177306751E-12 	
194.899963378906 	-0.403900000001158 	194.899963378906 	3.4682888437085E-12 	
195 	-0.403100000003178 	195 	3.54479851531205E-12 	
195.099975585938 	-0.402400000002672 	195.099975585938 	3.44251780795921E-12 	
195.200012207031 	-0.40230000000156 	195.200012207031 	3.13571196966636E-12 	
195.299987792969 	-0.401600000001054 	195.299987792969 	2.59817692968935E-12 	
195.399963378906 	-0.401600000001054 	195.399963378906 	2.46352980096981E-12 	
195.5 	-0.399600000000646 	195.5 	3.16497033375862E-12 	
195.599975585938 	-0.399000000001251 	195.599975585938 	3.9142267914377E-12 	
195.700012207031 	-0.397300000000541 	195.700012207031 	4.70512626473068E-12 	
195.799987792969 	-0.398300000000745 	195.799987792969 	5.52843399598273E-12 	
195.899963378906 	-0.39890000000014 	195.899963378906 	6.37516823721537E-12 	
196 	-0.39600000000064 	196 	7.23521606107233E-12 	
196.099975585938 	-0.397300000000541 	196.099975585938 	8.09569568172766E-12 	
196.200012207031 	-0.395199999999022 	196.200012207031 	8.94462716877781E-12 	
196.299987792969 	-0.394800000001851 	196.299987792969 	9.76676695991624E-12 	
196.399963378906 	-0.393299999999726 	196.399963378906 	1.05472505899096E-11 	
196.5 	-0.391100000000733 	196.5 	1.12699234578478E-11 	
196.599975585938 	-0.387699999999313 	196.599975585938 	1.19161334198301E-11 	
196.700012207031 	-0.387800000000425 	196.700012207031 	1.2467696097193E-11 	
196.799987792969 	-0.386300000001938 	196.799987792969 	1.29037928030557E-11 	
196.899963378906 	-0.383500000003551 	196.899963378906 	1.32034685753617E-11 	
197 	-0.381400000002031 	197 	1.33442468652524E-11 	
197.099975585938 	-0.379300000000512 	197.099975585938 	1.33022475986007E-11 	
197.200012207031 	-0.374499999998079 	197.200012207031 	1.305250326769E-11 	
197.299987792969 	-0.373400000000402 	197.299987792969 	1.25692349948034E-11 	
197.399963378906 	-0.369200000001001 	197.399963378906 	1.18250989146625E-11 	
197.5 	-0.368399999999383 	197.5 	1.07909256292348E-11 	
197.599975585938 	-0.363600000000588 	197.599975585938 	9.43833081567701E-12 	
197.700012207031 	-0.362600000000384 	197.700012207031 	7.73480390276426E-12 	
197.799987792969 	-0.361300000000483 	197.799987792969 	6.03732246660662E-12 	
197.899963378906 	-0.356800000001385 	197.899963378906 	6.56058709148593E-12 	
198 	-0.352100000000064 	198 	7.09363638551943E-12 	
198.099975585938 	-0.350400000002992 	198.099975585938 	7.63027080435739E-12 	
198.200012207031 	-0.347499999999854 	198.200012207031 	8.16510137910065E-12 	
198.299987792969 	-0.344499999999243 	198.299987792969 	8.69094599961505E-12 	
198.399963378906 	-0.341499999998632 	198.399963378906 	9.20111616463978E-12 	
198.5 	-0.341200000002573 	198.5 	9.68839459466562E-12 	
198.599975585938 	-0.341599999999744 	198.599975585938 	1.0144186766699E-11 	
198.700012207031 	-0.344100000002072 	198.700012207031 	1.05605521773506E-11 	
198.799987792969 	-0.345499999999447 	198.799987792969 	1.09280024435166E-11 	
198.899963378906 	-0.345000000001164 	198.899963378906 	1.12373389088038E-11 	
199 	-0.344700000001467 	199 	1.14787304857679E-11 	
199.099975585938 	-0.344600000000355 	199.099975585938 	1.16414318655585E-11 	
199.200012207031 	-0.344100000002072 	199.200012207031 	1.1714691854563E-11 	
199.299987792969 	-0.343700000001263 	199.299987792969 	1.16869899153872E-11 	
199.399963378906 	-0.345399999998335 	199.399963378906 	1.15464839167608E-11 	
199.5 	-0.346799999999348 	199.5 	1.12805657222339E-11 	
199.599975585938 	-0.345300000000861 	199.599975585938 	1.08766582400504E-11 	
199.700012207031 	-0.345600000000559 	199.700012207031 	1.03208656204774E-11 	
199.799987792969 	-0.340000000000146 	199.799987792969 	9.59998410067319E-12 	
199.899963378906 	-0.337299999999232 	199.899963378906 	8.69935734966406E-12 	
200 	-0.337400000000343 	200 	7.60339953584176E-12 	
200.099975585938 	-0.334800000000541 	200.099975585938 	6.29809559765982E-12 	
200.200012207031 	-0.334700000003068 	200.200012207031 	4.76599625320357E-12 	
200.299987792969 	-0.333099999999831 	200.299987792969 	5.49785042140752E-12 	
200.399963378906 	-0.330700000002253 	200.399963378906 	6.77691932453499E-12 	
200.5 	-0.328799999999319 	200.5 	8.18492064605114E-12 	
200.599975585938 	-0.329500000003463 	200.599975585938 	9.71788874800588E-12 	
200.700012207031 	-0.333400000003166 	200.700012207031 	1.13743805194085E-11 	
200.799987792969 	-0.332699999999022 	200.799987792969 	1.31479475264978E-11 	
200.899963378906 	-0.330100000002858 	200.899963378906 	1.50339740190931E-11 	
201 	-0.333200000000943 	201 	1.70269027268748E-11 	
201.099975585938 	-0.335800000000745 	201.099975585938 	1.91162287086232E-11 	
201.200012207031 	-0.337499999997817 	201.200012207031 	2.12951063590191E-11 	
201.299987792969 	-0.336299999999028 	201.299987792969 	2.35501216198219E-11 	
201.399963378906 	-0.336299999999028 	201.399963378906 	2.58704124056517E-11 	
201.5 	-0.33549999999741 	201.5 	2.82438083976887E-11 	
201.599975585938 	-0.33719999999812 	201.599975585938 	3.06522583271651E-11 	
201.700012207031 	-0.337899999998626 	201.700012207031 	3.30819668906054E-11 	
201.799987792969 	-0.338700000000244 	201.799987792969 	3.5511629253938E-11 	
201.899963378906 	-0.333800000000338 	201.899963378906 	3.79227259848849E-11 	
202 	-0.332300000001851 	202 	4.02949731738002E-11 	
202.099975585938 	-0.337500000001455 	202.099975585938 	4.26019823757889E-11 	
202.200012207031 	-0.338400000000547 	202.200012207031 	4.48212375383291E-11 	
202.299987792969 	-0.34059999999954 	202.299987792969 	4.69228494185909E-11 	
202.399963378906 	-0.341000000000349 	202.399963378906 	4.88791163837426E-11 	
202.5 	-0.34519999999975 	202.5 	5.06600112086469E-11 	
202.599975585938 	-0.350800000003801 	202.599975585938 	5.22302719538704E-11 	
202.700012207031 	-0.354100000000471 	202.700012207031 	5.35566285654248E-11 	
202.799987792969 	-0.34610000000248 	202.799987792969 	5.46001836316872E-11 	
202.899963378906 	-0.331100000003062 	202.899963378906 	5.53223954464257E-11 	
203 	-0.315200000000914 	203 	5.56817153847707E-11 	
203.099975585938 	-0.312500000003638 	203.099975585938 	5.56337645789794E-11 	
203.200012207031 	-0.313000000001921 	203.200012207031 	5.51321851651751E-11 	
203.299987792969 	-0.309200000003329 	203.299987792969 	5.41289560302706E-11 	
203.399963378906 	-0.308600000000297 	203.399963378906 	5.25728853253608E-11 	
203.5 	-0.304299999999785 	203.5 	5.04089574047939E-11 	
203.599975585938 	-0.298200000001088 	203.599975585938 	4.75837642778547E-11 	
203.700012207031 	-0.297400000003108 	203.700012207031 	4.40351875518852E-11 	
203.799987792969 	-0.297500000000582 	203.799987792969 	3.97063134614965E-11 	
203.899963378906 	-0.298500000004424 	203.899963378906 	3.45313185721757E-11 	
204 	-0.29569999999876 	204 	2.84395878823934E-11 	
204.099975585938 	-0.303199999998469 	204.099975585938 	2.13691416773788E-11 	
204.200012207031 	-0.311600000000908 	204.200012207031 	2.33885321934448E-11 	
204.299987792969 	-0.306899999999587 	204.299987792969 	2.66191713407337E-11 	
204.399963378906 	-0.314399999999296 	204.399963378906 	2.99651072666278E-11 	
204.5 	-0.315800000000309 	204.5 	3.34176952925912E-11 	
204.599975585938 	-0.320100000000821 	204.599975585938 	3.69607601087519E-11 	
204.700012207031 	-0.315500000000611 	204.700012207031 	4.05854444705272E-11 	
204.799987792969 	-0.311999999998079 	204.799987792969 	4.42729081005078E-11 	
204.899963378906 	-0.309000000001106 	204.899963378906 	4.80096515266838E-11 	
205 	-0.312400000002526 	205 	5.17809816358831E-11 	
205.099975585938 	-0.31340000000273 	205.099975585938 	5.55639400084287E-11 	
205.200012207031 	-0.299900000001799 	205.200012207031 	5.93433913698361E-11 	
205.299987792969 	-0.279200000000856 	205.299987792969 	6.30935695595146E-11 	
205.399963378906 	-0.257200000000012 	205.399963378906 	6.6794191268833E-11 	
205.5 	-0.245200000001205 	205.5 	7.0423366615573E-11 	
205.599975585938 	-0.22700000000259 	205.599975585938 	7.39510593723304E-11 	
205.700012207031 	-0.22190000000046 	205.700012207031 	7.7354393836825E-11 	
205.799987792969 	-0.226600000001781 	205.799987792969 	8.06004686694982E-11 	
205.899963378906 	-0.23750000000291 	205.899963378906 	8.36610470336386E-11 	
206 	-0.256800000002841 	206 	8.650578196534E-11 	
206.099975585938 	-0.287599999999657 	206.099975585938 	8.90974860723739E-11 	
206.200012207031 	-0.321199999998498 	206.200012207031 	9.14038542530686E-11 	
206.299987792969 	-0.326500000002852 	206.299987792969 	9.33848724996893E-11 	
206.399963378906 	-0.34860000000117 	206.399963378906 	9.50030661605166E-11 	
206.5 	-0.343000000000757 	206.5 	9.62182458176898E-11 	
206.599975585938 	-0.3125 	206.599975585938 	9.6986247060668E-11 	
206.700012207031 	-0.307900000003428 	206.700012207031 	9.72633936803081E-11 	
206.799987792969 	-0.342000000000553 	206.799987792969 	9.70028394808507E-11 	
206.899963378906 	-0.33810000000085 	206.899963378906 	9.61564600317798E-11 	
207 	-0.299700000003213 	207 	9.46726999479994E-11 	
207.099975585938 	-0.245000000002619 	207.099975585938 	9.25008656135583E-11 	
207.200012207031 	-0.221800000002986 	207.200012207031 	8.95836891044958E-11 	
207.299987792969 	-0.184700000001612 	207.299987792969 	8.58680566493212E-11 	
207.399963378906 	-0.211500000001251 	207.399963378906 	8.12936413166828E-11 	
207.5 	-0.262500000000728 	207.5 	7.57958470185619E-11 	
207.599975585938 	-0.35989999999947 	207.599975585938 	6.93181985756717E-11 	
207.700012207031 	-0.378600000003644 	207.700012207031 	6.17873106798395E-11 	
207.799987792969 	-0.401000000001659 	207.799987792969 	5.3144676891061E-11 	
207.899963378906 	-0.401499999999942 	207.899963378906 	4.33160612154666E-11 	
208 	-0.351600000001781 	208 	3.22219878226311E-11 	
208.099975585938 	-0.336899999998423 	208.099975585938 	2.86684308904588E-11 	
208.200012207031 	-0.28360000000248 	208.200012207031 	2.54489155628205E-11 	
208.299987792969 	-0.264500000001135 	208.299987792969 	2.21305827618764E-11 	
208.399963378906 	-0.248100000000704 	208.399963378906 	1.87282458344127E-11 	
208.5 	-0.298400000003312 	208.5 	1.52579442577518E-11 	
208.599975585938 	-0.317800000000716 	208.599975585938 	1.1743560887022E-11 	
208.700012207031 	-0.344100000002072 	208.700012207031 	8.20197159133898E-12 	
208.799987792969 	-0.359400000001187 	208.799987792969 	4.66018480153252E-12 	
208.899963378906 	-0.356700000000274 	208.899963378906 	1.14029216858018E-12 	
209 	-0.331900000001042 	209 	-2.33395204144793E-12 	
209.099975585938 	-0.333900000001449 	209.099975585938 	-5.7307975880291E-12 	
209.200012207031 	-0.342600000003586 	209.200012207031 	-9.02517823565267E-12 	
209.299987792969 	-0.326799999998912 	209.299987792969 	-1.21821691715877E-11 	
209.399963378906 	-0.313700000002427 	209.399963378906 	-1.51711767642802E-11 	
209.5 	-0.308799999998882 	209.5 	-1.79594101212646E-11 	
209.599975585938 	-0.300899999998364 	209.599975585938 	-2.05072049273458E-11 	
209.700012207031 	-0.297800000000279 	209.700012207031 	-2.27795220697176E-11 	
209.799987792969 	-0.289100000001781 	209.799987792969 	-2.47335772658992E-11 	
209.899963378906 	-0.286599999999453 	209.899963378906 	-2.6328927157851E-11 	
210 	-0.29490000000078 	210 	-2.75222874708235E-11 	
210.099975585938 	-0.29739999999947 	210.099975585938 	-2.82663002503875E-11 	
210.200012207031 	-0.289700000001176 	210.200012207031 	-2.85138984456387E-11 	
210.299987792969 	-0.278400000002875 	210.299987792969 	-2.82147731915853E-11 	
210.399963378906 	-0.271200000002864 	210.399963378906 	-2.73171460261323E-11 	
210.5 	-0.271400000001449 	210.5 	-2.57656340559793E-11 	
210.599975585938 	-0.277799999999843 	210.599975585938 	-2.3505700371892E-11 	
210.700012207031 	-0.26299999999901 	210.700012207031 	-2.04758952498887E-11 	
210.799987792969 	-0.252900000003137 	210.799987792969 	-1.66190252290686E-11 	
210.899963378906 	-0.243500000000495 	210.899963378906 	-1.35378563815714E-11 	
211 	-0.232000000003609 	211 	-1.44795317150159E-11 	
211.099975585938 	-0.233800000001793 	211.099975585938 	-1.53379174217978E-11 	
211.200012207031 	-0.227100000000064 	211.200012207031 	-1.61112318923677E-11 	
211.299987792969 	-0.233400000000984 	211.299987792969 	-1.67959181376484E-11 	
211.399963378906 	-0.243300000001909 	211.399963378906 	-1.7390086184906E-11 	
211.5 	-0.264699999999721 	211.5 	-1.7891858988391E-11 	
211.599975585938 	-0.278400000002875 	211.599975585938 	-1.82987124289029E-11 	
211.700012207031 	-0.298399999999674 	211.700012207031 	-1.86094837739835E-11 	
211.799987792969 	-0.308799999998882 	211.799987792969 	-1.88223992350201E-11 	
211.899963378906 	-0.29660000000149 	211.899963378906 	-1.89365574480936E-11 	
212 	-0.290399999998044 	212 	-1.89510994163056E-11 	
212.099975585938 	-0.292200000003504 	212.099975585938 	-1.88654629290799E-11 	
212.200012207031 	-0.284599999999045 	212.200012207031 	-1.86793019714242E-11 	
212.299987792969 	-0.275799999999435 	212.299987792969 	-1.83929155669217E-11 	
212.399963378906 	-0.262100000003556 	212.399963378906 	-1.80066154648206E-11 	
212.5 	-0.249599999999191 	212.5 	-1.75208025197931E-11 	
212.599975585938 	-0.246700000003329 	212.599975585938 	-1.69371400927484E-11 	
212.700012207031 	-0.244699999999284 	212.700012207031 	-1.62563399764117E-11 	
212.799987792969 	-0.243500000000495 	212.799987792969 	-1.54810188564614E-11 	
212.899963378906 	-0.247699999999895 	212.899963378906 	-1.46129481027083E-11 	
213 	-0.243800000000192 	213 	-1.36540552506058E-11 	
213.099975585938 	-0.232200000002194 	213.099975585938 	-1.26084435981742E-11 	
213.200012207031 	-0.230800000001182 	213.200012207031 	-1.14781746452978E-11 	
213.299987792969 	-0.217400000001362 	213.299987792969 	-1.0268375268505E-11 	
213.399963378906 	-0.208899999997811 	213.399963378906 	-8.98254874826317E-12 	
213.5 	-0.216600000003382 	213.5 	-7.62444493616475E-12 	
213.599975585938 	-0.234000000000378 	213.599975585938 	-6.20076457641953E-12 	
213.700012207031 	-0.23609999999826 	213.700012207031 	-4.71526914401462E-12 	
213.799987792969 	-0.243099999999686 	213.799987792969 	-3.23634547816307E-12 	
213.899963378906 	-0.239399999998568 	213.899963378906 	-1.76097557696576E-12 	
214 	-0.239300000001094 	214 	-2.58791759919411E-13 	
214.099975585938 	-0.234500000002299 	214.099975585938 	1.25985797446965E-12 	
214.200012207031 	-0.236800000002404 	214.200012207031 	2.78776137949966E-12 	
214.299987792969 	-0.235700000001088 	214.299987792969 	4.31344005198586E-12 	
214.399963378906 	-0.235500000002503 	214.399963378906 	5.82765037289735E-12 	
214.5 	-0.234800000001997 	214.5 	7.32054427927142E-12 	
214.599975585938 	-0.23330000000351 	214.599975585938 	8.77895801762971E-12 	
214.700012207031 	-0.231500000001688 	214.700012207031 	1.01927232130075E-11 	
214.799987792969 	-0.230400000000373 	214.799987792969 	1.15475673605559E-11 	
214.899963378906 	-0.231300000003102 	214.899963378906 	1.28312089205441E-11 	
215 	-0.22700000000259 	215 	1.40305628392086E-11 	
215.099975585938 	-0.226300000002084 	215.099975585938 	1.51297307610392E-11 	
215.200012207031 	-0.221800000002986 	215.200012207031 	1.61149571701523E-11 	
215.299987792969 	-0.221000000001368 	215.299987792969 	1.69692934043108E-11 	
215.399963378906 	-0.220400000001973 	215.399963378906 	1.76769672736811E-11 	
215.5 	-0.224700000002485 	215.5 	1.82211655966253E-11 	
215.599975585938 	-0.224400000002788 	215.599975585938 	1.85834309743146E-11 	
215.700012207031 	-0.224200000000565 	215.700012207031 	1.87456937093208E-11 	
215.799987792969 	-0.222200000000157 	215.799987792969 	1.86885445764606E-11 	
215.899963378906 	-0.221099999998842 	215.899963378906 	1.83922195867376E-11 	
216 	-0.220400000001973 	216 	1.78356346300095E-11 	
216.099975585938 	-0.220000000001164 	216.099975585938 	1.69980513391032E-11 	
216.200012207031 	-0.218899999999849 	216.200012207031 	1.58562546559625E-11 	
216.299987792969 	-0.215400000000955 	216.299987792969 	1.43886961475545E-11 	
216.399963378906 	-0.214899999999034 	216.399963378906 	1.25710664017577E-11 	
216.5 	-0.21310000000085 	216.5 	1.0377411860496E-11 	
216.599975585938 	-0.213400000000547 	216.599975585938 	7.78510188997492E-12 	
216.700012207031 	-0.213700000000244 	216.700012207031 	9.04395550707474E-12 	
216.799987792969 	-0.212100000000646 	216.799987792969 	1.07201399382571E-11 	
216.899963378906 	-0.213300000003073 	216.899963378906 	1.24975961978039E-11 	
217 	-0.213100000004488 	217 	1.43762242726064E-11 	
217.099975585938 	-0.211999999999534 	217.099975585938 	1.63519059879406E-11 	
217.200012207031 	-0.213999999999942 	217.200012207031 	1.84246548938974E-11 	
217.299987792969 	-0.21140000000014 	217.299987792969 	2.05889515349125E-11 	
217.399963378906 	-0.209900000001653 	217.399963378906 	2.2842427571462E-11 	
217.5 	-0.211500000001251 	217.5 	2.51822940801449E-11 	
217.599975585938 	-0.208500000004278 	217.599975585938 	2.76007918364193E-11 	
217.700012207031 	-0.20679999999993 	217.700012207031 	3.00952826476367E-11 	
217.799987792969 	-0.207800000000134 	217.799987792969 	3.26564309960063E-11 	
217.899963378906 	-0.206099999999424 	217.899963378906 	3.52787214008601E-11 	
218 	-0.207399999999325 	218 	3.79560376476713E-11 	
218.099975585938 	-0.205800000003364 	218.099975585938 	4.06765725293296E-11 	
218.200012207031 	-0.204900000000634 	218.200012207031 	4.34343057782902E-11 	
218.299987792969 	-0.205400000002555 	218.299987792969 	4.62157212378207E-11 	
218.399963378906 	-0.204200000000128 	218.399963378906 	4.90115073130356E-11 	
218.5 	-0.201600000000326 	218.5 	5.18115257695035E-11 	
218.599975585938 	-0.202799999999115 	218.599975585938 	5.45996254778787E-11 	
218.700012207031 	-0.204499999999825 	218.700012207031 	5.73655593638285E-11 	
218.799987792969 	-0.201800000002549 	218.799987792969 	6.00913838613504E-11 	
218.899963378906 	-0.198500000002241 	218.899963378906 	6.27632842364768E-11 	
219 	-0.198400000001129 	219 	6.53663406420411E-11 	
219.099975585938 	-0.20089999999982 	219.099975585938 	6.78798901120944E-11 	
219.200012207031 	-0.196800000001531 	219.200012207031 	7.0288482601675E-11 	
219.299987792969 	-0.191399999999703 	219.299987792969 	7.2569635203781E-11 	
219.399963378906 	-0.191500000000815 	219.399963378906 	7.47042564526018E-11 	
219.5 	-0.18840000000273 	219.5 	7.66718119152457E-11 	
219.599975585938 	-0.1875 	219.599975585938 	7.84471039323049E-11 	
219.700012207031 	-0.188099999999395 	219.700012207031 	8.00083548601845E-11 	
219.799987792969 	-0.186799999999494 	219.799987792969 	8.13285823899686E-11 	
219.899963378906 	-0.190399999999499 	219.899963378906 	8.23825696472376E-11 	
220 	-0.188200000000506 	220 	8.31432527441191E-11 	
220.099975585938 	-0.188000000001921 	220.099975585938 	8.35810385606175E-11 	
220.200012207031 	-0.185600000000704 	220.200012207031 	8.36665317301231E-11 	
220.299987792969 	-0.186399999998685 	220.299987792969 	8.33684593839187E-11 	
220.399963378906 	-0.18500000000131 	220.399963378906 	8.26545469620994E-11 	
220.5 	-0.185300000001007 	220.5 	8.14901958401833E-11 	
220.599975585938 	-0.184900000000198 	220.599975585938 	7.98417357923981E-11 	
220.700012207031 	-0.185800000002928 	220.700012207031 	7.76706810761468E-11 	
220.799987792969 	-0.184799999999086 	220.799987792969 	7.4941863040266E-11 	
220.899963378906 	-0.181300000000192 	220.899963378906 	7.16149250462702E-11 	
221 	-0.179800000001705 	221 	6.76466295229594E-11 	
221.099975585938 	-0.180199999998877 	221.099975585938 	6.29997436477504E-11 	
221.200012207031 	-0.177200000001903 	221.200012207031 	5.76250190882814E-11 	
221.299987792969 	-0.175800000000891 	221.299987792969 	5.1483989155753E-11 	
221.399963378906 	-0.175800000000891 	221.399963378906 	4.45270901076794E-11 	
221.5 	-0.173000000002503 	221.5 	3.67012337714468E-11 	
221.599975585938 	-0.171399999999267 	221.599975585938 	2.79663524229952E-11 	
221.700012207031 	-0.169099999999162 	221.700012207031 	2.45161452955687E-11 	
221.799987792969 	-0.168200000003708 	221.799987792969 	2.32843339329039E-11 	
221.899963378906 	-0.164700000001176 	221.899963378906 	2.19978029382855E-11 	
222 	-0.162700000000768 	222 	2.0659656492256E-11 	
222.099975585938 	-0.165799999998853 	222.099975585938 	1.92758313998754E-11 	
222.200012207031 	-0.164700000001176 	222.200012207031 	1.78493212981183E-11 	
222.299987792969 	-0.16439999999784 	222.299987792969 	1.63869308317968E-11 	
222.399963378906 	-0.162299999999959 	222.399963378906 	1.48932564318518E-11 	
222.5 	-0.159300000002986 	222.5 	1.33732206274285E-11 	
222.599975585938 	-0.159499999997934 	222.599975585938 	1.18349488450907E-11 	
222.700012207031 	-0.161400000000867 	222.700012207031 	1.02832589553633E-11 	
222.799987792969 	-0.16030000000319 	222.799987792969 	8.72716403636424E-12 	
222.899963378906 	-0.160600000002887 	222.899963378906 	7.17327410192381E-12 	
223 	-0.157800000000861 	223 	5.62865158975432E-12 	
223.099975585938 	-0.156300000002375 	223.099975585938 	4.10364111482435E-12 	
223.200012207031 	-0.154300000001967 	223.200012207031 	2.60531225046964E-12 	
223.299987792969 	-0.150900000004185 	223.299987792969 	1.14489115901449E-12 	
223.399963378906 	-0.150499999999738 	223.399963378906 	-2.68670521880015E-13 	
223.5 	-0.149400000002061 	223.5 	-1.62581513463401E-12 	
223.599975585938 	-0.149600000004284 	223.599975585938 	-2.914015132593E-12 	
223.700012207031 	-0.14719999999943 	223.700012207031 	-4.1234535882101E-12 	
223.799987792969 	-0.14860000000408 	223.799987792969 	-5.24075614471353E-12 	
223.899963378906 	-0.147400000001653 	223.899963378906 	-6.2542670688665E-12 	
224 	-0.150000000001455 	224 	-7.15154102449346E-12 	
224.099975585938 	-0.150499999999738 	224.099975585938 	-7.9179774057758E-12 	
224.200012207031 	-0.148799999999028 	224.200012207031 	-8.54044130523279E-12 	
224.299987792969 	-0.149300000000949 	224.299987792969 	-9.00355139424601E-12 	
224.399963378906 	-0.147900000003574 	224.399963378906 	-9.29254754536333E-12 	
224.5 	-0.147499999999127 	224.5 	-9.39166374156605E-12 	
224.599975585938 	-0.147800000002462 	224.599975585938 	-9.28441659837941E-12 	
224.700012207031 	-0.149700000001758 	224.700012207031 	-8.95370083616045E-12 	
224.799987792969 	-0.154500000000553 	224.799987792969 	-8.38235250207007E-12 	
224.899963378906 	-0.155399999999645 	224.899963378906 	-7.55206555281489E-12 	
225 	-0.149799999999232 	225 	-6.44327634867476E-12 	
225.099975585938 	-0.147100000001956 	225.099975585938 	-5.03789620719586E-12 	
225.200012207031 	-0.149700000001758 	225.200012207031 	-5.07257198289512E-12 	
225.299987792969 	-0.151499999999942 	225.299987792969 	-5.96944147510153E-12 	
225.399963378906 	-0.146100000001752 	225.399963378906 	-6.84303580976176E-12 	
225.5 	-0.147000000000844 	225.5 	-7.69132281099327E-12 	
225.599975585938 	-0.142400000000634 	225.599975585938 	-8.51067408744653E-12 	
225.700012207031 	-0.144499999998516 	225.700012207031 	-9.29944410058453E-12 	
225.799987792969 	-0.145100000001548 	225.799987792969 	-1.00539760677149E-11 	
225.899963378906 	-0.143700000000536 	225.899963378906 	-1.07720177241674E-11 	
226 	-0.141900000002352 	226 	-1.14511773562198E-11 	
226.099975585938 	-0.143799999998009 	226.099975585938 	-1.20877810633243E-11 	
226.200012207031 	-0.141300000002957 	226.200012207031 	-1.26797085059823E-11 	
226.299987792969 	-0.137299999998504 	226.299987792969 	-1.32232920653155E-11 	
226.399963378906 	-0.136800000000221 	226.399963378906 	-1.37159131871395E-11 	
226.5 	-0.136399999999412 	226.5 	-1.41547789487979E-11 	
226.599975585938 	-0.133400000002439 	226.599975585938 	-1.4536258915194E-11 	
226.700012207031 	-0.139200000001438 	226.700012207031 	-1.48576717094918E-11 	
226.799987792969 	-0.137500000000728 	226.799987792969 	-1.5115430908722E-11 	
226.899963378906 	-0.136599999997998 	226.899963378906 	-1.53065092334972E-11 	
227 	-0.137800000000425 	227 	-1.54276670725804E-11 	
227.099975585938 	-0.141100000004371 	227.099975585938 	-1.54754140545888E-11 	
227.200012207031 	-0.140300000002753 	227.200012207031 	-1.54464139183843E-11 	
227.299987792969 	-0.135800000000017 	227.299987792969 	-1.53372610665663E-11 	
227.399963378906 	-0.136699999999109 	227.399963378906 	-1.51444732568176E-11 	
227.5 	-0.136100000003353 	227.5 	-1.48643149336821E-11 	
227.599975585938 	-0.131600000000617 	227.599975585938 	-1.44935399462491E-11 	
227.700012207031 	-0.132100000002538 	227.700012207031 	-1.40280557566421E-11 	
227.799987792969 	-0.131000000001222 	227.799987792969 	-1.34647447551363E-11 	
227.899963378906 	-0.128100000001723 	227.899963378906 	-1.27996197292794E-11 	
228 	-0.128200000002835 	228 	-1.20283961803228E-11 	
228.099975585938 	-0.127200000002631 	228.099975585938 	-1.11481838279653E-11 	
228.200012207031 	-0.126299999999901 	228.200012207031 	-1.01540249848009E-11 	
228.299987792969 	-0.123500000001513 	228.299987792969 	-9.04320465821839E-12 	
228.399963378906 	-0.121700000003329 	228.399963378906 	-7.81117692150466E-12 	
228.5 	-0.121000000002823 	228.5 	-6.45305162266949E-12 	
228.599975585938 	-0.123800000001211 	228.599975585938 	-4.9664134304202E-12 	
228.700012207031 	-0.124300000003132 	228.700012207031 	-3.91105621095412E-12 	
228.799987792969 	-0.130200000003242 	228.799987792969 	-3.21593864530535E-12 	
228.899963378906 	-0.132000000001426 	228.899963378906 	-2.50110528154563E-12 	
229 	-0.129800000002433 	229 	-1.76895815695419E-12 	
229.099975585938 	-0.130300000000716 	229.099975585938 	-1.02342336865461E-12 	
229.200012207031 	-0.127199999998993 	229.200012207031 	-2.66807103456786E-13 	
229.299987792969 	-0.125300000003335 	229.299987792969 	4.96569103009761E-13 	
229.399963378906 	-0.123899999998685 	229.399963378906 	1.26357991107166E-12 	
229.5 	-0.124000000003434 	229.5 	2.03091789856497E-12 	
229.599975585938 	-0.12250000000131 	229.599975585938 	2.79367597572435E-12 	
229.700012207031 	-0.12039999999979 	229.700012207031 	3.54861405166314E-12 	
229.799987792969 	-0.123899999998685 	229.799987792969 	4.290442375404E-12 	
229.899963378906 	-0.122100000000501 	229.899963378906 	5.0150545811416E-12 	
230 	-0.123400000000402 	230 	5.7180951792689E-12 	
230.099975585938 	-0.121100000000297 	230.099975585938 	6.39371696246191E-12 	
230.200012207031 	-0.124599999999191 	230.200012207031 	7.03753792094523E-12 	
230.299987792969 	-0.12420000000202 	230.299987792969 	7.64335310585133E-12 	
230.399963378906 	-0.127000000000407 	230.399963378906 	8.20592940616458E-12 	
230.5 	-0.125100000001112 	230.5 	8.71970491367755E-12 	
230.599975585938 	-0.126800000001822 	230.599975585938 	9.17796427004761E-12 	
230.700012207031 	-0.124299999999494 	230.700012207031 	9.57494394870948E-12 	
230.799987792969 	-0.127300000000105 	230.799987792969 	9.90360889508444E-12 	
230.899963378906 	-0.122400000000198 	230.899963378906 	1.01574376193781E-11 	
231 	-0.125600000003033 	231 	1.03294865460208E-11 	
231.099975585938 	-0.124700000000303 	231.099975585938 	1.04122776816593E-11 	
231.200012207031 	-0.123100000000704 	231.200012207031 	1.03983923439371E-11 	
231.299987792969 	-0.123900000002322 	231.299987792969 	1.02800849974756E-11 	
231.399963378906 	-0.122300000002724 	231.399963378906 	1.00493669966377E-11 	
231.5 	-0.126599999999598 	231.5 	9.69771972311938E-12 	
231.599975585938 	-0.128200000002835 	231.599975585938 	9.21704407204389E-12 	
231.700012207031 	-0.130000000001019 	231.700012207031 	8.59795606715102E-12 	
231.799987792969 	-0.133300000001327 	231.799987792969 	7.83215630791716E-12 	
231.899963378906 	-0.127599999999802 	231.899963378906 	6.90999184329713E-12 	
232 	-0.130000000001019 	232 	5.82115628126525E-12 	
232.099975585938 	-0.129899999999907 	232.099975585938 	4.55710939439809E-12 	
232.200012207031 	-0.126200000002427 	232.200012207031 	3.88522717829626E-12 	
232.299987792969 	-0.126299999999901 	232.299987792969 	3.89572200866548E-12 	
232.399963378906 	-0.135200000000623 	232.399963378906 	3.89045582929889E-12 	
232.5 	-0.142500000001746 	232.5 	3.86959538242801E-12 	
232.599975585938 	-0.135200000000623 	232.599975585938 	3.83341365737674E-12 	
232.700012207031 	-0.104400000000169 	232.700012207031 	3.78217917865197E-12 	
232.799987792969 	-0.0796000000009371 	232.799987792969 	3.71633347816022E-12 	
232.899963378906 	-0.072199999998702 	232.899963378906 	3.63629684582102E-12 	
233 	-0.0680000000029395 	233 	3.54252482084202E-12 	
233.099975585938 	-0.0680000000029395 	233.099975585938 	3.43572041915876E-12 	
233.200012207031 	 	233.200012207031 	3.31641552902148E-12 	
233.299987792969 	 	233.299987792969 	3.18549230938027E-12 	
233.399963378906 	 	233.399963378906 	3.04369432260858E-12 	
233.5 	 	233.5 	2.89181673867329E-12 	
233.599975585938 	 	233.599975585938 	2.73101580020495E-12 	
233.700012207031 	 	233.700012207031 	2.56214836055001E-12 	
233.799987792969 	 	233.799987792969 	2.38655588858869E-12 	
233.899963378906 	 	233.899963378906 	2.2053571825753E-12 	
234 	 	234 	2.2053571825753E-12 	
234.099975585938 	 	234.099975585938 	0.265767220281544 	
234.200012207031 	 	234.200012207031 	0.448152907412748 	
234.299987792969 	 	234.299987792969 	0.57316260469343 	
234.399963378906 	 	234.399963378906 	0.658908823723236 	
234.5 	 	234.5 	0.71775312697311 	
234.599975585938 	 	234.599975585938 	0.758085844883388 	
234.700012207031 	 	234.700012207031 	0.785764624456448 	
234.799987792969 	 	234.799987792969 	0.80473605161549 	
234.899963378906 	 	234.899963378906 	0.817748865946796 	
235 	 	235 	0.826679040797994 	
235.099975585938 	 	235.099975585938 	0.832799915462749 	
235.200012207031 	 	235.200012207031 	0.837000436614707 	
235.299987792969 	 	235.299987792969 	0.839879535058992 	
235.399963378906 	 	235.399963378906 	0.841854357333072 	
235.5 	 	235.5 	0.843209602192384 	
235.599975585938 	 	235.599975585938 	0.844138506465947 	
235.700012207031 	5.04499999999825 	235.700012207031 	0.844775967800483 	
235.799987792969 	4.41299999999683 	235.799987792969 	0.845212897231779 	
235.899963378906 	3.93660000000091 	235.899963378906 	0.845512596656586 	
236 	3.30829999999696 	236 	0.8457182704006 	
236.099975585938 	2.8318999999974 	236.099975585938 	0.845859242871855 	
236.200012207031 	2.56260000000111 	236.200012207031 	0.845955987575759 	
236.299987792969 	2.40309999999954 	236.299987792969 	0.846022298134118 	
236.399963378906 	2.09749999999985 	236.399963378906 	0.84606777828042 	
236.5 	1.93569999999818 	236.5 	0.846098986814919 	
236.599975585938 	1.81369999999879 	236.599975585938 	0.846120381012056 	
236.700012207031 	1.63349999999991 	236.700012207031 	0.846135065105527 	
236.799987792969 	1.5083999999988 	236.799987792969 	0.846145129575996 	
236.899963378906 	1.39819999999963 	236.899963378906 	0.846152033712676 	
237 	1.41349999999875 	237 	0.846156771972322 	
237.099975585938 	1.37779999999839 	237.099975585938 	0.846160016834438 	
237.200012207031 	1.33569999999963 	237.200012207031 	0.846162240818892 	
237.299987792969 	1.30229999999938 	237.299987792969 	0.846163766255674 	
237.399963378906 	1.31590000000142 	237.399963378906 	0.846164815835391 	
237.5 	1.32990000000063 	237.5 	0.846165537778698 	
237.599975585938 	1.31519999999728 	237.599975585938 	0.846166031153701 	
237.700012207031 	1.28480000000127 	237.700012207031 	0.846166367544248 	
237.799987792969 	1.25179999999818 	237.799987792969 	0.846166591572166 	
237.899963378906 	1.24959999999555 	237.899963378906 	0.846166746926792 	
238 	1.22910000000047 	238 	0.846166855579854 	
238.099975585938 	1.20809999999619 	238.099975585938 	0.846166932714681 	
238.200012207031 	1.19889999999941 	238.200012207031 	0.846166989478598 	
238.299987792969 	1.19280000000072 	238.299987792969 	0.8461670293853 	
238.399963378906 	1.17900000000009 	238.399963378906 	0.846167056452962 	
238.5 	1.17269999999917 	238.5 	0.846167073968974 	
238.599975585938 	1.17619999999806 	238.599975585938 	0.846167085671582 	
238.700012207031 	1.16380000000208 	238.700012207031 	0.846167093616359 	
238.799987792969 	1.15970000000016 	238.799987792969 	0.84616709928592 	
238.899963378906 	1.15020000000004 	238.899963378906 	0.846167102692668 	
239 	1.15120000000024 	239 	0.846167105173087 	
239.099975585938 	1.14890000000014 	239.099975585938 	0.846167107476781 	
239.200012207031 	1.15070000000196 	239.200012207031 	0.846167108586756 	
239.299987792969 	1.1433999999972 	239.299987792969 	0.846167109560383 	
239.399963378906 	1.13539999999921 	239.399963378906 	0.846167110695061 	
239.5 	1.12709999999788 	239.5 	0.846167111770383 	
239.599975585938 	1.12679999999818 	239.599975585938 	0.846167112727902 	
239.700012207031 	1.1234000000004 	239.700012207031 	0.846167113525797 	
239.799987792969 	1.11389999999665 	239.799987792969 	0.846167114126582 	
239.899963378906 	1.10949999999866 	239.899963378906 	0.846167114849344 	
240 	1.10559999999896 	240 	0.846167115343701 	
240.099975585938 	1.09939999999915 	240.099975585938 	0.846167115432536 	
240.200012207031 	1.08879999999772 	240.200012207031 	0.846167115564472 	
240.299987792969 	1.08619999999792 	240.299987792969 	0.846167115608483 	
240.399963378906 	1.0818999999974 	240.399963378906 	0.846167115511143 	
240.5 	1.07359999999971 	240.5 	0.846167115406488 	
240.599975585938 	1.07429999999658 	240.599975585938 	0.846167115429648 	
240.700012207031 	1.0679999999993 	240.700012207031 	0.846167115456315 	
240.799987792969 	1.06199999999808 	240.799987792969 	0.846167115483272 	
240.899963378906 	1.05069999999978 	240.899963378906 	0.846167115507352 	
241 	1.04419999999664 	241 	0.84616711552538 	
241.099975585938 	1.03919999999925 	241.099975585938 	0.84616711553415 	
241.200012207031 	1.03929999999673 	241.200012207031 	0.846167115530486 	
241.299987792969 	1.03479999999763 	241.299987792969 	0.846167115511207 	
241.399963378906 	1.03340000000026 	241.399963378906 	0.846167115473134 	
241.5 	1.0215999999964 	241.5 	0.846167115413039 	
241.599975585938 	1.0109999999986 	241.599975585938 	0.84616711532781 	
241.700012207031 	1.00730000000112 	241.700012207031 	0.846167115214158 	
241.799987792969 	0.996200000001409 	241.799987792969 	0.846167115130791 	
241.899963378906 	0.993600000001607 	241.899963378906 	0.846167115128298 	
242 	0.992399999999179 	242 	0.846167115125028 	
242.099975585938 	0.98779999999897 	242.099975585938 	0.846167115120369 	
242.200012207031 	0.97689999999784 	242.200012207031 	0.846167115113699 	
242.299987792969 	0.964899999999034 	242.299987792969 	0.846167115104409 	
242.399963378906 	0.955599999997503 	242.399963378906 	0.846167115091879 	
242.5 	0.951399999998102 	242.5 	0.846167115075484 	
242.599975585938 	0.949599999999919 	242.599975585938 	0.846167115054626 	
242.700012207031 	0.948199999998906 	242.700012207031 	0.846167115028663 	
242.799987792969 	0.943599999998696 	242.799987792969 	0.846167114997011 	
242.899963378906 	0.943099999996775 	242.899963378906 	0.84616711495904 	
243 	0.9304000000011 	243 	0.846167114914104 	
243.099975585938 	0.929099999997561 	243.099975585938 	0.846167114875346 	
243.200012207031 	0.925999999999476 	243.200012207031 	0.846167114859914 	
243.299987792969 	0.924399999999878 	243.299987792969 	0.84616711484524 	
243.399963378906 	0.914899999999761 	243.399963378906 	0.846167114831358 	
243.5 	0.914099999998143 	243.5 	0.846167114818309 	
243.599975585938 	0.920200000000477 	243.599975585938 	0.846167114806152 	
243.700012207031 	0.910799999997835 	243.700012207031 	0.846167114794919 	
243.799987792969 	0.905299999998533 	243.799987792969 	0.84616711478467 	
243.899963378906 	0.898499999999331 	243.899963378906 	0.846167114775442 	
244 	0.89429999999993 	244 	0.846167114767277 	
244.099975585938 	0.887699999999313 	244.099975585938 	0.846167114760231 	
244.200012207031 	0.883499999996275 	244.200012207031 	0.84616711475434 	
244.299987792969 	0.883400000002439 	244.299987792969 	0.846167114749657 	
244.399963378906 	0.874399999996967 	244.399963378906 	0.846167114744641 	
244.5 	0.871199999997771 	244.5 	0.846167114736567 	
244.599975585938 	0.861799999998766 	244.599975585938 	0.846167114728919 	
244.700012207031 	0.850899999997637 	244.700012207031 	0.84616711472171 	
244.799987792969 	0.847199999996519 	244.799987792969 	0.846167114714974 	
244.899963378906 	0.847399999998743 	244.899963378906 	0.84616711470873 	
245 	0.841199999998935 	245 	0.846167114702998 	
245.099975585938 	0.836699999996199 	245.099975585938 	0.84616711469781 	
245.200012207031 	0.826600000000326 	245.200012207031 	0.846167114693184 	
245.299987792969 	0.824499999998807 	245.299987792969 	0.846167114689148 	
245.399963378906 	0.825999999997293 	245.399963378906 	0.846167114685723 	
245.5 	0.821499999998196 	245.5 	0.846167114682933 	
245.599975585938 	0.81869999999617 	245.599975585938 	0.846167114680805 	
245.700012207031 	0.811699999998382 	245.700012207031 	0.846167114679359 	
245.799987792969 	0.810099999998783 	245.799987792969 	0.846167114678622 	
245.899963378906 	0.813199999996868 	245.899963378906 	0.846167114678616 	
246 	0.809699999997974 	246 	0.846167114679366 	
246.099975585938 	0.793399999998655 	246.099975585938 	0.846167114680895 	
246.200012207031 	0.783399999996618 	246.200012207031 	0.84616711468323 	
246.299987792969 	0.782499999997526 	246.299987792969 	0.84616711468639 	
246.399963378906 	0.783299999999144 	246.399963378906 	0.846167114690401 	
246.5 	0.776499999999942 	246.5 	0.846167114695291 	
246.599975585938 	0.777699999998731 	246.599975585938 	0.846167114701077 	
246.700012207031 	0.779500000000553 	246.700012207031 	0.84616711470779 	
246.799987792969 	0.772899999999936 	246.799987792969 	0.846167114715446 	
246.899963378906 	0.772000000000844 	246.899963378906 	0.846167114706961 	
247 	0.761099999999715 	247 	0.846167114695703 	
247.099975585938 	0.75170000000071 	247.099975585938 	0.846167114684738 	
247.200012207031 	0.750599999995757 	247.200012207031 	0.846167114674052 	
247.299987792969 	0.755499999999302 	247.299987792969 	0.846167114663659 	
247.399963378906 	0.754899999999907 	247.399963378906 	0.846167114653551 	
247.5 	0.748099999997066 	247.5 	0.846167114643723 	
247.599975585938 	0.740399999998772 	247.599975585938 	0.846167114634187 	
247.700012207031 	0.743799999996554 	247.700012207031 	0.846167114624931 	
247.799987792969 	0.737599999996746 	247.799987792969 	0.846167114615966 	
247.899963378906 	0.731299999999464 	247.899963378906 	0.846167114607287 	
248 	0.729699999996228 	248 	0.846167114598889 	
248.099975585938 	0.736300000000483 	248.099975585938 	0.846167114590782 	
248.200012207031 	0.729899999998452 	248.200012207031 	0.846167114582956 	
248.299987792969 	0.72639999999592 	248.299987792969 	0.846167114575421 	
248.399963378906 	0.725299999998242 	248.399963378906 	0.846167114568171 	
248.5 	0.725200000000768 	248.5 	0.846167114561203 	
248.599975585938 	0.723399999998946 	248.599975585938 	0.846167114554525 	
248.700012207031 	0.726399999999558 	248.700012207031 	0.846167114548129 	
248.799987792969 	0.72689999999784 	248.799987792969 	0.846167114542023 	
248.899963378906 	0.726199999997334 	248.899963378906 	0.846167114536202 	
249 	0.72019999999975 	249 	0.846167114530664 	
249.099975585938 	0.719499999999243 	249.099975585938 	0.846167114525415 	
249.200012207031 	0.715299999999843 	249.200012207031 	0.846167114520449 	
249.299987792969 	0.716699999997218 	249.299987792969 	0.846167114515772 	
249.399963378906 	0.710299999998824 	249.399963378906 	0.84616711451138 	
249.5 	0.702999999997701 	249.5 	0.846167114507272 	
249.599975585938 	0.7058999999972 	249.599975585938 	0.846167114503452 	
249.700012207031 	0.708099999999831 	249.700012207031 	0.846167114499916 	
249.799987792969 	0.711899999998423 	249.799987792969 	0.846167114496668 	
249.899963378906 	0.715499999998428 	249.899963378906 	0.846167114493705 	
250 	0.711500000001251 	250 	0.846167114491027 	
250.099975585938 	0.707499999996799 	250.099975585938 	0.846167114488636 	
250.200012207031 	0.70759999999791 	250.200012207031 	0.84616711448653 	
250.299987792969 	0.710999999999331 	250.299987792969 	0.846167114484711 	
250.399963378906 	0.717399999997724 	250.399963378906 	0.846167114483177 	
250.5 	0.718199999999342 	250.5 	0.846167114481929 	
250.599975585938 	0.721600000000763 	250.599975585938 	0.846167114480967 	
250.700012207031 	0.720499999999447 	250.700012207031 	0.846167114480291 	
250.799987792969 	0.727999999999156 	250.799987792969 	0.846167114479901 	
250.899963378906 	0.728799999997136 	250.899963378906 	0.846167114479797 	
251 	0.72439999999915 	251 	0.846167114479978 	
251.099975585938 	0.728299999998853 	251.099975585938 	0.846167114480446 	
251.200012207031 	0.737499999999272 	251.200012207031 	0.846167114481199 	
251.299987792969 	0.745200000001205 	251.299987792969 	0.846167114482238 	
251.399963378906 	0.741299999997864 	251.399963378906 	0.846167114483563 	
251.5 	0.740199999996548 	251.5 	0.846167114485174 	
251.599975585938 	0.739300000001094 	251.599975585938 	0.846167114487071 	
251.700012207031 	0.742600000001403 	251.700012207031 	0.846167114489255 	
251.799987792969 	0.745999999999185 	251.799987792969 	0.846167114491723 	
251.899963378906 	0.747899999998481 	251.899963378906 	0.846167114494476 	
252 	0.749100000000908 	252 	0.846167114497518 	
252.099975585938 	0.748599999998987 	252.099975585938 	0.846167114500843 	
252.200012207031 	0.747100000000501 	252.200012207031 	0.846167114504457 	
252.299987792969 	0.744099999999889 	252.299987792969 	0.846167114508354 	
252.399963378906 	0.740300000001298 	252.399963378906 	0.846167114512537 	
252.5 	0.740799999999581 	252.5 	0.846167114517008 	
252.599975585938 	0.742799999999988 	252.599975585938 	0.846167114521763 	
252.700012207031 	0.741399999998976 	252.700012207031 	0.846167114526806 	
252.799987792969 	0.739699999998265 	252.799987792969 	0.846167114532133 	
252.899963378906 	0.739999999997963 	252.899963378906 	0.846167114537745 	
253 	0.73859999999695 	253 	0.846167114543646 	
253.099975585938 	0.733800000001793 	253.099975585938 	0.84616711454983 	
253.200012207031 	0.734399999997549 	253.200012207031 	0.846167114556303 	
253.299987792969 	0.737999999997555 	253.299987792969 	0.846167114563058 	
253.399963378906 	0.743999999998778 	253.399963378906 	0.846167114570099 	
253.5 	0.746399999996356 	253.5 	0.846167114577431 	
253.599975585938 	0.744800000000396 	253.599975585938 	0.846167114585043 	
253.700012207031 	0.74829999999929 	253.700012207031 	0.846167114592947 	
253.799987792969 	0.747799999997369 	253.799987792969 	0.846167114601131 	
253.899963378906 	0.749400000000605 	253.899963378906 	0.846167114609601 	
254 	0.751799999998184 	254 	0.846167114618362 	
254.099975585938 	0.752399999997579 	254.099975585938 	0.846167114627404 	
254.200012207031 	0.754599999996572 	254.200012207031 	0.846167114636737 	
254.299987792969 	0.754700000001321 	254.299987792969 	0.846167114646351 	
254.399963378906 	0.748299999995652 	254.399963378906 	0.84616711465625 	
254.5 	0.746100000000297 	254.5 	0.846167114666441 	
254.599975585938 	0.746299999998882 	254.599975585938 	0.846167114676912 	
254.700012207031 	0.740599999997357 	254.700012207031 	0.846167114687675 	
254.799987792969 	0.742999999998574 	254.799987792969 	0.846167114698718 	
254.899963378906 	0.741699999998673 	254.899963378906 	0.846167114708391 	
255 	0.736699999997654 	255 	0.846167114708522 	
255.099975585938 	0.733399999997346 	255.099975585938 	0.846167114708657 	
255.200012207031 	0.735799999998562 	255.200012207031 	0.846167114708799 	
255.299987792969 	0.733299999999872 	255.299987792969 	0.846167114708946 	
255.399963378906 	0.730199999998149 	255.399963378906 	0.846167114709099 	
255.5 	0.72689999999784 	255.5 	0.846167114709258 	
255.599975585938 	0.727899999998044 	255.599975585938 	0.846167114709423 	
255.700012207031 	0.724599999997736 	255.700012207031 	0.846167114709593 	
255.799987792969 	0.721700000001874 	255.799987792969 	0.846167114709769 	
255.899963378906 	0.719600000000355 	255.899963378906 	0.84616711470995 	
256 	0.716400000001158 	256 	0.846167114710137 	
256.099975585938 	0.718100000001868 	256.099975585938 	0.84616711471033 	
256.200012207031 	0.715799999998126 	256.200012207031 	0.846167114710529 	
256.299987792969 	0.716599999999744 	256.299987792969 	0.846167114710733 	
256.399963378906 	0.718899999999849 	256.399963378906 	0.846167114710943 	
256.5 	0.722399999998743 	256.5 	0.846167114711159 	
256.599975585938 	0.721899999996822 	256.599975585938 	0.84616711471138 	
256.700012207031 	0.723099999999249 	256.700012207031 	0.846167114711607 	
256.799987792969 	0.721899999996822 	256.799987792969 	0.84616711471184 	
256.899963378906 	0.723899999997229 	256.899963378906 	0.846167114712078 	
257 	0.721099999998842 	257 	0.846167114712323 	
257.099975585938 	0.718899999996211 	257.099975585938 	0.846167114712572 	
257.200012207031 	0.713599999999133 	257.200012207031 	0.846167114712828 	
257.299987792969 	0.70679999999993 	257.299987792969 	0.846167114713089 	
257.399963378906 	0.70679999999993 	257.399963378906 	0.846167114713356 	
257.5 	0.704600000000937 	257.5 	0.846167114713629 	
257.599975585938 	0.704399999998714 	257.599975585938 	0.846167114713907 	
257.700012207031 	0.704399999998714 	257.700012207031 	0.846167114714191 	
257.799987792969 	0.699799999998504 	257.799987792969 	0.846167114714481 	
257.899963378906 	0.700000000000728 	257.899963378906 	0.846167114714776 	
258 	0.701199999999517 	258 	0.846167114715078 	
258.099975585938 	0.700099999998201 	258.099975585938 	0.846167114715384 	
258.200012207031 	0.694700000000012 	258.200012207031 	0.846167114715697 	
258.299987792969 	0.695599999999104 	258.299987792969 	0.846167114716015 	
258.399963378906 	0.699100000001636 	258.399963378906 	0.846167114716339 	
258.5 	0.702399999998306 	258.5 	0.846167114716669 	
258.599975585938 	0.700699999997596 	258.599975585938 	0.846167114717004 	
258.700012207031 	0.70049999999901 	258.700012207031 	0.846167114717345 	
258.799987792969 	0.698599999999715 	258.799987792969 	0.846167114717692 	
258.899963378906 	0.700099999998201 	258.899963378906 	0.846167114718044 	
259 	0.696499999998196 	259 	0.846167114718402 	
259.099975585938 	0.696199999998498 	259.099975585938 	0.846167114718766 	
259.200012207031 	0.695100000000821 	259.200012207031 	0.846167114719136 	
259.299987792969 	0.691399999999703 	259.299987792969 	0.846167114719511 	
259.399963378906 	0.692199999997683 	259.399963378906 	0.846167114719891 	
259.5 	0.701100000002043 	259.5 	0.846167114720278 	
259.599975585938 	0.706600000001345 	259.599975585938 	0.84616711472067 	
259.700012207031 	0.711200000001554 	259.700012207031 	0.846167114721068 	
259.799987792969 	0.719799999998941 	259.799987792969 	0.846167114721472 	
259.899963378906 	0.72269999999844 	259.899963378906 	0.846167114721881 	
260 	0.726699999999255 	260 	0.846167114722296 	
260.099975585938 	0.726699999999255 	260.099975585938 	0.846167114722717 	
260.200012207031 	0.725299999998242 	260.200012207031 	0.846167114723144 	
260.299987792969 	0.728699999999662 	260.299987792969 	0.846167114723576 	
260.399963378906 	0.72729999999865 	260.399963378906 	0.846167114724014 	
260.5 	0.728799999997136 	260.5 	0.846167114724457 	
260.599975585938 	0.728599999998551 	260.599975585938 	0.846167114724906 	
260.700012207031 	0.729200000001583 	260.700012207031 	0.846167114725361 	
260.799987792969 	0.72899999999936 	260.799987792969 	0.846167114725822 	
260.899963378906 	0.726499999997031 	260.899963378906 	0.846167114726288 	
261 	0.72639999999592 	261 	0.84616711472676 	
261.099975585938 	0.724899999997433 	261.099975585938 	0.846167114727238 	
261.200012207031 	0.726699999999255 	261.200012207031 	0.846167114727722 	
261.299987792969 	0.724599999997736 	261.299987792969 	0.84616711472821 	
261.399963378906 	0.729199999997945 	261.399963378906 	0.846167114728705 	
261.5 	0.725599999997939 	261.5 	0.846167114729206 	
261.599975585938 	0.726699999999255 	261.599975585938 	0.846167114729712 	
261.700012207031 	0.727300000002288 	261.700012207031 	0.846167114730224 	
261.799987792969 	0.728499999997439 	261.799987792969 	0.846167114730741 	
261.899963378906 	0.725599999997939 	261.899963378906 	0.846167114731265 	
262 	0.721199999999953 	262 	0.846167114731794 	
262.099975585938 	0.719699999997829 	262.099975585938 	0.846167114732328 	
262.200012207031 	0.718400000001566 	262.200012207031 	0.846167114732869 	
262.299987792969 	0.716999999996915 	262.299987792969 	0.846167114733415 	
262.399963378906 	0.712599999998929 	262.399963378906 	0.846167114733967 	
262.5 	0.708699999999226 	262.5 	0.846167114734524 	
262.599975585938 	0.708299999998417 	262.599975585938 	0.846167114735087 	
262.700012207031 	0.70509999999922 	262.700012207031 	0.846167114735656 	
262.799987792969 	0.704799999999523 	262.799987792969 	0.846167114736231 	
262.899963378906 	0.704299999997602 	262.899963378906 	0.846167114736811 	
263 	0.707699999999022 	263 	0.846167114737174 	
263.099975585938 	0.706300000001647 	263.099975585938 	0.846167114737262 	
263.200012207031 	0.703599999997095 	263.200012207031 	0.84616711473735 	
263.299987792969 	0.700699999997596 	263.299987792969 	0.846167114737435 	
263.399963378906 	0.701900000000023 	263.399963378906 	0.84616711473752 	
263.5 	0.700599999996484 	263.5 	0.846167114737604 	
263.599975585938 	0.696799999997893 	263.599975585938 	0.846167114737687 	
263.700012207031 	0.696200000002136 	263.700012207031 	0.846167114737769 	
263.799987792969 	0.694100000000617 	263.799987792969 	0.84616711473785 	
263.899963378906 	0.694400000000314 	263.899963378906 	0.846167114737929 	
264 	0.69119999999748 	264 	0.846167114738008 	
264.099975585938 	0.689399999999296 	264.099975585938 	0.846167114738085 	
264.200012207031 	0.691299999998591 	264.200012207031 	0.846167114738162 	
264.299987792969 	0.689800000000105 	264.299987792969 	0.846167114738237 	
264.399963378906 	0.685599999997066 	264.399963378906 	0.846167114738312 	
264.5 	0.680099999997765 	264.5 	0.846167114738385 	
264.599975585938 	0.677899999998772 	264.599975585938 	0.846167114738458 	
264.700012207031 	0.672800000000279 	264.700012207031 	0.846167114738529 	
264.799987792969 	0.669899999997142 	264.799987792969 	0.846167114738599 	
264.899963378906 	0.66479999999865 	264.899963378906 	0.846167114738668 	
265 	0.663000000000466 	265 	0.846167114738737 	
265.099975585938 	0.659799999997631 	265.099975585938 	0.846167114738804 	
265.200012207031 	0.658999999999651 	265.200012207031 	0.84616711473887 	
265.299987792969 	0.660299999995914 	265.299987792969 	0.846167114738935 	
265.399963378906 	0.658500000001368 	265.399963378906 	0.846167114738999 	
265.5 	0.660200000002078 	265.5 	0.846167114739061 	
265.599975585938 	0.658799999997427 	265.599975585938 	0.846167114739123 	
265.700012207031 	0.65679999999702 	265.700012207031 	0.846167114739184 	
265.799987792969 	0.653699999998935 	265.799987792969 	0.846167114739244 	
265.899963378906 	0.654199999997218 	265.899963378906 	0.846167114739303 	
266 	0.653699999998935 	266 	0.84616711473936 	
266.099975585938 	0.652200000000448 	266.099975585938 	0.846167114739417 	
266.200012207031 	0.64890000000014 	266.200012207031 	0.846167114739472 	
266.299987792969 	0.645399999997608 	266.299987792969 	0.846167114739527 	
266.399963378906 	0.642799999997806 	266.399963378906 	0.84616711473958 	
266.5 	0.641499999997905 	266.5 	0.846167114739633 	
266.599975585938 	0.639500000001135 	266.599975585938 	0.846167114739684 	
266.700012207031 	0.636699999999109 	266.700012207031 	0.846167114739734 	
266.799987792969 	0.639299999998912 	266.799987792969 	0.846167114739783 	
266.899963378906 	0.636899999997695 	266.899963378906 	0.846167114739832 	
267 	0.635999999998603 	267 	0.846167114739879 	
267.099975585938 	0.639799999997194 	267.099975585938 	0.846167114739925 	
267.200012207031 	0.642199999998411 	267.200012207031 	0.84616711473997 	
267.299987792969 	0.647000000000844 	267.299987792969 	0.846167114740014 	
267.399963378906 	0.652200000000448 	267.399963378906 	0.846167114740057 	
267.5 	0.65060000000085 	267.5 	0.846167114740099 	
267.599975585938 	0.647300000000541 	267.599975585938 	0.84616711474014 	
267.700012207031 	0.639500000001135 	267.700012207031 	0.846167114740179 	
267.799987792969 	0.634399999999005 	267.799987792969 	0.846167114740218 	
267.899963378906 	0.630000000001019 	267.899963378906 	0.846167114740256 	
268 	0.631199999999808 	268 	0.846167114740293 	
268.099975585938 	0.631999999997788 	268.099975585938 	0.846167114740328 	
268.200012207031 	0.629700000001321 	268.200012207031 	0.846167114740363 	
268.299987792969 	0.624700000000303 	268.299987792969 	0.846167114740396 	
268.399963378906 	0.62670000000071 	268.399963378906 	0.846167114740429 	
268.5 	0.626400000001013 	268.5 	0.84616711474046 	
268.599975585938 	0.627000000000407 	268.599975585938 	0.846167114740491 	
268.700012207031 	0.629799999998795 	268.700012207031 	0.84616711474052 	
268.799987792969 	0.62670000000071 	268.799987792969 	0.846167114740548 	
268.899963378906 	0.628899999999703 	268.899963378906 	0.846167114740575 	
269 	0.627699999997276 	269 	0.846167114740601 	
269.099975585938 	0.625999999996566 	269.099975585938 	0.846167114740627 	
269.200012207031 	0.626299999996263 	269.200012207031 	0.846167114740651 	
269.299987792969 	0.627300000000105 	269.299987792969 	0.846167114740674 	
269.399963378906 	0.624499999998079 	269.399963378906 	0.846167114740696 	
269.5 	0.621299999998882 	269.5 	0.846167114740717 	
269.599975585938 	0.620699999999488 	269.599975585938 	0.846167114740736 	
269.700012207031 	0.620699999999488 	269.700012207031 	0.846167114740755 	
269.799987792969 	0.62159999999858 	269.799987792969 	0.846167114740773 	
269.899963378906 	0.623999999999796 	269.899963378906 	0.84616711474079 	
270 	0.620299999998679 	270 	0.846167114740805 	
270.099975585938 	0.618199999997159 	270.099975585938 	0.84616711474082 	
270.200012207031 	0.616099999999278 	270.200012207031 	0.846167114740834 	
270.299987792969 	0.61989999999787 	270.299987792969 	0.846167114740846 	
270.399963378906 	0.619599999998172 	270.399963378906 	0.846167114740858 	
270.5 	0.61989999999787 	270.5 	0.846167114740868 	
270.599975585938 	0.616099999999278 	270.599975585938 	0.846167114740877 	
270.700012207031 	0.613299999997253 	270.700012207031 	0.846167114740886 	
270.799987792969 	0.617200000000594 	270.799987792969 	0.846167114740893 	
270.899963378906 	0.614600000000792 	270.899963378906 	0.846167114740899 	
271 	0.60989999999947 	271 	0.846167114740904 	
271.099975585938 	0.61189999999624 	271.099975585938 	0.846167114740909 	
271.200012207031 	0.612399999998161 	271.200012207031 	0.846167114740912 	
271.299987792969 	0.608299999999872 	271.299987792969 	0.846167114740914 	
271.399963378906 	0.606899999998859 	271.399963378906 	0.846167114740915 	
271.5 	0.609099999997852 	271.5 	0.846167114740915 	
271.599975585938 	0.610899999999674 	271.599975585938 	0.846167114740913 	
271.700012207031 	0.610299999996641 	271.700012207031 	0.846167114740911 	
271.799987792969 	0.607399999997142 	271.799987792969 	0.846167114740908 	
271.899963378906 	0.604299999999057 	271.899963378906 	0.846167114740904 	
272 	0.60189999999784 	272 	0.846167114740898 	
272.099975585938 	0.597299999997631 	272.099975585938 	0.846167114740892 	
272.200012207031 	0.59400000000096 	272.200012207031 	0.846167114740885 	
272.299987792969 	0.594600000000355 	272.299987792969 	0.846167114740876 	
272.399963378906 	0.592399999997724 	272.399963378906 	0.846167114740867 	
272.5 	0.591000000000349 	272.5 	0.846167114740856 	
272.599975585938 	0.592899999999645 	272.599975585938 	0.846167114740844 	
272.700012207031 	0.59599999999773 	272.700012207031 	0.846167114740832 	
272.799987792969 	0.595899999996618 	272.799987792969 	0.846167114740818 	
272.899963378906 	0.598900000000867 	272.899963378906 	0.846167114740803 	
273 	0.595300000000861 	273 	0.846167114740788 	
273.099975585938 	0.592699999997421 	273.099975585938 	0.846167114740771 	
273.200012207031 	0.590499999998428 	273.200012207031 	0.846167114740753 	
273.299987792969 	0.588099999997212 	273.299987792969 	0.846167114740734 	
273.399963378906 	0.58429999999862 	273.399963378906 	0.846167114740714 	
273.5 	0.585599999998522 	273.5 	0.846167114740693 	
273.599975585938 	0.583299999998417 	273.599975585938 	0.846167114740671 	
273.700012207031 	0.584999999999127 	273.700012207031 	0.846167114740648 	
273.799987792969 	0.583599999998114 	273.799987792969 	0.846167114740623 	
273.899963378906 	0.582699999999022 	273.899963378906 	0.846167114740598 	
274 	0.578600000000733 	274 	0.846167114740572 	
274.099975585938 	0.573400000001129 	274.099975585938 	0.846167114740544 	
274.200012207031 	0.567199999997683 	274.200012207031 	0.846167114740516 	
274.299987792969 	0.563500000000204 	274.299987792969 	0.846167114740487 	
274.399963378906 	0.565699999999197 	274.399963378906 	0.846167114740456 	
274.5 	0.566399999999703 	274.5 	0.846167114740424 	
274.599975585938 	0.562700000002224 	274.599975585938 	0.846167114740392 	
274.700012207031 	0.559399999998277 	274.700012207031 	0.846167114740358 	
274.799987792969 	0.557300000000396 	274.799987792969 	0.846167114740324 	
274.899963378906 	0.557499999998981 	274.899963378906 	0.846167114740288 	
275 	0.552800000001298 	275 	0.846167114740251 	
275.099975585938 	0.551100000000588 	275.099975585938 	0.846167114740213 	
275.200012207031 	0.550500000001193 	275.200012207031 	0.846167114740174 	
275.299987792969 	0.54569999999876 	275.299987792969 	0.846167114740134 	
275.399963378906 	0.541699999997945 	275.399963378906 	0.846167114740093 	
275.5 	0.543399999998655 	275.5 	0.846167114740051 	
275.599975585938 	0.542199999999866 	275.599975585938 	0.846167114740008 	
275.700012207031 	0.541199999996024 	275.700012207031 	0.846167114739964 	
275.799987792969 	0.543700000001991 	275.799987792969 	0.846167114739919 	
275.899963378906 	0.540199999999459 	275.899963378906 	0.846167114739873 	
276 	0.536199999998644 	276 	0.846167114739825 	
276.099975585938 	0.538099999997939 	276.099975585938 	0.846167114739777 	
276.200012207031 	0.544199999996636 	276.200012207031 	0.846167114739728 	
276.299987792969 	0.544099999999162 	276.299987792969 	0.846167114739677 	
276.399963378906 	0.547099999999773 	276.399963378906 	0.846167114739626 	
276.5 	0.545999999998457 	276.5 	0.846167114739573 	
276.599975585938 	0.543399999998655 	276.599975585938 	0.84616711473952 	
276.700012207031 	0.543499999999767 	276.700012207031 	0.846167114739465 	
276.799987792969 	0.545099999999366 	276.799987792969 	0.846167114739409 	
276.899963378906 	0.552200000001903 	276.899963378906 	0.846167114739353 	
277 	0.555199999998877 	277 	0.846167114739295 	
277.099975585938 	0.552700000000186 	277.099975585938 	0.846167114739236 	
277.200012207031 	0.547899999997753 	277.200012207031 	0.846167114739176 	
277.299987792969 	0.547999999998865 	277.299987792969 	0.846167114739115 	
277.399963378906 	0.544899999997142 	277.399963378906 	0.846167114739053 	
277.5 	0.546899999997549 	277.5 	0.84616711473899 	
277.599975585938 	0.549799999997049 	277.599975585938 	0.846167114738926 	
277.700012207031 	0.551400000000285 	277.700012207031 	0.846167114738863 	
277.799987792969 	0.554099999997561 	277.799987792969 	0.846167114738863 	
277.899963378906 	0.551899999998568 	277.899963378906 	0.846167114738863 	
278 	0.553499999998166 	278 	0.846167114738863 	
278.099975585938 	0.553400000000693 	278.099975585938 	0.846167114738863 	
278.200012207031 	0.555199999998877 	278.200012207031 	0.846167114738863 	
278.299987792969 	0.558899999999994 	278.299987792969 	0.846167114738863 	
278.399963378906 	0.564499999996769 	278.399963378906 	0.846167114738862 	
278.5 	0.570999999999913 	278.5 	0.846167114738862 	
278.599975585938 	0.571199999998498 	278.599975585938 	0.846167114738862 	
278.700012207031 	0.574699999997392 	278.700012207031 	0.846167114738862 	
278.799987792969 	0.576499999999214 	278.799987792969 	0.846167114738862 	
278.899963378906 	0.57839999999851 	278.899963378906 	0.846167114738862 	
279 	0.576799999998912 	279 	0.846167114738862 	
279.099975585938 	0.576499999999214 	279.099975585938 	0.846167114738862 	
279.200012207031 	0.576099999998405 	279.200012207031 	0.846167114738862 	
279.299987792969 	0.580799999999726 	279.299987792969 	0.846167114738861 	
279.399963378906 	0.577199999999721 	279.399963378906 	0.846167114738861 	
279.5 	0.575399999997899 	279.5 	0.846167114738861 	
279.599975585938 	0.573700000000827 	279.599975585938 	0.846167114738861 	
279.700012207031 	0.568799999997282 	279.700012207031 	0.846167114738861 	
279.799987792969 	0.570800000001327 	279.799987792969 	0.846167114738861 	
279.899963378906 	0.572399999997288 	279.899963378906 	0.846167114738861 	
280 	0.569099999996979 	280 	0.846167114738861 	
280.099975585938 	0.565399999999499 	280.099975585938 	0.84616711473886 	
280.200012207031 	0.559599999996863 	280.200012207031 	0.84616711473886 	
280.299987792969 	0.557199999999284 	280.299987792969 	0.84616711473886 	
280.399963378906 	0.555499999998574 	280.399963378906 	0.84616711473886 	
280.5 	0.555099999997765 	280.5 	0.84616711473886 	
280.599975585938 	0.555599999999686 	280.599975585938 	0.84616711473886 	
280.700012207031 	0.553100000000995 	280.700012207031 	0.84616711473886 	
280.799987792969 	0.550400000000081 	280.799987792969 	0.84616711473886 	
280.899963378906 	0.545500000000175 	280.899963378906 	0.84616711473886 	
281 	0.545099999995728 	281 	0.846167114738859 	
281.099975585938 	0.544600000001083 	281.099975585938 	0.846167114738859 	
281.200012207031 	0.545799999999872 	281.200012207031 	0.846167114738859 	
281.299987792969 	0.545399999999063 	281.299987792969 	0.846167114738859 	
281.399963378906 	0.543299999997544 	281.399963378906 	0.846167114738859 	
281.5 	0.540099999998347 	281.5 	0.846167114738859 	
281.599975585938 	0.534699999996519 	281.599975585938 	0.846167114738859 	
281.700012207031 	0.537599999999657 	281.700012207031 	0.846167114738859 	
281.799987792969 	0.538300000000163 	281.799987792969 	0.846167114738858 	
281.899963378906 	0.541099999998551 	281.899963378906 	0.846167114738858 	
282 	0.540600000000268 	282 	0.846167114738858 	
282.099975585938 	0.537899999999354 	282.099975585938 	0.846167114738858 	
282.200012207031 	0.536099999997532 	282.200012207031 	0.846167114738858 	
282.299987792969 	0.532299999998941 	282.299987792969 	0.846167114738858 	
282.399963378906 	0.527500000000146 	282.399963378906 	0.846167114738858 	
282.5 	0.521300000000338 	282.5 	0.846167114738858 	
282.599975585938 	0.524199999999837 	282.599975585938 	0.846167114738858 	
282.700012207031 	0.526799999996001 	282.700012207031 	0.846167114738857 	
282.799987792969 	0.524999999997817 	282.799987792969 	0.846167114738857 	
282.899963378906 	0.524999999997817 	282.899963378906 	0.846167114738857 	
283 	0.52100000000064 	283 	0.846167114738857 	
283.099975585938 	0.522899999999936 	283.099975585938 	0.846167114738857 	
283.200012207031 	0.523799999999028 	283.200012207031 	0.846167114738857 	
283.299987792969 	0.519599999999627 	283.299987792969 	0.846167114738857 	
283.399963378906 	0.515999999999622 	283.399963378906 	0.846167114738857 	
283.5 	0.516899999998714 	283.5 	0.846167114738856 	
283.599975585938 	0.519499999998516 	283.599975585938 	0.846167114738856 	
283.700012207031 	0.523999999997613 	283.700012207031 	0.846167114738856 	
283.799987792969 	0.53099999999904 	283.799987792969 	0.846167114738856 	
283.899963378906 	0.526999999998225 	283.899963378906 	0.846167114738856 	
284 	0.525900000000547 	284 	0.846167114738856 	
284.099975585938 	0.523699999997916 	284.099975585938 	0.846167114738856 	
284.200012207031 	0.520299999996496 	284.200012207031 	0.846167114738856 	
284.299987792969 	0.525300000001153 	284.299987792969 	0.846167114738856 	
284.399963378906 	0.530699999999342 	284.399963378906 	0.846167114738855 	
284.5 	0.529699999999139 	284.5 	0.846167114738855 	
284.599975585938 	0.537199999998847 	284.599975585938 	0.846167114738855 	
284.700012207031 	0.53519999999844 	284.700012207031 	0.846167114738855 	
284.799987792969 	0.534799999997631 	284.799987792969 	0.846167114738855 	
284.899963378906 	0.533899999998539 	284.899963378906 	0.846167114738855 	
285 	0.530200000001059 	285 	0.846167114738855 	
285.099975585938 	0.534799999997631 	285.099975585938 	0.846167114738855 	
285.200012207031 	0.53440000000046 	285.200012207031 	0.846167114738854 	
285.299987792969 	0.535899999998946 	285.299987792969 	0.846167114738854 	
285.399963378906 	0.530299999998533 	285.399963378906 	0.846167114738854 	
285.5 	0.52560000000085 	285.5 	0.846167114738854 	
285.599975585938 	0.526799999999639 	285.599975585938 	0.846167114738854 	
285.700012207031 	0.528999999998632 	285.700012207031 	0.846167114738854 	
285.799987792969 	0.522899999996298 	285.799987792969 	0.846167114738854 	
285.899963378906 	0.523599999996804 	285.899963378906 	0.846167114738854 	
286 	0.522499999999127 	286 	0.846167114738854 	
286.099975585938 	0.521400000001449 	286.099975585938 	0.846167114738853 	
286.200012207031 	0.51589999999851 	286.200012207031 	0.846167114738853 	
286.299987792969 	0.514499999997497 	286.299987792969 	0.846167114738853 	
286.399963378906 	0.51339999999982 	286.399963378906 	0.846167114738853 	
286.5 	0.514899999998306 	286.5 	0.846167114738853 	
286.599975585938 	0.517800000001444 	286.599975585938 	0.846167114738853 	
286.700012207031 	0.517100000000937 	286.700012207031 	0.846167114738853 	
286.799987792969 	0.516100000000733 	286.799987792969 	0.846167114738853 	
286.899963378906 	0.517200000002049 	286.899963378906 	0.846167114738852 	
287 	0.513299999998708 	287 	0.846167114738852 	
287.099975585938 	0.517799999997806 	287.099975585938 	0.846167114738852 	
287.200012207031 	0.519199999998818 	287.200012207031 	0.846167114738852 	
287.299987792969 	0.51589999999851 	287.299987792969 	0.846167114738852 	
287.399963378906 	0.512299999998504 	287.399963378906 	0.846167114738852 	
287.5 	0.511899999997695 	287.5 	0.846167114738852 	
287.599975585938 	0.515599999998813 	287.599975585938 	0.846167114738852 	
287.700012207031 	0.513799999996991 	287.700012207031 	0.846167114738852 	
287.799987792969 	0.512099999999919 	287.799987792969 	0.846167114738851 	
287.899963378906 	0.506999999997788 	287.899963378906 	0.846167114738851 	
288 	0.50539999999819 	288 	0.846167114738851 	
288.099975585938 	0.50539999999819 	288.099975585938 	0.846167114738851 	
288.200012207031 	0.505099999998492 	288.200012207031 	0.846167114738851 	
288.299987792969 	0.499299999995856 	288.299987792969 	0.846167114738851 	
288.399963378906 	0.503799999998591 	288.399963378906 	0.846167114738851 	
288.5 	0.503199999999197 	288.5 	0.846167114738851 	
288.599975585938 	0.505899999996473 	288.599975585938 	0.84616711473885 	
288.700012207031 	0.508399999998801 	288.700012207031 	0.84616711473885 	
288.799987792969 	0.503600000000006 	288.799987792969 	0.84616711473885 	
288.899963378906 	0.506400000002031 	288.899963378906 	0.84616711473885 	
289 	0.502100000001519 	289 	0.84616711473885 	
289.099975585938 	0.502500000002328 	289.099975585938 	0.84616711473885 	
289.200012207031 	0.499399999996967 	289.200012207031 	0.84616711473885 	
289.299987792969 	0.502700000000914 	289.299987792969 	0.84616711473885 	
289.399963378906 	0.497199999997974 	289.399963378906 	0.84616711473885 	
289.5 	0.4958000000006 	289.5 	0.846167114738849 	
289.599975585938 	0.496399999999994 	289.599975585938 	0.846167114738849 	
289.700012207031 	0.498499999997875 	289.700012207031 	0.846167114738849 	
289.799987792969 	0.501299999999901 	289.799987792969 	0.846167114738849 	
289.899963378906 	0.504799999998795 	289.899963378906 	0.846167114738849 	
290 	0.505799999998999 	290 	0.846167114738849 	
290.099975585938 	0.506199999999808 	290.099975585938 	0.846167114738849 	
290.200012207031 	0.50879999999961 	290.200012207031 	0.846167114738849 	
290.299987792969 	0.509600000001228 	290.299987792969 	0.846167114738848 	
290.399963378906 	0.509399999999005 	290.399963378906 	0.846167114738848 	
290.5 	0.508099999999104 	290.5 	0.846167114738848 	
290.599975585938 	0.506900000000314 	290.599975585938 	0.846167114738848 	
290.700012207031 	0.508399999998801 	290.700012207031 	0.846167114738848 	
290.799987792969 	0.512800000000425 	290.799987792969 	0.846167114738848 	
290.899963378906 	0.508899999997084 	290.899963378906 	0.846167114738848 	
291 	0.507699999998295 	291 	0.846167114738848 	
291.099975585938 	0.510000000002037 	291.099975585938 	0.846167114738848 	
291.200012207031 	0.505099999998492 	291.200012207031 	0.846167114738847 	
291.299987792969 	0.509900000000926 	291.299987792969 	0.846167114738847 	
291.399963378906 	0.513699999999517 	291.399963378906 	0.846167114738847 	
291.5 	0.506899999996676 	291.5 	0.846167114738847 	
291.599975585938 	0.510300000001735 	291.599975585938 	0.846167114738847 	
291.700012207031 	0.516299999999319 	291.700012207031 	0.846167114738847 	
291.799987792969 	0.523799999999028 	291.799987792969 	0.846167114738847 	
291.899963378906 	0.518799999998009 	291.899963378906 	0.846167114738847 	
292 	0.531599999998434 	292 	0.846167114738846 	
292.099975585938 	0.53519999999844 	292.099975585938 	0.846167114738846 	
292.200012207031 	0.530699999999342 	292.200012207031 	0.846167114738846 	
292.299987792969 	0.534199999998236 	292.299987792969 	0.846167114738846 	
292.399963378906 	0.526099999999133 	292.399963378906 	0.846167114738846 	
292.5 	0.526099999999133 	292.5 	0.846167114738846 	
292.599975585938 	0.529599999998027 	292.599975585938 	0.846167114738846 	
292.700012207031 	0.533899999998539 	292.700012207031 	0.846167114738846 	
292.799987792969 	0.533899999998539 	292.799987792969 	0.846167114738846 	
292.899963378906 	0.540000000000873 	292.899963378906 	0.846167114738845 	
293 	0.536000000000058 	293 	0.846167114738845 	
293.099975585938 	0.533899999998539 	293.099975585938 	0.846167114738845 	
293.200012207031 	 	293.200012207031 	0.846167114738845 	
293.299987792969 	 	293.299987792969 	0.846167114738845 	
293.399963378906 	 	293.399963378906 	0.846167114738845 	
293.5 	 	293.5 	0.846167114738845 	
293.599975585938 	 	293.599975585938 	0.846167114738845 	
293.700012207031 	 	293.700012207031 	0.846167114738844 	
293.799987792969 	 	293.799987792969 	0.846167114738844 	
293.899963378906 	 	293.899963378906 	0.846167114738844 	
294 	 	294 	0.846167114738844 	
294.099975585938 	 	294.099975585938 	0.582371210324185 	
294.200012207031 	 	294.200012207031 	0.400723312382708 	
294.299987792969 	 	294.299987792969 	0.275796287572444 	
294.399963378906 	 	294.399963378906 	0.189815741313657 	
294.5 	 	294.5 	0.130610164611276 	
294.599975585938 	 	294.599975585938 	0.0898919468621318 	
294.700012207031 	 	294.700012207031 	0.0618536792520409 	
294.799987792969 	 	294.799987792969 	0.0425705584399082 	
294.899963378906 	 	294.899963378906 	0.0292990242075681 	
295 	 	295 	0.0201603425975898 	
295.099975585938 	 	295.099975585938 	0.0138752787804195 	
295.200012207031 	 	295.200012207031 	0.00954742969985669 	
295.299987792969 	 	295.299987792969 	0.0065709820158584 	
295.399963378906 	 	295.399963378906 	0.00452245326852647 	
295.5 	 	295.5 	0.00311185132412446 	
295.599975585938 	 	295.599975585938 	0.00214171978656358 	
295.700012207031 	-4.35860000000321 	295.700012207031 	0.00147369428917297 	
295.799987792969 	-3.66830000000118 	295.799987792969 	0.00101426446437223 	
295.899963378906 	-3.03170000000318 	295.899963378906 	0.000698063847736839 	
296 	-2.58610000000044 	296 	0.000480330340693341 	
296.099975585938 	-2.22750000000087 	296.099975585938 	0.000330585621858749 	
296.200012207031 	-1.86730000000171 	296.200012207031 	0.000227472469782013 	
296.299987792969 	-1.46659999999974 	296.299987792969 	0.000156557103805867 	
296.399963378906 	-1.32650000000285 	296.399963378906 	0.000107749861387959 	
296.5 	-1.0789999999979 	296.5 	7.4141539403313E-05 	
296.599975585938 	-1.01829999999973 	296.599975585938 	5.10277340284891E-05 	
296.700012207031 	-0.938200000000506 	296.700012207031 	3.51117593667974E-05 	
296.799987792969 	-0.822599999999511 	296.799987792969 	2.41656027202498E-05 	
296.899963378906 	-0.760200000000623 	296.899963378906 	1.66319313597638E-05 	
297 	-0.699100000001636 	297 	1.14442870186205E-05 	
297.099975585938 	-0.661000000000058 	297.099975585938 	7.87650909658347E-06 	
297.200012207031 	-0.625400000000809 	297.200012207031 	5.41975665854012E-06 	
297.299987792969 	-0.548900000001595 	297.299987792969 	3.73019363918067E-06 	
297.399963378906 	-0.5070999999989 	297.399963378906 	2.5673950390338E-06 	
297.5 	-0.524600000000646 	297.5 	1.7666352728613E-06 	
297.599975585938 	-0.504100000001927 	297.599975585938 	1.21591246059442E-06 	
297.700012207031 	-0.494099999999889 	297.700012207031 	8.3667953090984E-07 	
297.799987792969 	-0.493200000000797 	297.799987792969 	5.75854123784425E-07 	
297.899963378906 	-0.513600000002043 	297.899963378906 	3.96340603723791E-07 	
298 	-0.519100000001345 	298 	2.72725313461527E-07 	
298.099975585938 	-0.530699999999342 	298.099975585938 	1.877374004762E-07 	
298.200012207031 	-0.53780000000188 	298.200012207031 	1.29248874055059E-07 	
298.299987792969 	-0.53859999999986 	298.299987792969 	8.90040487416995E-08 	
298.399963378906 	-0.523300000000745 	298.399963378906 	6.12710309963859E-08 	
298.5 	-0.505499999999302 	298.5 	4.21680613932925E-08 	
298.599975585938 	-0.506000000001222 	298.599975585938 	2.90354991355346E-08 	
298.700012207031 	-0.501400000001013 	298.700012207031 	1.99886267620489E-08 	
298.799987792969 	-0.509000000001834 	298.799987792969 	1.37596605409711E-08 	
298.899963378906 	-0.501199999998789 	298.899963378906 	9.47779212270777E-09 	
299 	-0.500500000001921 	299 	6.54260303678244E-09 	
299.099975585938 	-0.502000000000407 	299.099975585938 	4.53207277678362E-09 	
299.200012207031 	-0.501100000001315 	299.200012207031 	3.15279603511632E-09 	
299.299987792969 	-0.498200000001816 	299.299987792969 	2.19406428969482E-09 	
299.399963378906 	-0.494999999998981 	299.399963378906 	1.51781509832382E-09 	
299.5 	-0.49539999999979 	299.5 	1.04526564170681E-09 	
299.599975585938 	-0.488400000002002 	299.599975585938 	7.19140206376806E-10 	
299.700012207031 	-0.483400000000984 	299.700012207031 	5.19739722073773E-10 	
299.799987792969 	-0.472900000000664 	299.799987792969 	4.18677565061164E-10 	
299.899963378906 	-0.472399999998743 	299.899963378906 	3.44962956396874E-10 	
300 	-0.475200000000768 	300 	3.12947415385227E-10 	
300.099975585938 	-0.475500000000466 	300.099975585938 	2.85810104958412E-10 	
300.200012207031 	-0.470399999998335 	300.200012207031 	2.3062799366793E-10 	
300.299987792969 	-0.463600000002771 	300.299987792969 	1.78024380911094E-10 	
300.399963378906 	-0.463299999999435 	300.399963378906 	1.19544030512567E-10 	
300.5 	-0.46060000000216 	300.5 	6.08511019200627E-11 	
300.599975585938 	-0.45679999999993 	300.599975585938 	2.77060260992961E-11 	
300.700012207031 	-0.449099999997998 	300.700012207031 	5.16994306901108E-12 	
300.799987792969 	-0.445600000002742 	300.799987792969 	-6.24998163353438E-13 	
300.899963378906 	-0.445599999999104 	300.899963378906 	8.59588449281455E-12 	
301 	-0.447900000002846 	301 	1.88590185279543E-11 	
301.099975585938 	-0.446599999999307 	301.099975585938 	2.41910310420392E-11 	
301.200012207031 	-0.44090000000142 	301.200012207031 	2.69727616186547E-11 	
301.299987792969 	-0.434300000000803 	301.299987792969 	2.05237066564216E-11 	
301.399963378906 	-0.426900000002206 	301.399963378906 	1.00610891240504E-11 	
301.5 	-0.424600000002101 	301.5 	7.50821045931988E-13 	
301.599975585938 	-0.419799999999668 	301.599975585938 	-2.26610405782169E-11 	
301.700012207031 	-0.41280000000188 	301.700012207031 	-4.64601332536731E-11 	
301.799987792969 	-0.407800000000861 	301.799987792969 	-5.47100800001339E-11 	
301.899963378906 	-0.40400000000227 	301.899963378906 	-6.83349610640425E-11 	
302 	-0.401000000001659 	302 	-8.83126387362375E-11 	
302.099975585938 	-0.406600000002072 	302.099975585938 	-9.51320189604094E-11 	
302.200012207031 	-0.403400000002875 	302.200012207031 	-8.38924486435538E-11 	
302.299987792969 	-0.391100000000733 	302.299987792969 	-8.3279327812185E-11 	
302.399963378906 	-0.39980000000287 	302.399963378906 	-7.6618730510948E-11 	
302.5 	-0.375200000002224 	302.5 	-6.17056387687534E-11 	
302.599975585938 	-0.37579999999798 	302.599975585938 	-4.61152139097408E-11 	
302.700012207031 	-0.359500000002299 	302.700012207031 	-3.12701536192244E-11 	
302.799987792969 	-0.342900000003283 	302.799987792969 	-1.89639520373596E-11 	
302.899963378906 	-0.327800000002753 	302.899963378906 	-7.6802182844638E-12 	
303 	-0.342800000002171 	303 	9.36770800969929E-12 	
303.099975585938 	-0.394499999998516 	303.099975585938 	2.52079034573212E-11 	
303.200012207031 	-0.380900000000111 	303.200012207031 	3.73963124518429E-11 	
303.299987792969 	-0.335299999998824 	303.299987792969 	4.28527784256947E-11 	
303.399963378906 	0.486199999999371 	303.399963378906 	3.79188272433411E-11 	
303.5 	-1.1163000000015 	303.5 	4.17090211807955E-11 	
303.599975585938 	-0.724000000001979 	303.599975585938 	4.62884118634247E-11 	
303.700012207031 	-0.074800000002142 	303.700012207031 	4.82722356124297E-11 	
303.799987792969 	0.0796000000009371 	303.799987792969 	4.67853162990774E-11 	
303.899963378906 	-0.126600000003236 	303.899963378906 	4.08091695990192E-11 	
304 	0.0858999999982188 	304 	3.23380988995974E-11 	
304.099975585938 	0.0728999999992084 	304.099975585938 	2.7529102185494E-11 	
304.200012207031 	0.075700000001234 	304.200012207031 	2.22856170715757E-11 	
304.299987792969 	0.09769999999844 	304.299987792969 	1.70249562166975E-11 	
304.399963378906 	0.107799999997951 	304.399963378906 	1.22063360682146E-11 	
304.5 	0.12670000000071 	304.5 	8.34172842614436E-12 	
304.599975585938 	0.131099999998696 	304.599975585938 	4.11052472469675E-12 	
304.700012207031 	0.110599999999977 	304.700012207031 	1.84684981898138E-13 	
304.799987792969 	0.151999999998225 	304.799987792969 	-2.84925337048469E-12 	
304.899963378906 	0.129999999997381 	304.899963378906 	-4.72816383079588E-12 	
305 	0.0572999999967578 	305 	-5.17736355506913E-12 	
305.099975585938 	0.0276999999987311 	305.099975585938 	-4.52537999184875E-12 	
305.200012207031 	0.00639999999839347 	305.200012207031 	-4.41406357955019E-12 	
305.299987792969 	0.482299999999668 	305.299987792969 	-3.85790943073666E-12 	
305.399963378906 	0.614499999996042 	305.399963378906 	-3.02160104743133E-12 	
305.5 	0.483599999999569 	305.5 	-2.10751035030541E-12 	
305.599975585938 	0.447499999998399 	305.599975585938 	-1.35811131140649E-12 	
305.700012207031 	0.521099999998114 	305.700012207031 	4.053495386865E-13 	
305.799987792969 	0.350999999998749 	305.799987792969 	2.91026891530552E-12 	
305.899963378906 	0.427999999999884 	305.899963378906 	5.70379417663585E-12 	
306 	0.498200000001816 	306 	8.65445022338651E-12 	
306.099975585938 	0.527900000000955 	306.099975585938 	1.15894952788205E-11 	
306.200012207031 	0.546899999997549 	306.200012207031 	1.43037893222249E-11 	
306.299987792969 	0.207899999997608 	306.299987792969 	1.65424240633235E-11 	
306.399963378906 	0.0123999999996158 	306.399963378906 	1.80090304659238E-11 	
306.5 	-0.20850000000064 	306.5 	1.83550219634316E-11 	
306.599975585938 	-0.286499999998341 	306.599975585938 	1.71774918354458E-11 	
306.700012207031 	-0.356899999998859 	306.700012207031 	1.40145830239721E-11 	
306.799987792969 	-0.222400000002381 	306.799987792969 	1.44009374634261E-11 	
306.899963378906 	-0.119300000002113 	306.899963378906 	1.61506793913142E-11 	
307 	-0.0605000000032305 	307 	1.7854164991992E-11 	
307.099975585938 	-0.175700000003417 	307.099975585938 	1.94287214295927E-11 	
307.200012207031 	-0.27390000000014 	307.200012207031 	2.07720991301784E-11 	
307.299987792969 	-0.354200000001583 	307.299987792969 	2.17524327797185E-11 	
307.399963378906 	-0.466100000001461 	307.399963378906 	2.22116952861543E-11 	
307.5 	-0.5441000000028 	307.5 	2.19591381448752E-11 	
307.599975585938 	-0.566300000002229 	307.599975585938 	2.07705643615866E-11 	
307.700012207031 	-0.606299999999464 	307.700012207031 	1.83830843764143E-11 	
307.799987792969 	-0.666199999999662 	307.799987792969 	1.44990199558364E-11 	
307.899963378906 	-0.68500000000131 	307.899963378906 	1.3543990698883E-11 	
308 	-0.65690000000177 	308 	1.34698621610499E-11 	
308.099975585938 	-0.645000000000437 	308.099975585938 	1.33829763900827E-11 	
308.200012207031 	-0.606899999998859 	308.200012207031 	1.32589285973415E-11 	
308.299987792969 	-0.58640000000014 	308.299987792969 	1.30634982266593E-11 	
308.399963378906 	-0.586200000001554 	308.399963378906 	1.27511697635037E-11 	
308.5 	-0.565400000003137 	308.5 	1.22640172152408E-11 	
308.599975585938 	-0.522200000003068 	308.599975585938 	1.15319140903546E-11 	
308.700012207031 	-0.496399999999994 	308.700012207031 	1.04690343096181E-11 	
308.799987792969 	-0.496600000002218 	308.799987792969 	8.97665732117519E-12 	
308.899963378906 	-0.483899999999267 	308.899963378906 	6.93811954378088E-12 	
309 	-0.459899999998015 	309 	6.19641889521184E-12 	
309.099975585938 	-0.454099999999016 	309.099975585938 	5.79679938000839E-12 	
309.200012207031 	-0.435100000002421 	309.200012207031 	5.44468335376668E-12 	
309.299987792969 	-0.42450000000099 	309.299987792969 	5.13136127858051E-12 	
309.399963378906 	-0.373300000002928 	309.399963378906 	4.84325454715499E-12 	
309.5 	-0.360600000003615 	309.5 	4.56229987050775E-12 	
309.599975585938 	-0.35320000000138 	309.599975585938 	4.26607178249663E-12 	
309.700012207031 	-0.322299999999814 	309.700012207031 	3.9262220573918E-12 	
309.799987792969 	-0.304300000003423 	309.799987792969 	3.50968018474447E-12 	
309.899963378906 	-0.292499999999563 	309.899963378906 	2.97694252630976E-12 	
310 	-0.283200000001671 	310 	2.28204446312053E-12 	
310.099975585938 	-0.279500000000553 	310.099975585938 	2.09389720445513E-12 	
310.200012207031 	-0.266999999999825 	310.200012207031 	2.02244052734884E-12 	
310.299987792969 	-0.26929999999993 	310.299987792969 	1.98050193963138E-12 	
310.399963378906 	-0.273700000001554 	310.399963378906 	1.95817225203894E-12 	
310.5 	-0.266599999999016 	310.5 	1.94372554394226E-12 	
310.599975585938 	-0.257100000002538 	310.599975585938 	1.92350651296117E-12 	
310.700012207031 	-0.248599999998987 	310.700012207031 	1.88176796412766E-12 	
310.799987792969 	-0.2458000000006 	310.799987792969 	1.80072767255951E-12 	
310.899963378906 	-0.246700000003329 	310.899963378906 	1.66033538137961E-12 	
311 	-0.25460000000021 	311 	1.43809773215597E-12 	
311.099975585938 	-0.253100000001723 	311.099975585938 	1.10956323739426E-12 	
311.200012207031 	-0.247800000001007 	311.200012207031 	1.03822515325189E-12 	
311.299987792969 	-0.248400000000402 	311.299987792969 	9.96010384488132E-13 	
311.399963378906 	-0.246699999999691 	311.399963378906 	9.50667314070912E-13 	
311.5 	-0.242299999998068 	311.5 	9.00252313373446E-13 	
311.599975585938 	-0.238199999999779 	311.599975585938 	8.43194951024192E-13 	
311.700012207031 	-0.241900000000896 	311.700012207031 	7.78110505701964E-13 	
311.799987792969 	-0.245500000000902 	311.799987792969 	7.04120338501281E-13 	
311.899963378906 	-0.240799999999581 	311.899963378906 	6.20623408559399E-13 	
312 	-0.237700000001496 	312 	5.27427565164931E-13 	
312.099975585938 	-0.236700000001292 	312.099975585938 	4.24983877512327E-13 	
312.200012207031 	-0.234200000002602 	312.200012207031 	3.14013061378181E-13 	
312.299987792969 	-0.236499999999069 	312.299987792969 	2.40765727970671E-13 	
312.399963378906 	-0.241800000003423 	312.399963378906 	1.69628392769233E-13 	
312.5 	-0.234800000001997 	312.5 	9.84877216766084E-14 	
312.599975585938 	-0.231200000001991 	312.599975585938 	2.77191550664564E-14 	
312.700012207031 	-0.233200000002398 	312.700012207031 	-4.24091891306024E-14 	
312.799987792969 	-0.236499999999069 	312.799987792969 	-1.11391890773935E-13 	
312.899963378906 	-0.234200000002602 	312.899963378906 	-1.78786778707096E-13 	
313 	-0.236900000003516 	313 	-2.44082156150848E-13 	
313.099975585938 	-0.23750000000291 	313.099975585938 	-3.06581697845275E-13 	
313.200012207031 	-0.233299999999872 	313.200012207031 	-3.65678904694058E-13 	
313.299987792969 	-0.232600000003004 	313.299987792969 	-4.20553799728513E-13 	
313.399963378906 	-0.230000000003201 	313.399963378906 	-4.70430504761041E-13 	
313.5 	-0.22820000000138 	313.5 	-5.14455286562939E-13 	
313.599975585938 	-0.227500000000873 	313.599975585938 	-5.51629757809253E-13 	
313.700012207031 	-0.222600000000966 	313.700012207031 	-5.80988212785551E-13 	
313.799987792969 	-0.222999999998137 	313.799987792969 	-6.01418945778711E-13 	
313.899963378906 	-0.220600000000559 	313.899963378906 	-6.11801458033197E-13 	
314 	-0.22360000000117 	314 	-6.10925061682768E-13 	
314.099975585938 	-0.220799999999144 	314.099975585938 	-5.9751814270353E-13 	
314.200012207031 	-0.21900000000096 	314.200012207031 	-5.70224950765644E-13 	
314.299987792969 	-0.220400000001973 	314.299987792969 	-5.27674892040038E-13 	
314.399963378906 	-0.219600000000355 	314.399963378906 	-4.68386927394013E-13 	
314.5 	-0.220099999998638 	314.5 	-3.90773489863298E-13 	
314.599975585938 	-0.218900000003487 	314.599975585938 	-2.93328586636009E-13 	
314.700012207031 	-0.217199999999139 	314.700012207031 	-4.66275040112639E-13 	
314.799987792969 	-0.216900000003079 	314.799987792969 	-6.62714920690223E-13 	
314.899963378906 	-0.215500000002066 	314.899963378906 	-8.75046942098807E-13 	
315 	-0.216000000000349 	315 	-1.10312987513942E-12 	
315.099975585938 	-0.21809999999823 	315.099975585938 	-1.34630920735761E-12 	
315.200012207031 	-0.218500000002678 	315.200012207031 	-1.60441432126291E-12 	
315.299987792969 	-0.217899999999645 	315.299987792969 	-1.87657213641479E-12 	
315.399963378906 	-0.219799999998941 	315.399963378906 	-2.16228691293863E-12 	
315.5 	-0.221099999998842 	315.5 	-2.46100499999418E-12 	
315.599975585938 	-0.222600000000966 	315.599975585938 	-2.7715308868173E-12 	
315.700012207031 	-0.223200000003999 	315.700012207031 	-3.0933210105722E-12 	
315.799987792969 	-0.223200000003999 	315.799987792969 	-3.42496977346549E-12 	
315.899963378906 	-0.220600000000559 	315.899963378906 	-3.7655668930951E-12 	
316 	-0.221000000001368 	316 	-4.11413292015183E-12 	
316.099975585938 	-0.218600000000151 	316.099975585938 	-4.46895671128975E-12 	
316.200012207031 	-0.215600000003178 	316.200012207031 	-4.82909361589754E-12 	
316.299987792969 	-0.215899999999237 	316.299987792969 	-5.19263643796145E-12 	
316.399963378906 	-0.21730000000025 	316.399963378906 	-5.55824558694941E-12 	
316.5 	-0.218800000002375 	316.5 	-5.92449549692366E-12 	
316.599975585938 	-0.216799999998329 	316.599975585938 	-6.28919864034832E-12 	
316.700012207031 	-0.216800000001967 	316.700012207031 	-6.65096725374246E-12 	
316.799987792969 	-0.214200000002165 	316.799987792969 	-7.00743734466823E-12 	
316.899963378906 	-0.215700000000652 	316.899963378906 	-7.3568183075292E-12 	
317 	-0.213200000001962 	317 	-7.69721120026744E-12 	
317.099975585938 	-0.207800000000134 	317.099975585938 	-8.02600524221283E-12 	
317.200012207031 	-0.20770000000266 	317.200012207031 	-8.34131364925686E-12 	
317.299987792969 	-0.204799999999523 	317.299987792969 	-8.64037431699783E-12 	
317.399963378906 	-0.203400000002148 	317.399963378906 	-8.92091697650854E-12 	
317.5 	-0.20049999999901 	317.5 	-9.18053510878736E-12 	
317.599975585938 	-0.19720000000234 	317.599975585938 	-9.41626169374952E-12 	
317.700012207031 	-0.201800000002549 	317.700012207031 	-9.62564113623714E-12 	
317.799987792969 	-0.200700000001234 	317.799987792969 	-9.8055857870087E-12 	
317.899963378906 	-0.197400000000926 	317.899963378906 	-9.95331012420793E-12 	
318 	-0.196599999999307 	318 	-1.0065858909734E-11 	
318.099975585938 	-0.189600000001519 	318.099975585938 	-1.01399897804711E-11 	
318.200012207031 	-0.181799999998475 	318.200012207031 	-1.01725946571261E-11 	
318.299987792969 	-0.184300000000803 	318.299987792969 	-1.01603467954057E-11 	
318.399963378906 	-0.185300000001007 	318.399963378906 	-1.00999028895943E-11 	
318.5 	-0.181500000002416 	318.5 	-9.9877108990045E-12 	
318.599975585938 	-0.177599999999074 	318.599975585938 	-9.82034789653669E-12 	
318.700012207031 	-0.178900000002614 	318.700012207031 	-9.59395576301294E-12 	
318.799987792969 	-0.178100000000995 	318.799987792969 	-9.30506899154014E-12 	
318.899963378906 	-0.177800000001298 	318.899963378906 	-8.94973702028107E-12 	
319 	-0.179199999998673 	319 	-8.52375598114229E-12 	
319.099975585938 	-0.179500000002008 	319.099975585938 	-8.02363104475185E-12 	
319.200012207031 	-0.185199999999895 	319.200012207031 	-7.44464261363339E-12 	
319.299987792969 	-0.181900000003225 	319.299987792969 	-6.78330063340977E-12 	
319.399963378906 	-0.177999999999884 	319.399963378906 	-6.03499087252803E-12 	
319.5 	-0.172000000002299 	319.5 	-5.19479566933732E-12 	
319.599975585938 	-0.170500000000175 	319.599975585938 	-4.25927083656858E-12 	
319.700012207031 	-0.1662000000033 	319.700012207031 	-3.22270997736955E-12 	
319.799987792969 	-0.158999999999651 	319.799987792969 	-3.33109268214074E-12 	
319.899963378906 	-0.14089999999851 	319.899963378906 	-3.79902318181635E-12 	
320 	-0.123500000001513 	320 	-4.27554886559116E-12 	
320.099975585938 	-0.107899999999063 	320.099975585938 	-4.75900933564794E-12 	
320.200012207031 	-0.0929000000032829 	320.200012207031 	-5.24886549294383E-12 	
320.299987792969 	-0.0783999999985099 	320.299987792969 	-5.74334152944104E-12 	
320.399963378906 	-0.0563000000001921 	320.399963378906 	-6.24150757153578E-12 	
320.5 	-0.0413000000007742 	320.5 	-6.74239315592515E-12 	
320.599975585938 	-0.0254000000022643 	320.599975585938 	-7.24406031553093E-12 	
320.700012207031 	-0.0178000000014435 	320.700012207031 	-7.74574413599487E-12 	
320.799987792969 	-0.0219000000033702 	320.799987792969 	-8.24540653255936E-12 	
320.899963378906 	-0.0258000000030734 	320.899963378906 	-8.74187910414105E-12 	
321 	-0.022899999999936 	321 	-9.23393605683026E-12 	
321.099975585938 	-0.0289000000011583 	321.099975585938 	-9.71940235280195E-12 	
321.200012207031 	-0.0367999999980384 	321.200012207031 	-1.0197245250718E-11 	
321.299987792969 	-0.0348000000012689 	321.299987792969 	-1.06652079139157E-11 	
321.399963378906 	-0.0540000000000873 	321.399963378906 	-1.1121862029597E-11 	
321.5 	-0.0803000000014435 	321.5 	-1.15657020631713E-11 	
321.599975585938 	-0.106400000000576 	321.599975585938 	-1.19943639698706E-11 	
321.700012207031 	-0.123600000002625 	321.700012207031 	-1.24064976044227E-11 	
321.799987792969 	-0.141999999999825 	321.799987792969 	-1.27996784683646E-11 	
321.899963378906 	-0.162200000002485 	321.899963378906 	-1.3172193170303E-11 	
322 	-0.175699999999779 	322 	-1.35222282422474E-11 	
322.099975585938 	-0.1833000000006 	322.099975585938 	-1.3847286261581E-11 	
322.200012207031 	-0.188200000000506 	322.200012207031 	-1.4145642536853E-11 	
322.299987792969 	-0.180899999999383 	322.299987792969 	-1.44147635631946E-11 	
322.399963378906 	-0.16570000000138 	322.399963378906 	-1.46526219210927E-11 	
322.5 	-0.156100000003789 	322.5 	-1.48570642337922E-11 	
322.599975585938 	-0.158500000001368 	322.599975585938 	-1.50255228952116E-11 	
322.700012207031 	-0.172299999998359 	322.700012207031 	-1.51558339601871E-11 	
322.799987792969 	-0.165199999999459 	322.799987792969 	-1.52454211381292E-11 	
322.899963378906 	-0.155099999999948 	322.899963378906 	-1.5291910249234E-11 	
323 	-0.1179000000011 	323 	-1.52927722499735E-11 	
323.099975585938 	-0.0787000000018452 	323.099975585938 	-1.5245440110475E-11 	
323.200012207031 	-0.0164000000004307 	323.200012207031 	-1.51472383590378E-11 	
323.299987792969 	0.0127999999967869 	323.299987792969 	-1.49956217053256E-11 	
323.399963378906 	-0.0204000000012456 	323.399963378906 	-1.47878326944294E-11 	
323.5 	-0.0456000000012864 	323.5 	-1.45209270753937E-11 	
323.599975585938 	-0.108500000002095 	323.599975585938 	-1.41924167195185E-11 	
323.700012207031 	-0.17250000000422 	323.700012207031 	-1.37990347904522E-11 	
323.799987792969 	-0.239600000000792 	323.799987792969 	-1.33383483493761E-11 	
323.899963378906 	-0.289900000003399 	323.899963378906 	-1.28071763688158E-11 	
324 	-0.295100000003004 	324 	-1.22021160670895E-11 	
324.099975585938 	-0.262399999999616 	324.099975585938 	-1.15208441069237E-11 	
324.200012207031 	-0.204200000000128 	324.200012207031 	-1.07594148839115E-11 	
324.299987792969 	-0.160900000002584 	324.299987792969 	-9.91559672730672E-12 	
324.399963378906 	-0.14690000000337 	324.399963378906 	-8.98574095696423E-12 	
324.5 	-0.154399999999441 	324.5 	-7.96593915453197E-12 	
324.599975585938 	-0.16649999999936 	324.599975585938 	-6.85412622970653E-12 	
324.700012207031 	-0.173800000000483 	324.700012207031 	-5.64558284133187E-12 	
324.799987792969 	-0.13550000000032 	324.799987792969 	-4.33837506857833E-12 	
324.899963378906 	-0.103800000000774 	324.899963378906 	-3.78364338434599E-12 	
325 	-0.0970999999990454 	325 	-3.83747268336796E-12 	
325.099975585938 	-0.102700000003097 	325.099975585938 	-3.89093005371292E-12 	
325.200012207031 	-0.117200000000594 	325.200012207031 	-3.94389643607331E-12 	
325.299987792969 	-0.130799999998999 	325.299987792969 	-3.99611684297552E-12 	
325.399963378906 	-0.145599999999831 	325.399963378906 	-4.04742734044617E-12 	
325.5 	-0.162499999998545 	325.5 	-4.09765559437154E-12 	
325.599975585938 	-0.165899999999965 	325.599975585938 	-4.14653143828771E-12 	
325.700012207031 	-0.166100000002189 	325.700012207031 	-4.19389932543794E-12 	
325.799987792969 	-0.168600000000879 	325.799987792969 	-4.23948023167696E-12 	
325.899963378906 	-0.17080000000351 	325.899963378906 	-4.28307626709383E-12 	
326 	-0.154200000000856 	326 	-4.32447851617828E-12 	
326.099975585938 	-0.150500000003376 	326.099975585938 	-4.36339671418355E-12 	
326.200012207031 	-0.122300000002724 	326.200012207031 	-4.39963226265528E-12 	
326.299987792969 	-0.0838000000003376 	326.299987792969 	-4.43288885348363E-12 	
326.399963378906 	-0.0534999999981665 	326.399963378906 	-4.46293131156685E-12 	
326.5 	-0.0421000000023923 	326.5 	-4.48951043388506E-12 	
326.599975585938 	-0.0185999999994237 	326.599975585938 	-4.51232317543421E-12 	
326.700012207031 	-0.0401999999994587 	326.700012207031 	-4.5311203795781E-12 	
326.799987792969 	-0.0423000000009779 	326.799987792969 	-4.5455961491852E-12 	
326.899963378906 	-0.0548999999991793 	326.899963378906 	-4.55547422359177E-12 	
327 	-0.0573000000003958 	327 	-4.56046093503745E-12 	
327.099975585938 	-0.0622000000003027 	327.099975585938 	-4.56024871852211E-12 	
327.200012207031 	-0.0683000000026368 	327.200012207031 	-4.55452941050786E-12 	
327.299987792969 	-0.0698000000011234 	327.299987792969 	-4.54299616201997E-12 	
327.399963378906 	-0.0663000000022294 	327.399963378906 	-4.52532735534378E-12 	
327.5 	-0.0666999999994005 	327.5 	-4.50118020962963E-12 	
327.599975585938 	-0.069100000000617 	327.599975585938 	-4.47025184237832E-12 	
327.700012207031 	-0.0642000000007101 	327.700012207031 	-4.43216569219461E-12 	
327.799987792969 	-0.0683000000026368 	327.799987792969 	-4.38662353767489E-12 	
327.899963378906 	-0.0609999999978754 	327.899963378906 	-4.33325366144671E-12 	
328 	-0.0740000000005239 	328 	-4.27165905010443E-12 	
328.099975585938 	-0.0665000000008149 	328.099975585938 	-4.20155164838255E-12 	
328.200012207031 	-0.0561000000016065 	328.200012207031 	-4.12247616383709E-12 	
328.299987792969 	-0.0516999999999825 	328.299987792969 	-4.03415352428558E-12 	
328.399963378906 	-0.0394999999989523 	328.399963378906 	-3.93615669897302E-12 	
328.5 	-0.0307000000029802 	328.5 	-3.82802885135335E-12 	
328.599975585938 	-0.025500000003376 	328.599975585938 	-3.70950784036316E-12 	
328.700012207031 	-0.0289000000011583 	328.700012207031 	-3.58004836708266E-12 	
328.799987792969 	-0.0290999999997439 	328.799987792969 	-3.43940197243626E-12 	
328.899963378906 	-0.0194000000010419 	328.899963378906 	-3.28708062744384E-12 	
329 	-0.00909999999930733 	329 	-3.1225616107165E-12 	
329.099975585938 	-0.0151000000005297 	329.099975585938 	-2.94562072459715E-12 	
329.200012207031 	-0.0334000000002561 	329.200012207031 	-2.75561044602733E-12 	
329.299987792969 	-0.0529000000024098 	329.299987792969 	-2.55232533515982E-12 	
329.399963378906 	-0.0685000000012224 	329.399963378906 	-2.33521020882893E-12 	
329.5 	-0.114000000001397 	329.5 	-2.10366992798266E-12 	
329.599975585938 	-0.135600000001432 	329.599975585938 	-1.85753120981018E-12 	
329.700012207031 	-0.134300000001531 	329.700012207031 	-1.59603114721576E-12 	
329.799987792969 	-0.112300000000687 	329.799987792969 	-1.31902066793779E-12 	
329.899963378906 	-0.0738999999994121 	329.899963378906 	-1.02587080754668E-12 	
330 	-0.049299999998766 	330 	-8.08807363136E-13 	
330.099975585938 	0.0129999999990105 	330.099975585938 	-7.40578689594136E-13 	
330.200012207031 	0.0531000000009954 	330.200012207031 	-6.72892720799368E-13 	
330.299987792969 	0.0717999999978929 	330.299987792969 	-6.0590318150263E-13 	
330.399963378906 	0.0626000000011118 	330.399963378906 	-5.39640756532237E-13 	
330.5 	0.0468999999975495 	330.5 	-4.74138980790974E-13 	
330.599975585938 	0.0195000000021537 	330.599975585938 	-4.0955213402631E-13 	
330.700012207031 	0.0117999999965832 	330.700012207031 	-3.45876841350298E-13 	
330.799987792969 	0.00259999999616412 	330.799987792969 	-2.83267300799263E-13 	
330.899963378906 	-0.0112000000008265 	330.899963378906 	-2.2176189647978E-13 	
331 	-0.0305999999982305 	331 	-1.6140278340183E-13 	
331.099975585938 	-0.0282000000006519 	331.099975585938 	-1.02343333284612E-13 	
331.200012207031 	-0.0196000000032654 	331.200012207031 	-4.4592291905704E-14 	
331.299987792969 	-0.00899999999819556 	331.299987792969 	1.16980044652609E-14 	
331.399963378906 	-0.00779999999940628 	331.399963378906 	6.64803131071472E-14 	
331.5 	-0.00119999999878928 	331.5 	1.19702634038549E-13 	
331.599975585938 	0.00259999999616412 	331.599975585938 	1.71214936917512E-13 	
331.700012207031 	0.00140000000101281 	331.700012207031 	2.20993889182999E-13 	
331.799987792969 	0.0062999999972817 	331.799987792969 	2.68891515218964E-13 	
331.899963378906 	0.00439999999798601 	331.899963378906 	3.14850472436005E-13 	
332 	-0.00100000000384171 	332 	3.58807609099651E-13 	
332.099975585938 	0.00449999999909778 	332.099975585938 	4.00618833428989E-13 	
332.200012207031 	0.00549999999930151 	332.200012207031 	4.4024359612676E-13 	
332.299987792969 	0.00370000000111759 	332.299987792969 	4.77540944952235E-13 	
332.399963378906 	0.00890000000072177 	332.399963378906 	5.1244211427662E-13 	
332.5 	0.0092000000004191 	332.5 	5.44871411913329E-13 	
332.599975585938 	0.0204000000012456 	332.599975585938 	5.74693445661111E-13 	
332.700012207031 	0.0227999999988242 	332.700012207031 	6.01847655698899E-13 	
332.799987792969 	0.0266999999985273 	332.799987792969 	6.26202939717831E-13 	
332.899963378906 	0.0318000000006577 	332.899963378906 	6.47677703961186E-13 	
333 	0.0402999999969325 	333 	6.66182245173804E-13 	
333.099975585938 	0.0469999999986612 	333.099975585938 	6.81592795587536E-13 	
333.200012207031 	0.0511999999980617 	333.200012207031 	6.938258272351E-13 	
333.299987792969 	0.0452999999979511 	333.299987792969 	7.02763078130873E-13 	
333.399963378906 	0.0459999999984575 	333.399963378906 	7.08308639384265E-13 	
333.5 	0.049299999998766 	333.5 	7.10357244137663E-13 	
333.599975585938 	0.0472999999983585 	333.599975585938 	7.08799837744289E-13 	
333.700012207031 	0.0403999999980442 	333.700012207031 	7.03526802633415E-13 	
333.799987792969 	0.0305999999982305 	333.799987792969 	6.94435871368853E-13 	
333.899963378906 	0.0264999999999418 	333.899963378906 	6.81415251002786E-13 	
334 	0.0184000000008382 	334 	6.64342476623862E-13 	
334.099975585938 	0.0112000000008265 	334.099975585938 	6.43126459229765E-13 	
334.200012207031 	0.00939999999900465 	334.200012207031 	6.17628206354264E-13 	
334.299987792969 	0.00549999999566353 	334.299987792969 	5.87764763171628E-13 	
334.399963378906 	0.0095999999975902 	334.399963378906 	5.53406801836044E-13 	
334.5 	0.0101999999969848 	334.5 	5.14412943013722E-13 	
334.599975585938 	0.00839999999880092 	334.599975585938 	4.70713479704723E-13 	
334.700012207031 	0.0103000000017346 	334.700012207031 	4.22136595420433E-13 	
334.799987792969 	0.00409999999828869 	334.799987792969 	3.68622129841423E-13 	
334.899963378906 	0.00369999999747961 	334.899963378906 	3.10021487465702E-13 	
335 	0.00300000000061118 	335 	2.46172576250932E-13 	
335.099975585938 	-0.00130000000353903 	335.099975585938 	2.03212857159214E-13 	
335.200012207031 	-0.00449999999909778 	335.200012207031 	2.79820129849912E-13 	
335.299987792969 	-0.0036000000036438 	335.299987792969 	3.57461769229307E-13 	
335.399963378906 	-0.000900000002729939 	335.399963378906 	4.36123996428463E-13 	
335.5 	0.00169999999707215 	335.5 	5.15795525236766E-13 	
335.599975585938 	-0.00120000000242726 	335.599975585938 	5.96318928386946E-13 	
335.700012207031 	-0.00440000000162399 	335.700012207031 	6.77732268452567E-13 	
335.799987792969 	-0.00649999999950523 	335.799987792969 	7.59875992710275E-13 	
335.899963378906 	-0.00300000000061118 	335.899963378906 	8.42739346475634E-13 	
336 	0.00169999999707215 	336 	9.26313332669429E-13 	
336.099975585938 	-0.0018000000018219 	336.099975585938 	1.01043576202637E-12 	
336.200012207031 	-0.00300000000061118 	336.200012207031 	1.09514909153539E-12 	
336.299987792969 	0.00199999999676947 	336.299987792969 	1.18028974164041E-12 	
336.399963378906 	0.0047999999987951 	336.399963378906 	1.26584906294096E-12 	
336.5 	0.00509999999849242 	336.5 	1.35181942858873E-12 	
336.599975585938 	0.00469999999768334 	336.599975585938 	1.43803572512141E-12 	
336.700012207031 	0.00470000000132131 	336.700012207031 	1.52454296614233E-12 	
336.799987792969 	0.00100000000020373 	336.799987792969 	1.61117538306363E-12 	
336.899963378906 	0.00169999999707215 	336.899963378906 	1.69792551286837E-12 	
337 	-0.000100000001111766 	337 	1.7847861800386E-12 	
337.099975585938 	-0.000400000000809086 	337.099975585938 	1.87159118471601E-12 	
337.200012207031 	-0.00349999999889405 	337.200012207031 	1.95838625931729E-12 	
337.299987792969 	-0.00540000000182772 	337.299987792969 	2.04500528402388E-12 	
337.399963378906 	-0.00530000000071595 	337.399963378906 	2.13144106330178E-12 	
337.5 	-0.00460000000020955 	337.5 	2.21768595406296E-12 	
337.599975585938 	-0.00190000000293367 	337.599975585938 	2.30357450785409E-12 	
337.700012207031 	0.00269999999727588 	337.700012207031 	2.38915133810422E-12 	
337.799987792969 	0.00409999999828869 	337.799987792969 	2.47425181156508E-12 	
337.899963378906 	0.00590000000011059 	337.899963378906 	2.55886808128514E-12 	
338 	0.00500000000101863 	338 	2.64299111770573E-12 	
338.099975585938 	0.00879999999961001 	338.099975585938 	2.72645806157957E-12 	
338.200012207031 	0.011900000001333 	338.200012207031 	2.80931056954704E-12 	
338.299987792969 	0.0128999999978987 	338.299987792969 	2.89138733273115E-12 	
338.399963378906 	0.0120999999999185 	338.399963378906 	2.97267893386237E-12 	
338.5 	0.0113999999994121 	338.5 	3.05317403801086E-12 	
338.599975585938 	0.0154999999977008 	338.599975585938 	3.1327142129364E-12 	
338.700012207031 	0.016299999999319 	338.700012207031 	3.21133632068968E-12 	
338.799987792969 	0.0159999999996217 	338.799987792969 	3.28888421456604E-12 	
338.899963378906 	0.0135999999984051 	338.899963378906 	3.36534598807739E-12 	
339 	0.0152000000016415 	339 	3.44070708202227E-12 	
339.099975585938 	0.0141999999977998 	339.099975585938 	3.51481532896849E-12 	
339.200012207031 	0.0171000000009371 	339.200012207031 	3.58770095857607E-12 	
339.299987792969 	0.0192999999962922 	339.299987792969 	3.65921482411366E-12 	
339.399963378906 	0.0224999999991269 	339.399963378906 	3.72934161097414E-12 	
339.5 	0.0229999999974098 	339.5 	3.79806261678388E-12 	
339.599975585938 	0.0270000000018626 	339.599975585938 	3.86523377671978E-12 	
339.700012207031 	0.0279999999984284 	339.700012207031 	3.93087685025013E-12 	
339.799987792969 	0.028600000001461 	339.799987792969 	3.99485152841795E-12 	
339.899963378906 	0.0289999999986321 	339.899963378906 	4.05713816959655E-12 	
340 	0.0277999999998428 	340 	4.11771300933963E-12 	
340.099975585938 	0.0272000000004482 	340.099975585938 	4.1764419232342E-12 	
340.200012207031 	0.0299000000013621 	340.200012207031 	4.23333636275581E-12 	
340.299987792969 	0.0302000000010594 	340.299987792969 	4.28826669452284E-12 	
340.399963378906 	0.0311000000001513 	340.399963378906 	4.34120803098854E-12 	
340.5 	0.0356999999967229 	340.5 	4.39213062673345E-12 	
340.599975585938 	0.0379999999968277 	340.599975585938 	4.44091213555567E-12 	
340.700012207031 	0.0393000000003667 	340.700012207031 	4.48755186313702E-12 	
340.799987792969 	0.0396999999975378 	340.799987792969 	4.53193268947225E-12 	
340.899963378906 	0.0350999999973283 	340.899963378906 	4.57402356219405E-12 	
341 	0.0342999999993481 	341 	4.61378783600927E-12 	
341.099975585938 	0.0345999999990454 	341.099975585938 	4.65111678072812E-12 	
341.200012207031 	0.037400000001071 	341.200012207031 	4.6859957184377E-12 	
341.299987792969 	0.0379999999968277 	341.299987792969 	4.71832188031012E-12 	
341.399963378906 	0.0322000000014668 	341.399963378906 	4.74805713025699E-12 	
341.5 	0.0350999999973283 	341.5 	4.77515700421101E-12 	
341.599975585938 	0.0325999999986379 	341.599975585938 	4.79952822579549E-12 	
341.700012207031 	0.0325000000011642 	341.700012207031 	4.82114029570177E-12 	
341.799987792969 	0.03519999999844 	341.799987792969 	4.83990663408037E-12 	
341.899963378906 	0.0384000000012747 	341.899963378906 	4.85578110222132E-12 	
342 	0.0333999999966181 	342 	4.8687104983826E-12 	
342.099975585938 	0.0391999999992549 	342.099975585938 	4.87861883780171E-12 	
342.200012207031 	0.0358000000014727 	342.200012207031 	4.88545796197316E-12 	
342.299987792969 	0.0388999999995576 	342.299987792969 	4.88915931782693E-12 	
342.399963378906 	0.0357000000003609 	342.399963378906 	4.88966784513094E-12 	
342.5 	0.0331000000005588 	342.5 	4.88692068556797E-12 	
342.599975585938 	0.0321999999978289 	342.599975585938 	4.88086098379069E-12 	
342.700012207031 	0.0276999999987311 	342.700012207031 	4.87142108429581E-12 	
342.799987792969 	0.0235999999968044 	342.799987792969 	4.85855229859374E-12 	
342.899963378906 	0.0201000000015483 	342.899963378906 	4.84218972602979E-12 	
343 	0.0112999999983003 	343 	4.82225993281106E-12 	
343.099975585938 	0.00440000000162399 	343.099975585938 	4.79872703080637E-12 	
343.200012207031 	-0.00410000000192667 	343.200012207031 	4.77150202971364E-12 	
343.299987792969 	-0.00699999999778811 	343.299987792969 	4.74055794342471E-12 	
343.399963378906 	-0.0103000000017346 	343.399963378906 	4.7058191119618E-12 	
343.5 	-0.0178000000014435 	343.5 	4.66720060715579E-12 	
343.599975585938 	-0.0172000000020489 	343.599975585938 	4.62468934589269E-12 	
343.700012207031 	0.00819999999657739 	343.700012207031 	4.57817316527058E-12 	
343.799987792969 	0.0379999999968277 	343.799987792969 	4.52764861936379E-12 	
343.899963378906 	0.0502999999989697 	343.899963378906 	4.4730283699709E-12 	
344 	0.0622999999977765 	344 	4.41421507564609E-12 	
344.099975585938 	0.08009999999922 	344.099975585938 	4.35122029609356E-12 	
344.200012207031 	0.0877000000000407 	344.200012207031 	4.28390685801056E-12 	
344.299987792969 	0.0944999999992433 	344.299987792969 	4.21229669345489E-12 	
344.399963378906 	0.106399999996938 	344.399963378906 	4.13628986710102E-12 	
344.5 	0.108400000000984 	344.5 	4.05577570532589E-12 	
344.599975585938 	0.111799999998766 	344.599975585938 	3.97079224845292E-12 	
344.700012207031 	0.143099999997503 	344.700012207031 	3.88117547497751E-12 	
344.799987792969 	0.151599999997416 	344.799987792969 	3.78697453274196E-12 	
344.899963378906 	0.158699999999953 	344.899963378906 	3.68807597039609E-12 	
345 	0.163700000000972 	345 	3.58435486323911E-12 	
345.099975585938 	0.163300000000163 	345.099975585938 	3.4758775700147E-12 	
345.200012207031 	0.153599999997823 	345.200012207031 	3.36245138321536E-12 	
345.299987792969 	0.148099999998522 	345.299987792969 	3.24415450426891E-12 	
345.399963378906 	0.141199999998207 	345.399963378906 	3.12085904690003E-12 	
345.5 	0.144800000001851 	345.5 	2.99242491642969E-12 	
345.599975585938 	0.13839999999982 	345.599975585938 	2.85894862782282E-12 	
345.700012207031 	0.138100000000122 	345.700012207031 	2.72020694976804E-12 	
345.799987792969 	0.1362999999983 	345.799987792969 	2.57630897507967E-12 	
345.899963378906 	0.135399999999208 	345.899963378906 	2.42711146365678E-12 	
346 	0.134500000000116 	346 	2.27245823194156E-12 	
346.099975585938 	0.135399999999208 	346.099975585938 	2.11247778892122E-12 	
346.200012207031 	0.134799999999814 	346.200012207031 	1.94691454167947E-12 	
346.299987792969 	0.134299999997893 	346.299987792969 	1.77591031221818E-12 	
346.399963378906 	0.133099999999104 	346.399963378906 	1.59930558771026E-12 	
346.5 	0.127799999998388 	346.5 	1.41692717681865E-12 	
346.599975585938 	0.126399999997375 	346.599975585938 	1.22893742035382E-12 	
346.700012207031 	0.123700000000099 	346.700012207031 	1.03504652599359E-12 	
346.799987792969 	0.119399999995949 	346.799987792969 	8.35430882728369E-13 	
346.899963378906 	0.117199999996956 	346.899963378906 	6.29913786104399E-13 	
347 	0.117299999998068 	347 	5.79263025912735E-13 	
347.099975585938 	0.112900000000081 	347.099975585938 	6.02866931573804E-13 	
347.200012207031 	0.109799999998359 	347.200012207031 	6.2641177049486E-13 	
347.299987792969 	0.115199999996548 	347.299987792969 	6.49858615298779E-13 	
347.399963378906 	0.112400000001799 	347.399963378906 	6.73211663345338E-13 	
347.5 	0.115099999999074 	347.5 	6.96474882907443E-13 	
347.599975585938 	0.113299999997253 	347.599975585938 	7.19609690255755E-13 	
347.700012207031 	0.113399999998364 	347.700012207031 	7.42634128077198E-13 	
347.799987792969 	0.113099999998667 	347.799987792969 	7.65509904017344E-13 	
347.899963378906 	0.11279999999897 	347.899963378906 	7.88240913483142E-13 	
348 	0.119199999997363 	348 	8.10830698307504E-13 	
348.099975585938 	0.121299999998882 	348.099975585938 	8.33241496524039E-13 	
348.200012207031 	0.120100000000093 	348.200012207031 	8.55490466803637E-13 	
348.299987792969 	0.121299999998882 	348.299987792969 	8.77540263060988E-13 	
348.399963378906 	0.121800000000803 	348.399963378906 	8.99394323127005E-13 	
348.5 	0.120999999999185 	348.5 	9.21055606771392E-13 	
348.599975585938 	0.118899999997666 	348.599975585938 	9.42487485037129E-13 	
348.700012207031 	0.124199999998382 	348.700012207031 	9.63705921332651E-13 	
348.799987792969 	0.119900000001508 	348.799987792969 	9.84674827088188E-13 	
348.899963378906 	0.120099999996455 	348.899963378906 	1.0053970269354E-12 	
349 	0.120899999998073 	349 	1.02587474295758E-12 	
349.099975585938 	0.121200000001409 	349.099975585938 	1.0460727904535E-12 	
349.200012207031 	0.117399999999179 	349.200012207031 	1.06600562632272E-12 	
349.299987792969 	0.106999999996333 	349.299987792969 	1.08563873075742E-12 	
349.399963378906 	0.116000000001804 	349.399963378906 	1.10497415956681E-12 	
349.5 	0.118499999996857 	349.5 	1.12401324152456E-12 	
349.599975585938 	0.122199999997974 	349.599975585938 	1.14272254743164E-12 	
349.700012207031 	0.129699999997683 	349.700012207031 	1.16111471643231E-12 	
349.799987792969 	0.129699999997683 	349.799987792969 	1.17915710872716E-12 	
349.899963378906 	0.130199999999604 	349.899963378906 	1.19685085567971E-12 	
350 	0.129699999997683 	350 	1.21419623713078E-12 	
350.099975585938 	0.129699999997683 	350.099975585938 	1.23116189063E-12 	
350.200012207031 	 	350.200012207031 	1.24775832631991E-12 	
350.299987792969 	 	350.299987792969 	1.26395509565588E-12 	
350.399963378906 	 	350.399963378906 	1.27975224993257E-12 	
350.5 	 	350.5 	1.29514886443474E-12 	
350.599975585938 	 	350.599975585938 	1.31011595470708E-12 	
350.700012207031 	 	350.700012207031 	1.32466159064399E-12 	
350.799987792969 	 	350.799987792969 	1.33875782620206E-12 	
350.899963378906 	 	350.899963378906 	1.35240347698386E-12 	
351 	 	351 	1.35240347698386E-12 	
351.099975585938 	 	351.099975585938 	2.61869805848195 	
351.200012207031 	 	351.200012207031 	4.36181103169462 	
351.299987792969 	 	351.299987792969 	5.52066375206668 	
351.399963378906 	 	351.399963378906 	6.29166249665744 	
351.5 	 	351.5 	6.80487087980165 	
351.599975585938 	 	351.599975585938 	7.14606106631415 	
351.700012207031 	 	351.700012207031 	7.37317131381333 	
351.799987792969 	 	351.799987792969 	7.52415829283512 	
351.899963378906 	 	351.899963378906 	7.62461177553985 	
352 	 	352 	7.6914776585353 	
352.099975585938 	 	352.099975585938 	7.73593130112298 	
352.200012207031 	 	352.200012207031 	7.76552151044417 	
352.299987792969 	 	352.299987792969 	7.78519363562336 	
352.399963378906 	 	352.399963378906 	7.79828175411928 	
352.5 	 	352.5 	7.80699375311623 	
352.599975585938 	 	352.599975585938 	7.81278563420998 	
352.700012207031 	27.3722999999991 	352.700012207031 	7.81664086740312 	
352.799987792969 	23.2219000000005 	352.799987792969 	7.81920396690032 	
352.899963378906 	20.1117000000013 	352.899963378906 	7.82090923118062 	
353 	16.5820999999996 	353 	7.82204434362181 	
353.099975585938 	14.0355000000018 	353.099975585938 	7.82279899122122 	
353.200012207031 	12.097099999999 	353.200012207031 	7.8233013175285 	
353.299987792969 	10.5832999999984 	353.299987792969 	7.82363523104515 	
353.399963378906 	9.40060000000085 	353.399963378906 	7.82385737385804 	
353.5 	8.29230000000098 	353.5 	7.82400529078381 	
353.599975585938 	7.42759999999907 	353.599975585938 	7.82410363176767 	
353.700012207031 	6.84370000000126 	353.700012207031 	7.82416909289342 	
353.799987792969 	6.40839999999662 	353.799987792969 	7.82421262221608 	
353.899963378906 	5.96270000000004 	353.899963378906 	7.82424156795803 	
354 	5.8137999999999 	354 	7.8242608026318 	
354.099975585938 	5.60949999999866 	354.099975585938 	7.82427358606304 	
354.200012207031 	5.56489999999758 	354.200012207031 	7.82428212164366 	
354.299987792969 	5.42190000000119 	354.299987792969 	7.82428782112128 	
354.399963378906 	5.38750000000073 	354.399963378906 	7.82429161147517 	
354.5 	5.48699999999735 	354.5 	7.82429409402883 	
354.599975585938 	5.57849999999598 	354.599975585938 	7.82429570051714 	
354.700012207031 	5.66739999999845 	354.700012207031 	7.82429676649774 	
354.799987792969 	5.72099999999773 	354.799987792969 	7.82429745527381 	
354.899963378906 	5.83359999999811 	354.899963378906 	7.82429797354979 	
355 	5.91180000000168 	355 	7.8242983542696 	
355.099975585938 	6.00849999999627 	355.099975585938 	7.82429863477844 	
355.200012207031 	6.08519999999771 	355.200012207031 	7.82429882152773 	
355.299987792969 	6.19110000000001 	355.299987792969 	7.82429893808084 	
355.399963378906 	6.28809999999794 	355.399963378906 	7.82429900137522 	
355.5 	6.39779999999882 	355.5 	7.82429904477247 	
355.599975585938 	6.49749999999767 	355.599975585938 	7.82429907888932 	
355.700012207031 	6.58449999999721 	355.700012207031 	7.82429911029072 	
355.799987792969 	6.6922999999988 	355.799987792969 	7.82429913555345 	
355.899963378906 	6.73939999999857 	355.899963378906 	7.82429915175133 	
356 	6.87540000000081 	356 	7.8242991591056 	
356.099975585938 	6.9372000000003 	356.099975585938 	7.82429916025583 	
356.200012207031 	7.00409999999829 	356.200012207031 	7.82429916015626 	
356.299987792969 	7.04029999999693 	356.299987792969 	7.824299155311 	
356.399963378906 	7.10029999999824 	356.399963378906 	7.82429915261035 	
356.5 	7.16759999999704 	356.5 	7.82429914990369 	
356.599975585938 	7.22609999999986 	356.599975585938 	7.82429914685206 	
356.700012207031 	7.29809999999634 	356.700012207031 	7.82429914868959 	
356.799987792969 	7.35399999999572 	356.799987792969 	7.82429914902406 	
356.899963378906 	7.40699999999924 	356.899963378906 	7.82429915301868 	
357 	7.44029999999839 	357 	7.82429915671915 	
357.099975585938 	7.50110000000132 	357.099975585938 	7.82429916060729 	
357.200012207031 	7.6320999999989 	357.200012207031 	7.82429916416342 	
357.299987792969 	7.66369999999733 	357.299987792969 	7.82429916677249 	
357.399963378906 	7.71500000000015 	357.399963378906 	7.82429916862605 	
357.5 	7.76189999999769 	357.5 	7.8242991708431 	
357.599975585938 	7.83290000000125 	357.599975585938 	7.82429917270312 	
357.700012207031 	7.87220000000161 	357.700012207031 	7.82429917394407 	
357.799987792969 	7.91639999999825 	357.799987792969 	7.82429917418215 	
357.899963378906 	7.9351999999999 	357.899963378906 	7.82429917380119 	
358 	7.93339999999807 	358 	7.82429917456668 	
358.099975585938 	7.97599999999875 	358.099975585938 	7.82429917510366 	
358.200012207031 	7.98029999999926 	358.200012207031 	7.82429917525193 	
358.299987792969 	7.9900000000016 	358.299987792969 	7.82429917479533 	
358.399963378906 	8.01139999999941 	358.399963378906 	7.82429917374588 	
358.5 	8.02299999999741 	358.5 	7.82429917353427 	
358.599975585938 	8.03859999999986 	358.599975585938 	7.82429917324458 	
358.700012207031 	8.06559999999808 	358.700012207031 	7.82429917285408 	
358.799987792969 	8.07589999999982 	358.799987792969 	7.82429917232977 	
358.899963378906 	8.07879999999932 	358.899963378906 	7.82429917163807 	
359 	8.1231000000007 	359 	7.82429917120024 	
359.099975585938 	8.1527999999962 	359.099975585938 	7.82429917080051 	
359.200012207031 	8.17199999999866 	359.200012207031 	7.82429917045598 	
359.299987792969 	8.19819999999891 	359.299987792969 	7.82429917018379 	
359.399963378906 	8.22199999999793 	359.399963378906 	7.82429916999969 	
359.5 	8.23749999999927 	359.5 	7.82429916977659 	
359.599975585938 	8.26699999999983 	359.599975585938 	7.82429916957425 	
359.700012207031 	8.28909999999814 	359.700012207031 	7.82429916940791 	
359.799987792969 	8.29539999999906 	359.799987792969 	7.8242991692789 	
359.899963378906 	8.32909999999902 	359.899963378906 	7.82429916918791 	
360 	8.34039999999732 	360 	7.82429916913536 	
360.099975585938 	8.34670000000187 	360.099975585938 	7.82429916912139 	
360.200012207031 	8.34619999999995 	360.200012207031 	7.82429916914571 	
360.299987792969 	8.34469999999783 	360.299987792969 	7.82429916920766 	
360.399963378906 	8.35609999999724 	360.399963378906 	7.82429916930627 	
360.5 	8.35870000000068 	360.5 	7.82429916932915 	
360.599975585938 	8.35809999999765 	360.599975585938 	7.82429916927666 	
360.700012207031 	8.35529999999926 	360.700012207031 	7.82429916922639 	
360.799987792969 	8.35020000000077 	360.799987792969 	7.82429916917861 	
360.899963378906 	8.35199999999895 	360.899963378906 	7.82429916913352 	
361 	8.34249999999884 	361 	7.8242991690913 	
361.099975585938 	8.35259999999835 	361.099975585938 	7.82429916905223 	
361.200012207031 	8.34709999999905 	361.200012207031 	7.82429916901648 	
361.299987792969 	8.35229999999865 	361.299987792969 	7.82429916898431 	
361.399963378906 	8.35510000000068 	361.399963378906 	7.82429916895592 	
361.5 	8.34500000000116 	361.5 	7.82429916893152 	
361.599975585938 	8.35819999999876 	361.599975585938 	7.82429916891135 	
361.700012207031 	8.36279999999897 	361.700012207031 	7.8242991688956 	
361.799987792969 	8.3676000000014 	361.799987792969 	7.82429916888453 	
361.899963378906 	8.37010000000009 	361.899963378906 	7.82429916887833 	
362 	8.3747000000003 	362 	7.82429916887723 	
362.099975585938 	8.37939999999799 	362.099975585938 	7.82429916888144 	
362.200012207031 	8.38099999999758 	362.200012207031 	7.8242991688912 	
362.299987792969 	8.38360000000102 	362.299987792969 	7.8242991689067 	
362.399963378906 	8.38059999999678 	362.399963378906 	7.82429916892817 	
362.5 	8.38379999999961 	362.5 	7.82429916895586 	
362.599975585938 	8.39449999999852 	362.599975585938 	7.82429916898994 	
362.700012207031 	8.3810999999987 	362.700012207031 	7.82429916903067 	
362.799987792969 	8.38680000000022 	362.799987792969 	7.82429916907824 	
362.899963378906 	8.38810000000012 	362.899963378906 	7.82429916913287 	
363 	8.39809999999852 	363 	7.82429916919483 	
363.099975585938 	8.40219999999681 	363.099975585938 	7.82429916926425 	
363.200012207031 	8.40460000000166 	363.200012207031 	7.82429916934146 	
363.299987792969 	8.39799999999741 	363.299987792969 	7.82429916942657 	
363.399963378906 	8.41249999999854 	363.399963378906 	7.82429916944657 	
363.5 	8.42020000000048 	363.5 	7.82429916942987 	
363.599975585938 	8.41560000000027 	363.599975585938 	7.82429916941279 	
363.700012207031 	8.40549999999712 	363.700012207031 	7.8242991693954 	
363.799987792969 	8.40059999999721 	363.799987792969 	7.8242991693778 	
363.899963378906 	8.40639999999985 	363.899963378906 	7.82429916936007 	
364 	8.40359999999782 	364 	7.82429916934228 	
364.099975585938 	8.4004999999961 	364.099975585938 	7.82429916932454 	
364.200012207031 	8.40849999999773 	364.200012207031 	7.82429916930691 	
364.299987792969 	8.40409999999611 	364.299987792969 	7.82429916928951 	
364.399963378906 	8.39669999999751 	364.399963378906 	7.8242991692724 	
364.5 	8.38769999999931 	364.5 	7.82429916925565 	
364.599975585938 	8.39879999999903 	364.599975585938 	7.82429916923939 	
364.700012207031 	8.41690000000017 	364.700012207031 	7.82429916922366 	
364.799987792969 	8.43249999999898 	364.799987792969 	7.82429916920858 	
364.899963378906 	8.43100000000049 	364.899963378906 	7.82429916919421 	
365 	8.43000000000029 	365 	7.82429916918065 	
365.099975585938 	8.44639999999708 	365.099975585938 	7.82429916916798 	
365.200012207031 	8.44889999999941 	365.200012207031 	7.82429916915629 	
365.299987792969 	8.44629999999961 	365.299987792969 	7.82429916914566 	
365.399963378906 	8.44900000000052 	365.399963378906 	7.82429916913617 	
365.5 	8.46249999999782 	365.5 	7.82429916912791 	
365.599975585938 	8.46399999999994 	365.599975585938 	7.82429916912098 	
365.700012207031 	8.45989999999802 	365.700012207031 	7.82429916911544 	
365.799987792969 	8.43839999999909 	365.799987792969 	7.82429916911139 	
365.899963378906 	8.42689999999857 	365.899963378906 	7.82429916910892 	
366 	8.44940000000133 	366 	7.8242991691081 	
366.099975585938 	8.44410000000062 	366.099975585938 	7.82429916910902 	
366.200012207031 	8.42039999999906 	366.200012207031 	7.82429916911178 	
366.299987792969 	8.42309999999998 	366.299987792969 	7.82429916911644 	
366.399963378906 	8.42309999999998 	366.399963378906 	7.82429916912311 	
366.5 	8.41699999999764 	366.5 	7.82429916913186 	
366.599975585938 	8.42459999999846 	366.599975585938 	7.82429916914277 	
366.700012207031 	8.42599999999948 	366.700012207031 	7.82429916915595 	
366.799987792969 	8.41719999999987 	366.799987792969 	7.82429916917146 	
366.899963378906 	8.43609999999899 	366.899963378906 	7.82429916918939 	
367 	8.43059999999969 	367 	7.82429916920985 	
367.099975585938 	8.41960000000108 	367.099975585938 	7.82429916923288 	
367.200012207031 	8.41679999999906 	367.200012207031 	7.82429916925861 	
367.299987792969 	8.41869999999835 	367.299987792969 	7.82429916928709 	
367.399963378906 	8.41200000000026 	367.399963378906 	7.82429916931842 	
367.5 	8.41370000000097 	367.5 	7.82429916935271 	
367.599975585938 	8.41529999999693 	367.599975585938 	7.82429916938999 	
367.700012207031 	8.39649999999892 	367.700012207031 	7.82429916943041 	
367.799987792969 	8.39619999999559 	367.799987792969 	7.82429916947399 	
367.899963378906 	8.38909999999669 	367.899963378906 	7.82429916952085 	
368 	8.38249999999971 	368 	7.82429916954938 	
368.099975585938 	8.39600000000064 	368.099975585938 	7.82429916951693 	
368.200012207031 	8.39839999999822 	368.200012207031 	7.82429916948388 	
368.299987792969 	8.39630000000034 	368.299987792969 	7.8242991694503 	
368.399963378906 	8.40469999999914 	368.399963378906 	7.82429916941624 	
368.5 	8.39819999999963 	368.5 	7.82429916938172 	
368.599975585938 	8.38329999999769 	368.599975585938 	7.82429916934685 	
368.700012207031 	8.36419999999998 	368.700012207031 	7.82429916931162 	
368.799987792969 	8.36200000000099 	368.799987792969 	7.82429916927614 	
368.899963378906 	8.35859999999957 	368.899963378906 	7.82429916924044 	
369 	8.35459999999875 	369 	7.82429916920454 	
369.099975585938 	8.33959999999934 	369.099975585938 	7.82429916916855 	
369.200012207031 	8.32609999999841 	369.200012207031 	7.82429916913247 	
369.299987792969 	8.30659999999989 	369.299987792969 	7.82429916909639 	
369.399963378906 	8.30889999999999 	369.399963378906 	7.82429916906036 	
369.5 	8.31499999999869 	369.5 	7.8242991690244 	
369.599975585938 	8.3070000000007 	369.599975585938 	7.82429916898861 	
369.700012207031 	8.30659999999989 	369.700012207031 	7.82429916895299 	
369.799987792969 	8.31169999999838 	369.799987792969 	7.82429916891764 	
369.899963378906 	8.31419999999707 	369.899963378906 	7.82429916888259 	
370 	8.30149999999776 	370 	7.82429916884788 	
370.099975585938 	8.29530000000159 	370.099975585938 	7.8242991688136 	
370.200012207031 	8.30249999999796 	370.200012207031 	7.82429916877975 	
370.299987792969 	8.30459999999584 	370.299987792969 	7.82429916874644 	
370.399963378906 	8.30630000000019 	370.399963378906 	7.8242991687137 	
370.5 	8.28499999999622 	370.5 	7.82429916868155 	
370.599975585938 	8.27200000000084 	370.599975585938 	7.8242991686501 	
370.700012207031 	8.2738999999965 	370.700012207031 	7.82429916861935 	
370.799987792969 	8.26959999999963 	370.799987792969 	7.82429916858939 	
370.899963378906 	8.28129999999874 	370.899963378906 	7.82429916856026 	
371 	8.28499999999985 	371 	7.82429916853199 	
371.099975585938 	8.27799999999843 	371.099975585938 	7.82429916850468 	
371.200012207031 	8.28159999999843 	371.200012207031 	7.82429916847833 	
371.299987792969 	8.27490000000034 	371.299987792969 	7.82429916845304 	
371.399963378906 	8.28489999999874 	371.399963378906 	7.82429916842884 	
371.5 	8.29409999999916 	371.5 	7.82429916840578 	
371.599975585938 	8.3099000000002 	371.599975585938 	7.82429916838392 	
371.700012207031 	8.30140000000029 	371.700012207031 	7.82429916836329 	
371.799987792969 	8.28629999999976 	371.799987792969 	7.82429916834399 	
371.899963378906 	8.28659999999945 	371.899963378906 	7.82429916832603 	
372 	8.27200000000084 	372 	7.82429916830947 	
372.099975585938 	8.26299999999901 	372.099975585938 	7.82429916829438 	
372.200012207031 	8.2686999999969 	372.200012207031 	7.8242991682808 	
372.299987792969 	8.26450000000114 	372.299987792969 	7.82429916826879 	
372.399963378906 	8.2554999999993 	372.399963378906 	7.82429916825839 	
372.5 	8.23899999999776 	372.5 	7.82429916824966 	
372.599975585938 	8.22419999999693 	372.599975585938 	7.82429916824266 	
372.700012207031 	8.21500000000015 	372.700012207031 	7.82429916823742 	
372.799987792969 	8.22089999999662 	372.799987792969 	7.82429916823402 	
372.899963378906 	8.23459999999977 	372.899963378906 	7.8242991682325 	
373 	8.22789999999804 	373 	7.82429916823291 	
373.099975585938 	8.23319999999876 	373.099975585938 	7.82429916823531 	
373.200012207031 	8.24469999999928 	373.200012207031 	7.82429916823974 	
373.299987792969 	8.24229999999807 	373.299987792969 	7.82429916824627 	
373.399963378906 	8.23179999999775 	373.399963378906 	7.82429916825493 	
373.5 	8.21519999999873 	373.5 	7.8242991682658 	
373.599975585938 	8.20639999999912 	373.599975585938 	7.82429916827891 	
373.700012207031 	8.20969999999943 	373.700012207031 	7.82429916829433 	
373.799987792969 	8.19710000000123 	373.799987792969 	7.82429916831209 	
373.899963378906 	8.19780000000173 	373.899963378906 	7.82429916833226 	
374 	8.17870000000039 	374 	7.8242991683549 	
374.099975585938 	8.18219999999928 	374.099975585938 	7.82429916838004 	
374.200012207031 	8.18019999999888 	374.200012207031 	7.82429916840776 	
374.299987792969 	8.15659999999843 	374.299987792969 	7.82429916843807 	
374.399963378906 	8.14640000000145 	374.399963378906 	7.82429916847106 	
374.5 	8.14289999999892 	374.5 	7.82429916850679 	
374.599975585938 	8.15519999999742 	374.599975585938 	7.82429916854527 	
374.700012207031 	8.14760000000024 	374.700012207031 	7.8242991685866 	
374.799987792969 	8.14779999999882 	374.799987792969 	7.82429916863079 	
374.899963378906 	8.15009999999893 	374.899963378906 	7.8242991686779 	
375 	8.12519999999859 	375 	7.82429916872804 	
375.099975585938 	8.13139999999839 	375.099975585938 	7.82429916878117 	
375.200012207031 	8.12849999999889 	375.200012207031 	7.82429916883744 	
375.299987792969 	8.11290000000008 	375.299987792969 	7.8242991688968 	
375.399963378906 	8.12219999999797 	375.399963378906 	7.82429916895937 	
375.5 	8.12099999999919 	375.5 	7.82429916902522 	
375.599975585938 	8.11409999999887 	375.599975585938 	7.82429916909433 	
375.700012207031 	8.11359999999695 	375.700012207031 	7.82429916916684 	
375.799987792969 	8.10179999999673 	375.799987792969 	7.8242991692427 	
375.899963378906 	8.08649999999761 	375.899963378906 	7.82429916932203 	
376 	8.09579999999914 	376 	7.82429916940491 	
376.099975585938 	8.10879999999815 	376.099975585938 	7.82429916945478 	
376.200012207031 	8.10869999999704 	376.200012207031 	7.82429916939981 	
376.299987792969 	8.09839999999895 	376.299987792969 	7.82429916934441 	
376.399963378906 	8.10849999999846 	376.399963378906 	7.82429916928858 	
376.5 	8.09909999999945 	376.5 	7.82429916923232 	
376.599975585938 	8.10529999999926 	376.599975585938 	7.82429916917572 	
376.700012207031 	8.10939999999755 	376.700012207031 	7.82429916911874 	
376.799987792969 	8.11399999999776 	376.799987792969 	7.82429916906149 	
376.899963378906 	8.12479999999778 	376.899963378906 	7.82429916900396 	
377 	8.145999999997 	377 	7.82429916894614 	
377.099975585938 	8.13420000000042 	377.099975585938 	7.82429916888814 	
377.200012207031 	8.11130000000048 	377.200012207031 	7.82429916882992 	
377.299987792969 	8.09599999999773 	377.299987792969 	7.82429916877157 	
377.399963378906 	8.08759999999893 	377.399963378906 	7.82429916871309 	
377.5 	8.07790000000023 	377.5 	7.82429916865448 	
377.599975585938 	8.07589999999618 	377.599975585938 	7.82429916859585 	
377.700012207031 	8.06320000000051 	377.700012207031 	7.82429916853713 	
377.799987792969 	8.0522000000019 	377.799987792969 	7.82429916847845 	
377.899963378906 	8.05780000000232 	377.899963378906 	7.82429916841979 	
378 	8.04939999999624 	378 	7.82429916836115 	
378.099975585938 	8.04309999999896 	378.099975585938 	7.82429916830263 	
378.200012207031 	8.02699999999822 	378.200012207031 	7.82429916824419 	
378.299987792969 	8.02520000000004 	378.299987792969 	7.82429916818593 	
378.399963378906 	8.03970000000118 	378.399963378906 	7.82429916812785 	
378.5 	8.04650000000038 	378.5 	7.82429916806993 	
378.599975585938 	8.03680000000168 	378.599975585938 	7.82429916801229 	
378.700012207031 	8.04390000000058 	378.700012207031 	7.82429916795488 	
378.799987792969 	8.03859999999986 	378.799987792969 	7.82429916789781 	
378.899963378906 	8.03480000000127 	378.899963378906 	7.82429916784106 	
379 	8.01789999999892 	379 	7.82429916778463 	
379.099975585938 	8.01299999999901 	379.099975585938 	7.82429916772863 	
379.200012207031 	8.01269999999931 	379.200012207031 	7.82429916767301 	
379.299987792969 	8.0023000000001 	379.299987792969 	7.82429916761788 	
379.399963378906 	7.99049999999625 	379.399963378906 	7.82429916756322 	
379.5 	7.98790000000008 	379.5 	7.82429916750904 	
379.599975585938 	7.97319999999672 	379.599975585938 	7.82429916745544 	
379.700012207031 	7.96929999999702 	379.700012207031 	7.82429916740237 	
379.799987792969 	7.95809999999619 	379.799987792969 	7.82429916734993 	
379.899963378906 	7.95820000000094 	379.899963378906 	7.82429916729813 	
380 	7.94700000000012 	380 	7.82429916724696 	
380.099975585938 	7.94110000000001 	380.099975585938 	7.82429916719651 	
380.200012207031 	7.95730000000185 	380.200012207031 	7.82429916714675 	
380.299987792969 	7.95980000000054 	380.299987792969 	7.82429916709778 	
380.399963378906 	7.96800000000076 	380.399963378906 	7.82429916704959 	
380.5 	7.95190000000002 	380.5 	7.82429916700218 	
380.599975585938 	7.93790000000081 	380.599975585938 	7.82429916695565 	
380.700012207031 	7.93800000000192 	380.700012207031 	7.82429916690996 	
380.799987792969 	7.92689999999857 	380.799987792969 	7.82429916686521 	
380.899963378906 	7.91100000000006 	380.899963378906 	7.82429916682139 	
381 	7.90989999999874 	381 	7.82429916677851 	
381.099975585938 	7.91759999999704 	381.099975585938 	7.82429916673665 	
381.200012207031 	7.91259999999602 	381.200012207031 	7.8242991666958 	
381.299987792969 	7.91179999999804 	381.299987792969 	7.82429916665602 	
381.399963378906 	7.89809999999852 	381.399963378906 	7.82429916661733 	
381.5 	7.88290000000052 	381.5 	7.82429916657974 	
381.599975585938 	7.88550000000032 	381.599975585938 	7.82429916654332 	
381.700012207031 	7.88479999999981 	381.700012207031 	7.82429916650805 	
381.799987792969 	7.8972999999969 	381.799987792969 	7.82429916647401 	
381.899963378906 	7.89939999999842 	381.899963378906 	7.82429916644121 	
382 	7.92839999999705 	382 	7.82429916640966 	
382.099975585938 	7.93369999999777 	382.099975585938 	7.82429916637943 	
382.200012207031 	7.91379999999845 	382.200012207031 	7.82429916635052 	
382.299987792969 	7.90199999999822 	382.299987792969 	7.82429916632298 	
382.399963378906 	7.90309999999954 	382.399963378906 	7.82429916629683 	
382.5 	7.91309999999794 	382.5 	7.82429916627208 	
382.599975585938 	7.89359999999942 	382.599975585938 	7.82429916624881 	
382.700012207031 	7.88929999999891 	382.700012207031 	7.824299166227 	
382.799987792969 	7.89340000000084 	382.799987792969 	7.82429916620671 	
382.899963378906 	7.89559999999619 	382.899963378906 	7.82429916618797 	
383 	7.89389999999912 	383 	7.8242991661708 	
383.099975585938 	7.88559999999779 	383.099975585938 	7.82429916615523 	
383.200012207031 	7.86969999999928 	383.200012207031 	7.82429916614129 	
383.299987792969 	7.85349999999744 	383.299987792969 	7.82429916612902 	
383.399963378906 	7.84919999999693 	383.399963378906 	7.82429916611845 	
383.5 	7.84619999999632 	383.5 	7.8242991661096 	
383.599975585938 	7.83139999999912 	383.599975585938 	7.8242991661025 	
383.700012207031 	7.83640000000014 	383.700012207031 	7.82429916609719 	
383.799987792969 	7.83810000000085 	383.799987792969 	7.8242991660937 	
383.899963378906 	7.82789999999659 	383.899963378906 	7.82429916609205 	
384 	7.81680000000051 	384 	7.82429916609228 	
384.099975585938 	7.80379999999786 	384.099975585938 	7.82429916609442 	
384.200012207031 	7.81059999999707 	384.200012207031 	7.8242991660985 	
384.299987792969 	7.80129999999917 	384.299987792969 	7.82429916610454 	
384.399963378906 	7.79619999999704 	384.399963378906 	7.82429916611258 	
384.5 	7.78960000000006 	384.5 	7.82429916612266 	
384.599975585938 	7.79160000000047 	384.599975585938 	7.82429916613478 	
384.700012207031 	7.79620000000068 	384.700012207031 	7.82429916614901 	
384.799987792969 	7.78989999999976 	384.799987792969 	7.82429916616534 	
384.899963378906 	7.77619999999661 	384.899963378906 	7.82429916618383 	
385 	7.77899999999863 	385 	7.82429916620451 	
385.099975585938 	7.77620000000024 	385.099975585938 	7.82429916622738 	
385.200012207031 	7.77179999999862 	385.200012207031 	7.82429916625252 	
385.299987792969 	7.78299999999945 	385.299987792969 	7.8242991662799 	
385.399963378906 	7.78279999999722 	385.399963378906 	7.82429916630959 	
385.5 	7.77920000000086 	385.5 	7.82429916634164 	
385.599975585938 	7.77349999999933 	385.599975585938 	7.82429916637602 	
385.700012207031 	7.77549999999974 	385.700012207031 	7.82429916641282 	
385.799987792969 	7.77679999999964 	385.799987792969 	7.82429916645202 	
385.899963378906 	7.7667999999976 	385.899963378906 	7.82429916649367 	
386 	7.77330000000075 	386 	7.82429916653784 	
386.099975585938 	7.76260000000184 	386.099975585938 	7.82429916658449 	
386.200012207031 	7.75820000000022 	386.200012207031 	7.82429916663372 	
386.299987792969 	7.7622999999985 	386.299987792969 	7.82429916668549 	
386.399963378906 	7.7512999999999 	386.399963378906 	7.82429916673987 	
386.5 	7.74849999999788 	386.5 	7.82429916679692 	
386.599975585938 	7.74769999999626 	386.599975585938 	7.8242991668566 	
386.700012207031 	7.72629999999845 	386.700012207031 	7.82429916691901 	
386.799987792969 	7.72109999999884 	386.799987792969 	7.82429916698411 	
386.899963378906 	7.71830000000045 	386.899963378906 	7.82429916705197 	
387 	7.72279999999955 	387 	7.82429916712266 	
387.099975585938 	7.71539999999732 	387.099975585938 	7.82429916719613 	
387.200012207031 	7.71279999999751 	387.200012207031 	7.82429916727249 	
387.299987792969 	7.71719999999914 	387.299987792969 	7.82429916735168 	
387.399963378906 	7.72100000000137 	387.399963378906 	7.82429916743378 	
387.5 	7.72249999999985 	387.5 	7.82429916751887 	
387.599975585938 	7.73180000000139 	387.599975585938 	7.82429916760688 	
387.700012207031 	7.72529999999824 	387.700012207031 	7.82429916769795 	
387.799987792969 	7.72079999999914 	387.799987792969 	7.82429916779199 	
387.899963378906 	7.72580000000016 	387.899963378906 	7.8242991678891 	
388 	7.71700000000055 	388 	7.82429916798935 	
388.099975585938 	7.71010000000024 	388.099975585938 	7.82429916809267 	
388.200012207031 	7.69870000000083 	388.200012207031 	7.8242991681992 	
388.299987792969 	7.7000999999982 	388.299987792969 	7.82429916830885 	
388.399963378906 	7.70019999999931 	388.399963378906 	7.82429916842171 	
388.5 	7.7068999999974 	388.5 	7.82429916853789 	
388.599975585938 	7.71259999999893 	388.599975585938 	7.82429916865727 	
388.700012207031 	7.71779999999853 	388.700012207031 	7.82429916878002 	
388.799987792969 	7.70769999999902 	388.799987792969 	7.82429916890604 	
388.899963378906 	7.70969999999943 	388.899963378906 	7.82429916903542 	
389 	7.70339999999851 	389 	7.82429916916828 	
389.099975585938 	7.70499999999811 	389.099975585938 	7.82429916930448 	
389.200012207031 	7.69819999999891 	389.200012207031 	7.8242991693343 	
389.299987792969 	7.68960000000152 	389.299987792969 	7.82429916932351 	
389.399963378906 	7.68459999999686 	389.399963378906 	7.82429916931275 	
389.5 	7.69469999999637 	389.5 	7.82429916930201 	
389.599975585938 	7.68869999999879 	389.599975585938 	7.82429916929133 	
389.700012207031 	7.69179999999687 	389.700012207031 	7.82429916928068 	
389.799987792969 	7.70529999999781 	389.799987792969 	7.82429916927008 	
389.899963378906 	7.71279999999751 	389.899963378906 	7.82429916925953 	
390 	7.72100000000137 	390 	7.82429916924903 	
390.099975585938 	7.71960000000036 	390.099975585938 	7.8242991692386 	
390.200012207031 	7.71409999999742 	390.200012207031 	7.82429916922822 	
390.299987792969 	7.70499999999811 	390.299987792969 	7.82429916921792 	
390.399963378906 	7.6997999999985 	390.399963378906 	7.82429916920768 	
390.5 	7.68459999999686 	390.5 	7.82429916919752 	
390.599975585938 	7.66469999999754 	390.599975585938 	7.82429916918743 	
390.700012207031 	7.66679999999906 	390.700012207031 	7.82429916917743 	
390.799987792969 	7.65299999999843 	390.799987792969 	7.82429916916752 	
390.899963378906 	7.65759999999864 	390.899963378906 	7.8242991691577 	
391 	7.6436999999969 	391 	7.82429916914797 	
391.099975585938 	7.61959999999817 	391.099975585938 	7.82429916913834 	
391.200012207031 	7.60299999999916 	391.200012207031 	7.82429916912881 	
391.299987792969 	7.59689999999682 	391.299987792969 	7.82429916911939 	
391.399963378906 	7.58490000000165 	391.399963378906 	7.82429916911009 	
391.5 	7.56650000000081 	391.5 	7.82429916910089 	
391.599975585938 	7.55159999999887 	391.599975585938 	7.82429916909182 	
391.700012207031 	7.53629999999976 	391.700012207031 	7.82429916908286 	
391.799987792969 	7.53050000000076 	391.799987792969 	7.82429916907404 	
391.899963378906 	7.52639999999883 	391.899963378906 	7.82429916906535 	
392 	7.52239999999802 	392 	7.82429916905678 	
392.099975585938 	7.52219999999943 	392.099975585938 	7.82429916904836 	
392.200012207031 	7.52189999999609 	392.200012207031 	7.82429916904008 	
392.299987792969 	7.51920000000246 	392.299987792969 	7.82429916903195 	
392.399963378906 	7.52019999999902 	392.399963378906 	7.82429916902398 	
392.5 	7.50849999999991 	392.5 	7.82429916901615 	
392.599975585938 	7.51009999999951 	392.599975585938 	7.82429916900849 	
392.700012207031 	7.50099999999657 	392.700012207031 	7.82429916900098 	
392.799987792969 	7.49519999999757 	392.799987792969 	7.82429916899365 	
392.899963378906 	7.49919999999838 	392.899963378906 	7.82429916898648 	
393 	7.49299999999857 	393 	7.82429916897949 	
393.099975585938 	7.49380000000019 	393.099975585938 	7.82429916897268 	
393.200012207031 	7.48809999999867 	393.200012207031 	7.82429916896605 	
393.299987792969 	7.48209999999744 	393.299987792969 	7.82429916895961 	
393.399963378906 	7.47929999999906 	393.399963378906 	7.82429916895336 	
393.5 	7.47199999999793 	393.5 	7.82429916894731 	
393.599975585938 	7.46570000000065 	393.599975585938 	7.82429916894146 	
393.700012207031 	7.46829999999682 	393.700012207031 	7.8242991689358 	
393.799987792969 	7.46049999999741 	393.799987792969 	7.82429916893036 	
393.899963378906 	7.46419999999853 	393.899963378906 	7.82429916892513 	
394 	7.46270000000004 	394 	7.82429916892011 	
394.099975585938 	7.4542999999976 	394.099975585938 	7.82429916891531 	
394.200012207031 	7.44479999999749 	394.200012207031 	7.82429916891073 	
394.299987792969 	7.43369999999777 	394.299987792969 	7.82429916890638 	
394.399963378906 	7.43709999999919 	394.399963378906 	7.82429916890227 	
394.5 	7.4372000000003 	394.5 	7.82429916889838 	
394.599975585938 	7.43639999999868 	394.599975585938 	7.82429916889474 	
394.700012207031 	7.42589999999836 	394.700012207031 	7.82429916889134 	
394.799987792969 	7.41839999999866 	394.799987792969 	7.82429916888819 	
394.899963378906 	7.41409999999814 	394.899963378906 	7.82429916888529 	
395 	7.40599999999904 	395 	7.82429916888264 	
395.099975585938 	7.40459999999803 	395.099975585938 	7.82429916888025 	
395.200012207031 	7.40020000000004 	395.200012207031 	7.82429916887813 	
395.299987792969 	7.40000000000146 	395.299987792969 	7.82429916887628 	
395.399963378906 	7.40580000000045 	395.399963378906 	7.82429916887469 	
395.5 	7.39669999999751 	395.5 	7.82429916887338 	
395.599975585938 	7.39310000000114 	395.599975585938 	7.82429916887235 	
395.700012207031 	7.38709999999992 	395.700012207031 	7.82429916887161 	
395.799987792969 	7.38869999999952 	395.799987792969 	7.82429916887115 	
395.899963378906 	7.38319999999658 	395.899963378906 	7.82429916887098 	
396 	7.37680000000182 	396 	7.82429916887111 	
396.099975585938 	7.36859999999797 	396.099975585938 	7.82429916887154 	
396.200012207031 	7.36079999999856 	396.200012207031 	7.82429916887227 	
396.299987792969 	7.365600000001 	396.299987792969 	7.82429916887331 	
396.399963378906 	7.36569999999847 	396.399963378906 	7.82429916887466 	
396.5 	7.36189999999988 	396.5 	7.82429916887632 	
396.599975585938 	7.35419999999795 	396.599975585938 	7.82429916887831 	
396.700012207031 	7.3595000000023 	396.700012207031 	7.82429916888062 	
396.799987792969 	7.35239999999612 	396.799987792969 	7.82429916888325 	
396.899963378906 	7.34769999999844 	396.899963378906 	7.82429916888622 	
397 	7.34999999999854 	397 	7.82429916888953 	
397.099975585938 	7.35139999999956 	397.099975585938 	7.82429916889317 	
397.200012207031 	7.35440000000017 	397.200012207031 	7.82429916889716 	
397.299987792969 	7.35189999999784 	397.299987792969 	7.82429916890149 	
397.399963378906 	7.35099999999875 	397.399963378906 	7.82429916890618 	
397.5 	7.34199999999691 	397.5 	7.82429916891122 	
397.599975585938 	7.34279999999853 	397.599975585938 	7.82429916891662 	
397.700012207031 	7.3395999999957 	397.700012207031 	7.82429916892239 	
397.799987792969 	7.33529999999882 	397.799987792969 	7.82429916892852 	
397.899963378906 	7.3266999999978 	397.899963378906 	7.82429916893502 	
398 	7.32760000000053 	398 	7.82429916894191 	
398.099975585938 	7.321899999999 	398.099975585938 	7.82429916894916 	
398.200012207031 	7.32259999999951 	398.200012207031 	7.82429916895681 	
398.299987792969 	7.31619999999748 	398.299987792969 	7.82429916896484 	
398.399963378906 	7.31629999999859 	398.399963378906 	7.82429916897326 	
398.5 	7.31239999999889 	398.5 	7.82429916898209 	
398.599975585938 	7.30869999999777 	398.599975585938 	7.8242991689913 	
398.700012207031 	7.30479999999807 	398.700012207031 	7.82429916900093 	
398.799987792969 	7.30559999999969 	398.799987792969 	7.82429916901096 	
398.899963378906 	7.30449999999837 	398.899963378906 	7.8242991690214 	
399 	7.30049999999756 	399 	7.82429916903226 	
399.099975585938 	7.30529999999635 	399.099975585938 	7.82429916904354 	
399.200012207031 	7.3083000000006 	399.200012207031 	7.82429916905524 	
399.299987792969 	7.29839999999967 	399.299987792969 	7.82429916906737 	
399.399963378906 	7.29790000000139 	399.399963378906 	7.82429916907993 	
399.5 	7.29199999999764 	399.5 	7.82429916909293 	
399.599975585938 	7.29160000000047 	399.599975585938 	7.82429916910637 	
399.700012207031 	7.28700000000026 	399.700012207031 	7.82429916912025 	
399.799987792969 	7.28499999999985 	399.799987792969 	7.82429916913458 	
399.899963378906 	7.28700000000026 	399.899963378906 	7.82429916914936 	
400 	7.28399999999965 	400 	7.8242991691646 	
400.099975585938 	7.28619999999864 	400.099975585938 	7.8242991691803 	
400.200012207031 	7.28269999999975 	400.200012207031 	7.82429916919647 	
400.299987792969 	7.28649999999834 	400.299987792969 	7.82429916921309 	
400.399963378906 	7.28979999999865 	400.399963378906 	7.82429916923019 	
400.5 	7.29099999999744 	400.5 	7.82429916924777 	
400.599975585938 	7.29139999999825 	400.599975585938 	7.82429916926583 	
400.700012207031 	7.29619999999704 	400.700012207031 	7.82429916928438 	
400.799987792969 	7.29729999999836 	400.799987792969 	7.8242991693034 	
400.899963378906 	7.29689999999755 	400.899963378906 	7.82429916932292 	
401 	7.303100000001 	401 	7.82429916934295 	
401.099975585938 	7.30649999999878 	401.099975585938 	7.82429916936346 	
401.200012207031 	7.30329999999958 	401.200012207031 	7.82429916938449 	
401.299987792969 	7.29969999999958 	401.299987792969 	7.82429916940602 	
401.399963378906 	7.29759999999806 	401.399963378906 	7.82429916942806 	
401.5 	7.29119999999966 	401.5 	7.82429916945063 	
401.599975585938 	7.28619999999864 	401.599975585938 	7.8242991694737 	
401.700012207031 	7.27690000000075 	401.700012207031 	7.82429916949731 	
401.799987792969 	7.27769999999873 	401.799987792969 	7.82429916952144 	
401.899963378906 	7.27349999999933 	401.899963378906 	7.8242991695461 	
402 	7.27289999999994 	402 	7.82429916957131 	
402.099975585938 	7.26670000000013 	402.099975585938 	7.82429916959705 	
402.200012207031 	7.26320000000123 	402.200012207031 	7.82429916961848 	
402.299987792969 	7.25560000000041 	402.299987792969 	7.82429916962057 	
402.399963378906 	7.24539999999979 	402.399963378906 	7.82429916962265 	
402.5 	7.23919999999998 	402.5 	7.82429916962472 	
402.599975585938 	7.22789999999804 	402.599975585938 	7.82429916962677 	
402.700012207031 	7.22949999999764 	402.700012207031 	7.82429916962881 	
402.799987792969 	7.22999999999956 	402.799987792969 	7.82429916963083 	
402.899963378906 	7.21949999999924 	402.899963378906 	7.82429916963285 	
403 	7.21600000000035 	403 	7.82429916963485 	
403.099975585938 	7.2077999999965 	403.099975585938 	7.82429916963683 	
403.200012207031 	7.20379999999932 	403.200012207031 	7.8242991696388 	
403.299987792969 	7.19900000000052 	403.299987792969 	7.82429916964075 	
403.399963378906 	7.19369999999617 	403.399963378906 	7.82429916964269 	
403.5 	7.18419999999605 	403.5 	7.82429916964462 	
403.599975585938 	7.18150000000242 	403.599975585938 	7.82429916964653 	
403.700012207031 	7.17869999999675 	403.700012207031 	7.82429916964842 	
403.799987792969 	7.17220000000088 	403.799987792969 	7.82429916965029 	
403.899963378906 	7.17320000000109 	403.899963378906 	7.82429916965215 	
404 	7.16440000000148 	404 	7.824299169654 	
404.099975585938 	7.16519999999582 	404.099975585938 	7.82429916965582 	
404.200012207031 	7.16719999999987 	404.200012207031 	7.82429916965763 	
404.299987792969 	7.16739999999845 	404.299987792969 	7.82429916965942 	
404.399963378906 	7.16430000000037 	404.399963378906 	7.82429916966119 	
404.5 	7.16129999999976 	404.5 	7.82429916966295 	
404.599975585938 	7.15750000000116 	404.599975585938 	7.82429916966468 	
404.700012207031 	7.15919999999824 	404.700012207031 	7.8242991696664 	
404.799987792969 	7.15419999999722 	404.799987792969 	7.8242991696681 	
404.899963378906 	7.15559999999823 	404.899963378906 	7.82429916966978 	
405 	7.15160000000105 	405 	7.82429916967144 	
405.099975585938 	7.14870000000155 	405.099975585938 	7.82429916967308 	
405.200012207031 	7.1465999999964 	405.200012207031 	7.8242991696747 	
405.299987792969 	7.14559999999619 	405.299987792969 	7.8242991696763 	
405.399963378906 	7.14660000000003 	405.399963378906 	7.82429916967787 	
405.5 	7.14909999999873 	405.5 	7.82429916967943 	
405.599975585938 	7.15179999999964 	405.599975585938 	7.82429916968097 	
405.700012207031 	7.14989999999671 	405.700012207031 	7.82429916968248 	
405.799987792969 	7.14719999999943 	405.799987792969 	7.82429916968397 	
405.899963378906 	7.14760000000024 	405.899963378906 	7.82429916968544 	
406 	7.14609999999811 	406 	7.82429916968689 	
406.099975585938 	7.14879999999903 	406.099975585938 	7.82429916968832 	
406.200012207031 	7.14640000000145 	406.200012207031 	7.82429916968972 	
406.299987792969 	7.14669999999751 	406.299987792969 	7.8242991696911 	
406.399963378906 	7.1436999999969 	406.399963378906 	7.82429916969246 	
406.5 	7.14229999999952 	406.5 	7.82429916969379 	
406.599975585938 	7.1404999999977 	406.599975585938 	7.8242991696951 	
406.700012207031 	7.14120000000185 	406.700012207031 	7.82429916969638 	
406.799987792969 	7.14359999999942 	406.799987792969 	7.82429916969765 	
406.899963378906 	7.14140000000043 	406.899963378906 	7.82429916969888 	
407 	7.15130000000136 	407 	7.82429916970009 	
407.099975585938 	7.15219999999681 	407.099975585938 	7.82429916970128 	
407.200012207031 	7.14589999999953 	407.200012207031 	7.82429916970244 	
407.299987792969 	7.14219999999841 	407.299987792969 	7.82429916970357 	
407.399963378906 	7.13839999999982 	407.399963378906 	7.82429916970468 	
407.5 	7.13879999999699 	407.5 	7.82429916970576 	
407.599975585938 	7.134399999999 	407.599975585938 	7.82429916970681 	
407.700012207031 	7.13780000000042 	407.700012207031 	7.82429916970784 	
407.799987792969 	7.14199999999983 	407.799987792969 	7.82429916970884 	
407.899963378906 	7.14589999999953 	407.899963378906 	7.82429916970981 	
408 	7.14909999999873 	408 	7.82429916971076 	
408.099975585938 	7.14849999999933 	408.099975585938 	7.82429916971167 	
408.200012207031 	7.14589999999953 	408.200012207031 	7.82429916971256 	
408.299987792969 	7.14240000000063 	408.299987792969 	7.82429916971342 	
408.399963378906 	7.14459999999963 	408.399963378906 	7.82429916971425 	
408.5 	7.14669999999751 	408.5 	7.82429916971505 	
408.599975585938 	7.15160000000105 	408.599975585938 	7.82429916971583 	
408.700012207031 	7.14959999999701 	408.700012207031 	7.82429916971657 	
408.799987792969 	7.13259999999718 	408.799987792969 	7.82429916971728 	
408.899963378906 	7.13090000000011 	408.899963378906 	7.82429916971796 	
409 	7.14159999999902 	409 	7.82429916971862 	
409.099975585938 	7.12679999999818 	409.099975585938 	7.82429916971924 	
409.200012207031 	7.1265999999996 	409.200012207031 	7.82429916971983 	
409.299987792969 	7.14229999999952 	409.299987792969 	7.82429916972038 	
409.399963378906 	7.14840000000186 	409.399963378906 	7.82429916972091 	
409.5 	7.14559999999983 	409.5 	7.82429916972141 	
409.599975585938 	7.14840000000186 	409.599975585938 	7.82429916972187 	
409.700012207031 	7.14840000000186 	409.700012207031 	7.8242991697223 	
409.799987792969 	7.14559999999983 	409.799987792969 	7.8242991697227 	
409.899963378906 	7.14429999999993 	409.899963378906 	7.82429916972306 	
410 	7.14119999999821 	410 	7.82429916972339 	
410.099975585938 	7.14089999999851 	410.099975585938 	7.82429916972369 	
410.200012207031 	 	410.200012207031 	7.82429916972396 	
410.299987792969 	 	410.299987792969 	7.82429916972419 	
410.399963378906 	 	410.399963378906 	7.82429916972438 	
410.5 	 	410.5 	7.82429916972454 	
410.599975585938 	 	410.599975585938 	7.82429916972467 	
410.700012207031 	 	410.700012207031 	7.82429916972476 	
410.799987792969 	 	410.799987792969 	7.82429916972482 	
410.899963378906 	 	410.899963378906 	7.82429916972484 	
411 	 	411 	7.82429916972484 	
411.099975585938 	 	411.099975585938 	5.38504331879533 	
411.200012207031 	 	411.200012207031 	3.70538989684034 	
411.299987792969 	 	411.299987792969 	2.55022042118707 	
411.399963378906 	 	411.399963378906 	1.75517945737037 	
411.5 	 	411.5 	1.20772005324635 	
411.599975585938 	 	411.599975585938 	0.831208709656279 	
411.700012207031 	 	411.700012207031 	0.571945748496989 	
411.799987792969 	 	411.799987792969 	0.393639475097582 	
411.899963378906 	 	411.899963378906 	0.270920863960529 	
412 	 	412 	0.186417724606678 	
412.099975585938 	 	412.099975585938 	0.128301286400636 	
412.200012207031 	 	412.200012207031 	0.0882827313560339 	
412.299987792969 	 	412.299987792969 	0.0607602524305056 	
412.399963378906 	 	412.399963378906 	0.0418180114961731 	
412.5 	 	412.5 	0.0287745226765343 	
412.599975585938 	 	412.599975585938 	0.0198039552477462 	
412.700012207031 	-27.0416000000005 	412.700012207031 	0.0136268880190147 	
412.799987792969 	-21.904599999998 	412.799987792969 	0.00937865358923995 	
412.899963378906 	-17.6193999999996 	412.899963378906 	0.00645482248254857 	
413 	-13.7285000000011 	413 	0.00444149373588426 	
413.099975585938 	-10.5833000000021 	413.099975585938 	0.00305684108601657 	
413.200012207031 	-8.27319999999963 	413.200012207031 	0.00210337938128238 	
413.299987792969 	-6.45330000000104 	413.299987792969 	0.00144764282041293 	
413.399963378906 	-4.8099000000002 	413.399963378906 	0.000996334642254072 	
413.5 	-3.31220000000394 	413.5 	0.000685567354648693 	
413.599975585938 	-2.33490000000165 	413.599975585938 	0.000471839239862497 	
413.700012207031 	-1.60780000000159 	413.700012207031 	0.000324667585112887 	
413.799987792969 	-0.946899999999005 	413.799987792969 	0.000223451285682072 	
413.899963378906 	-0.361199999999371 	413.899963378906 	0.000153789537589647 	
414 	-0.246900000001915 	414 	0.000105820952212525 	
414.099975585938 	0.106799999997747 	414.099975585938 	7.28308882595446E-05 	
414.200012207031 	0.280499999997119 	414.200012207031 	5.01143014229119E-05 	
414.299987792969 	0.421399999999267 	414.299987792969 	3.44910662505357E-05 	
414.399963378906 	0.542000000001281 	414.399963378906 	2.37384125411288E-05 	
414.5 	0.605399999996735 	414.5 	1.63341872144712E-05 	
414.599975585938 	0.59309999999823 	414.599975585938 	1.12419726127127E-05 	
414.700012207031 	0.610700000001088 	414.700012207031 	7.73550077223964E-06 	
414.799987792969 	0.593600000000151 	414.799987792969 	5.32394295112869E-06 	
414.899963378906 	0.577499999999418 	414.899963378906 	3.66425612817678E-06 	
415 	0.550400000000081 	415 	2.52143911891788E-06 	
415.099975585938 	0.534199999998236 	415.099975585938 	1.73540709080763E-06 	
415.200012207031 	0.523099999998522 	415.200012207031 	1.19414833680802E-06 	
415.299987792969 	0.510600000001432 	415.299987792969 	8.21890378837161E-07 	
415.399963378906 	0.492099999999482 	415.399963378906 	5.65675558984044E-07 	
415.5 	0.492200000000594 	415.5 	3.89246346556679E-07 	
415.599975585938 	0.467000000000553 	415.599975585938 	2.6790565201598E-07 	
415.700012207031 	0.449499999998807 	415.700012207031 	1.84381823399894E-07 	
415.799987792969 	0.440499999996973 	415.799987792969 	1.26968950349829E-07 	
415.899963378906 	0.421699999998964 	415.899963378906 	8.74314382062445E-08 	
416 	0.393700000000536 	416 	6.01740992150902E-08 	
416.099975585938 	0.376000000000204 	416.099975585938 	4.14232204150153E-08 	
416.200012207031 	0.34349999999904 	416.200012207031 	2.85165087457069E-08 	
416.299987792969 	0.303899999998976 	416.299987792969 	1.96353048631804E-08 	
416.399963378906 	0.270899999999529 	416.399963378906 	1.35161464311563E-08 	
416.5 	0.320700000000215 	416.5 	9.30880112511153E-09 	
416.599975585938 	0.313799999999901 	416.599975585938 	6.42970420557423E-09 	
416.700012207031 	0.308000000000902 	416.700012207031 	4.45443593482451E-09 	
416.799987792969 	0.278999999998632 	416.799987792969 	3.09691042465366E-09 	
416.899963378906 	0.275299999997515 	416.899963378906 	2.15603789605139E-09 	
417 	0.226399999999558 	417 	1.49043578878101E-09 	
417.099975585938 	0.212700000000041 	417.099975585938 	1.02632868051795E-09 	
417.200012207031 	0.232799999997951 	417.200012207031 	7.06016213472482E-10 	
417.299987792969 	0.24029999999766 	417.299987792969 	5.14890679512304E-10 	
417.399963378906 	0.229299999999057 	417.399963378906 	4.18569024888736E-10 	
417.5 	0.208399999999529 	417.5 	3.41639017234735E-10 	
417.599975585938 	0.215099999997619 	417.599975585938 	3.16106941252835E-10 	
417.700012207031 	0.222799999999552 	417.700012207031 	2.84776643211094E-10 	
417.799987792969 	0.213199999998324 	417.799987792969 	2.29282706850479E-10 	
417.899963378906 	0.215799999998126 	417.899963378906 	1.74746848172238E-10 	
418 	0.191799999996874 	418 	1.14843930255399E-10 	
418.099975585938 	0.172199999997247 	418.099975585938 	5.66573242789737E-11 	
418.200012207031 	0.167399999998452 	418.200012207031 	2.47270950404123E-11 	
418.299987792969 	0.14719999999943 	418.299987792969 	3.89292823574845E-12 	
418.399963378906 	0.139400000000023 	418.399963378906 	-6.77179918411459E-13 	
418.5 	0.137099999999919 	418.5 	1.00606285082929E-11 	
418.599975585938 	0.135099999995873 	418.599975585938 	1.95002883528514E-11 	
418.700012207031 	0.126699999997072 	418.700012207031 	2.52487364305866E-11 	
418.799987792969 	0.115099999995437 	418.799987792969 	2.70656098443545E-11 	
418.899963378906 	0.101699999999255 	418.899963378906 	1.98125513540742E-11 	
419 	0.0983999999989464 	419 	9.04310474505667E-12 	
419.099975585938 	0.116499999996449 	419.099975585938 	-1.47699058864107E-12 	
419.200012207031 	0.13300000000163 	419.200012207031 	-2.60667827138778E-11 	
419.299987792969 	0.129399999997986 	419.299987792969 	-5.01088085070731E-11 	
419.399963378906 	0.145799999998417 	419.399963378906 	-5.6416109765411E-11 	
419.5 	0.139599999998609 	419.5 	-7.32627699625448E-11 	
419.599975585938 	0.139099999996688 	419.599975585938 	-9.40519219862574E-11 	
419.700012207031 	0.141100000000733 	419.700012207031 	-1.00268996587113E-10 	
419.799987792969 	0.141799999997602 	419.799987792969 	-8.89967143865707E-11 	
419.899963378906 	0.150399999998626 	419.899963378906 	-8.8737788726181E-11 	
420 	0.140999999995984 	420 	-8.19377288850695E-11 	
420.099975585938 	0.134799999999814 	420.099975585938 	-6.59331860477504E-11 	
420.200012207031 	0.137399999999616 	420.200012207031 	-4.97520111635203E-11 	
420.299987792969 	0.119999999998981 	420.299987792969 	-3.41866800216954E-11 	
420.399963378906 	0.104800000000978 	420.399963378906 	-2.11232885381341E-11 	
420.5 	0.0955999999969208 	420.5 	-9.10035940498302E-12 	
420.599975585938 	0.112600000000384 	420.599975585938 	8.53584986998745E-12 	
420.700012207031 	0.105400000000373 	420.700012207031 	2.47369773964753E-11 	
420.799987792969 	0.0980999999992491 	420.799987792969 	3.69274626092628E-11 	
420.899963378906 	0.0807999999997264 	420.899963378906 	4.19601910250244E-11 	
421 	0.060300000001007 	421 	3.60667126097594E-11 	
421.099975585938 	0.072199999998702 	421.099975585938 	4.14345776345101E-11 	
421.200012207031 	0.0748999999996158 	421.200012207031 	4.54326241550352E-11 	
421.299987792969 	0.0497999999970489 	421.299987792969 	4.66707476298628E-11 	
421.399963378906 	0.0618999999969674 	421.399963378906 	4.43447161974171E-11 	
421.5 	0.0718999999990046 	421.5 	3.75119367266921E-11 	
421.599975585938 	0.0529999999998836 	421.599975585938 	2.9982455739136E-11 	
421.700012207031 	0.0337999999974272 	421.700012207031 	2.47690045013161E-11 	
421.799987792969 	0.0321000000003551 	421.799987792969 	1.92733175274213E-11 	
421.899963378906 	0.040499999999156 	421.899963378906 	1.39848572653988E-11 	
422 	0.0535000000018044 	422 	9.45545803704872E-12 	
422.099975585938 	0.0615999999972701 	422.099975585938 	6.06946615368524E-12 	
422.200012207031 	0.0622000000003027 	422.200012207031 	1.7445797351138E-12 	
422.299987792969 	0.0604000000021188 	422.299987792969 	-1.81777145559831E-12 	
422.399963378906 	0.0737999999983003 	422.399963378906 	-4.35950390271126E-12 	
422.5 	0.0702999999994063 	422.5 	-5.6136838975852E-12 	
422.599975585938 	0.0563999999976659 	422.599975585938 	-5.30504103353483E-12 	
422.700012207031 	0.0560999999979686 	422.700012207031 	-4.78730118744249E-12 	
422.799987792969 	0.0716999999967811 	422.799987792969 	-4.3129372735669E-12 	
422.899963378906 	0.0925000000024738 	422.899963378906 	-3.47300183592623E-12 	
423 	0.0923999999977241 	423 	-2.47095830940077E-12 	
423.099975585938 	0.0820999999959895 	423.099975585938 	-1.55463818677872E-12 	
423.200012207031 	0.0641999999970722 	423.200012207031 	-5.95933670362279E-13 	
423.299987792969 	0.0565999999998894 	423.299987792969 	1.66793201070673E-12 	
423.399963378906 	0.0480999999999767 	423.399963378906 	4.20579931634297E-12 	
423.5 	0.0438999999969383 	423.5 	6.88805361135881E-12 	
423.599975585938 	0.0493999999998778 	423.599975585938 	9.54512155957926E-12 	
423.700012207031 	0.0544000000008964 	423.700012207031 	1.19751286412825E-11 	
423.799987792969 	0.0636999999987893 	423.799987792969 	1.39278251989636E-11 	
423.899963378906 	0.0681999999978871 	423.899963378906 	1.51116378585844E-11 	
424 	0.0813000000016473 	424 	1.5183390903711E-11 	
424.099975585938 	0.0728999999992084 	424.099975585938 	1.37466452120196E-11 	
424.200012207031 	0.0629000000008091 	424.200012207031 	1.12833279926528E-11 	
424.299987792969 	0.0568999999959487 	424.299987792969 	1.24851875151334E-11 	
424.399963378906 	0.0455000000001746 	424.399963378906 	1.36089067963061E-11 	
424.5 	0.0430999999989581 	424.5 	1.46023546380565E-11 	
424.599975585938 	0.0563000000001921 	424.599975585938 	1.53947549452541E-11 	
424.700012207031 	0.0626000000011118 	424.700012207031 	1.58982568054885E-11 	
424.799987792969 	0.0701999999982945 	424.799987792969 	1.60019878531693E-11 	
424.899963378906 	0.0762999999969907 	424.899963378906 	1.55723225809167E-11 	
425 	0.0897000000004482 	425 	1.444814612566E-11 	
425.099975585938 	0.0995000000002619 	425.099975585938 	1.24420684188344E-11 	
425.200012207031 	0.0934000000015658 	425.200012207031 	9.63436021085206E-12 	
425.299987792969 	0.0920999999980268 	425.299987792969 	9.1762206767956E-12 	
425.399963378906 	0.0838000000003376 	425.399963378906 	8.7126205512776E-12 	
425.5 	0.0753000000004249 	425.5 	8.2436401763953E-12 	
425.599975585938 	0.0689999999995052 	425.599975585938 	7.76403234968339E-12 	
425.700012207031 	0.0601999999998952 	425.700012207031 	7.2603226610296E-12 	
425.799987792969 	0.0645999999978812 	425.799987792969 	6.71231831972683E-12 	
425.899963378906 	0.069999999999709 	425.899963378906 	6.09012914336637E-12 	
426 	0.0776999999980035 	426 	5.35400818647181E-12 	
426.099975585938 	0.0829999999987194 	426.099975585938 	4.45504019282288E-12 	
426.200012207031 	0.08009999999922 	426.200012207031 	3.348456289492E-12 	
426.299987792969 	0.08009999999922 	426.299987792969 	3.04199054531498E-12 	
426.399963378906 	0.0858000000007451 	426.399963378906 	2.81074067102191E-12 	
426.5 	0.08009999999922 	426.5 	2.64611490998635E-12 	
426.599975585938 	0.0743000000002212 	426.599975585938 	2.5346615700289E-12 	
426.700012207031 	0.0741999999991094 	426.700012207031 	2.45700690073839E-12 	
426.799987792969 	0.0754999999990105 	426.799987792969 	2.38802385246831E-12 	
426.899963378906 	0.0805000000000291 	426.899963378906 	2.29602110352462E-12 	
427 	0.0855000000010477 	427 	2.14238642790538E-12 	
427.099975585938 	0.0847999999969034 	427.099975585938 	1.8815061048875E-12 	
427.200012207031 	0.0840999999963969 	427.200012207031 	1.45949563754967E-12 	
427.299987792969 	0.0807999999997264 	427.299987792969 	1.54473577212771E-12 	
427.399963378906 	0.0806999999986147 	427.399963378906 	1.69163786200111E-12 	
427.5 	0.0786999999982072 	427.5 	1.85069628989379E-12 	
427.599975585938 	0.0852999999988242 	427.599975585938 	2.00432883744032E-12 	
427.700012207031 	0.0799999999981083 	427.700012207031 	2.13260756991644E-12 	
427.799987792969 	0.0892999999996391 	427.799987792969 	2.21244554035802E-12 	
427.899963378906 	0.094199999999546 	427.899963378906 	2.21806222676183E-12 	
428 	0.0926999999974214 	428 	2.12042225014858E-12 	
428.099975585938 	0.0944999999992433 	428.099975585938 	1.88750016319048E-12 	
428.200012207031 	0.0906999999970139 	428.200012207031 	1.48352595508267E-12 	
428.299987792969 	0.0845999999983178 	428.299987792969 	1.59925141156666E-12 	
428.399963378906 	0.084499999997206 	428.399963378906 	1.84375797415532E-12 	
428.5 	0.0848999999980151 	428.5 	2.12079904659941E-12 	
428.599975585938 	0.0805000000000291 	428.599975585938 	2.42300481013492E-12 	
428.700012207031 	0.0806999999986147 	428.700012207031 	2.74150510914236E-12 	
428.799987792969 	0.0865000000012515 	428.799987792969 	3.06428532830636E-12 	
428.899963378906 	0.0859999999993306 	428.899963378906 	3.37732841492087E-12 	
429 	0.0914999999986321 	429 	3.66380859957449E-12 	
429.099975585938 	0.0901999999987311 	429.099975585938 	3.9034014815983E-12 	
429.200012207031 	0.0914999999986321 	429.200012207031 	4.0732337970125E-12 	
429.299987792969 	0.0879999999997381 	429.299987792969 	4.1465847478807E-12 	
429.399963378906 	0.0784999999996217 	429.399963378906 	4.09352247713519E-12 	
429.5 	0.073499999998603 	429.5 	3.88004858470886E-12 	
429.599975585938 	0.0705999999991036 	429.599975585938 	3.46864464522527E-12 	
429.700012207031 	0.0697000000000116 	429.700012207031 	2.81685087852041E-12 	
429.799987792969 	0.0701999999982945 	429.799987792969 	2.5991082458981E-12 	
429.899963378906 	0.0756000000001222 	429.899963378906 	2.87961416165033E-12 	
430 	0.0762999999969907 	430 	3.17467037538311E-12 	
430.099975585938 	0.0763999999981024 	430.099975585938 	3.47653858617763E-12 	
430.200012207031 	0.0839000000014494 	430.200012207031 	3.77653656954456E-12 	
430.299987792969 	0.0841000000000349 	430.299987792969 	4.0634741397485E-12 	
430.399963378906 	0.0776999999980035 	430.399963378906 	4.3248221753043E-12 	
430.5 	0.0745999999999185 	430.5 	4.5459761990841E-12 	
430.599975585938 	0.0735999999997148 	430.599975585938 	4.70980796415355E-12 	
430.700012207031 	0.0659999999988941 	430.700012207031 	4.79740098805465E-12 	
430.799987792969 	0.0659999999988941 	430.799987792969 	4.7871893438944E-12 	
430.899963378906 	0.0705000000016298 	430.899963378906 	4.65533139376143E-12 	
431 	0.0759999999972933 	431 	4.37509778291943E-12 	
431.099975585938 	0.0722999999998137 	431.099975585938 	3.91760512637228E-12 	
431.200012207031 	0.0731999999989057 	431.200012207031 	3.25022340452703E-12 	
431.299987792969 	0.0684000000001106 	431.299987792969 	2.61040293708022E-12 	
431.399963378906 	0.0714999999981956 	431.399963378906 	2.63194447925682E-12 	
431.5 	0.0678999999981897 	431.5 	2.65145658878745E-12 	
431.599975585938 	0.073499999998603 	431.599975585938 	2.66687364889704E-12 	
431.700012207031 	0.0772999999971944 	431.700012207031 	2.67574737587199E-12 	
431.799987792969 	0.0758999999998196 	431.799987792969 	2.67515093398149E-12 	
431.899963378906 	0.0768999999963853 	431.899963378906 	2.66169920838861E-12 	
432 	0.0799999999981083 	432 	2.6314692471268E-12 	
432.099975585938 	0.0686000000023341 	432.099975585938 	2.58006369330166E-12 	
432.200012207031 	0.0616999999983818 	432.200012207031 	2.50242011356278E-12 	
432.299987792969 	0.0642000000007101 	432.299987792969 	2.39304868544465E-12 	
432.399963378906 	0.063399999999092 	432.399963378906 	2.24571257225287E-12 	
432.5 	0.0618999999969674 	432.5 	2.05343762838558E-12 	
432.599975585938 	0.0610999999989872 	432.599975585938 	1.80894153272233E-12 	
432.700012207031 	0.063399999999092 	432.700012207031 	1.50370270461309E-12 	
432.799987792969 	0.0642000000007101 	432.799987792969 	1.12915022366104E-12 	
432.899963378906 	0.0655000000006112 	432.899963378906 	1.16039494529228E-12 	
433 	0.0730000000003201 	433 	1.22873540853956E-12 	
433.099975585938 	0.0769000000000233 	433.099975585938 	1.31468376293823E-12 	
433.200012207031 	0.0748999999996158 	433.200012207031 	1.41690814960123E-12 	
433.299987792969 	0.0723999999972875 	433.299987792969 	1.53356881932155E-12 	
433.399963378906 	0.073499999998603 	433.399963378906 	1.66272998360726E-12 	
433.5 	0.0769999999974971 	433.5 	1.8022068382519E-12 	
433.599975585938 	0.0775999999968917 	433.599975585938 	1.94927613358716E-12 	
433.700012207031 	0.0799999999981083 	433.700012207031 	2.10128270735203E-12 	
433.799987792969 	0.0817999999999302 	433.799987792969 	2.25492926830485E-12 	
433.899963378906 	0.0823999999993248 	433.899963378906 	2.40691792831131E-12 	
434 	0.08009999999922 	434 	2.55366720340913E-12 	
434.099975585938 	0.0868000000009488 	434.099975585938 	2.69104817470396E-12 	
434.200012207031 	0.0882999999994354 	434.200012207031 	2.81499591836186E-12 	
434.299987792969 	0.0917999999983294 	434.299987792969 	2.92085058709455E-12 	
434.399963378906 	0.0901999999987311 	434.399963378906 	3.00390683142799E-12 	
434.5 	0.0878999999986263 	434.5 	3.05912407297097E-12 	
434.599975585938 	0.0852999999988242 	434.599975585938 	3.08108829035599E-12 	
434.700012207031 	0.0881999999983236 	434.700012207031 	3.06419570363419E-12 	
434.799987792969 	0.0894000000007509 	434.799987792969 	3.00256153180175E-12 	
434.899963378906 	0.0882999999957974 	434.899963378906 	2.89000628417603E-12 	
435 	0.0835999999981141 	435 	2.71994655509228E-12 	
435.099975585938 	0.0827999999964959 	435.099975585938 	2.48584642380572E-12 	
435.200012207031 	0.0842999999986205 	435.200012207031 	2.18039152336767E-12 	
435.299987792969 	0.0897000000004482 	435.299987792969 	1.7966523977327E-12 	
435.399963378906 	0.0968999999968219 	435.399963378906 	1.37492575978645E-12 	
435.5 	0.102799999996932 	435.5 	1.56338682871795E-12 	
435.599975585938 	0.10729999999603 	435.599975585938 	1.75703856221056E-12 	
435.700012207031 	0.105099999997037 	435.700012207031 	1.95431724644772E-12 	
435.799987792969 	0.108400000000984 	435.799987792969 	2.15305234231967E-12 	
435.899963378906 	0.113699999998062 	435.899963378906 	2.35130346424373E-12 	
436 	0.112999999997555 	436 	2.5469978545155E-12 	
436.099975585938 	0.111300000000483 	436.099975585938 	2.73757361718003E-12 	
436.200012207031 	0.111700000001292 	436.200012207031 	2.92080723886075E-12 	
436.299987792969 	0.101999999998952 	436.299987792969 	3.09388980886754E-12 	
436.399963378906 	0.103199999997742 	436.399963378906 	3.25422060692326E-12 	
436.5 	0.0950000000011642 	436.5 	3.39903657806408E-12 	
436.599975585938 	0.0939999999973224 	436.599975585938 	3.52518240088839E-12 	
436.700012207031 	0.0956000000005588 	436.700012207031 	3.62969984918853E-12 	
436.799987792969 	0.0921999999991385 	436.799987792969 	3.70922055602139E-12 	
436.899963378906 	0.0924999999988358 	436.899963378906 	3.76044500896051E-12 	
437 	0.0885999999991327 	437 	3.77987339543622E-12 	
437.099975585938 	0.0870999999970081 	437.099975585938 	3.76384788887545E-12 	
437.200012207031 	0.0874999999978172 	437.200012207031 	3.70858062790787E-12 	
437.299987792969 	0.0884999999980209 	437.299987792969 	3.61024271372536E-12 	
437.399963378906 	0.0881999999983236 	437.399963378906 	3.46478737976689E-12 	
437.5 	0.0882999999994354 	437.5 	3.26792159098036E-12 	
437.599975585938 	0.0852999999988242 	437.599975585938 	3.01559594495691E-12 	
437.700012207031 	0.0813999999991211 	437.700012207031 	2.70307801377155E-12 	
437.799987792969 	0.0799000000006345 	437.799987792969 	2.32619730019948E-12 	
437.899963378906 	0.0780999999988126 	437.899963378906 	1.8801013170297E-12 	
438 	0.0808999999972002 	438 	1.45744678482418E-12 	
438.099975585938 	0.0894999999982247 	438.099975585938 	1.45229761941152E-12 	
438.200012207031 	0.0891999999985273 	438.200012207031 	1.44545373970478E-12 	
438.299987792969 	0.0898999999990338 	438.299987792969 	1.43676526484629E-12 	
438.399963378906 	0.0904000000009546 	438.399963378906 	1.42606392506661E-12 	
438.5 	0.0830000000023574 	438.5 	1.41317005307337E-12 	
438.599975585938 	0.0792000000001281 	438.599975585938 	1.39792172033486E-12 	
438.700012207031 	0.0756000000001222 	438.700012207031 	1.38011601895618E-12 	
438.799987792969 	0.0760999999984051 	438.799987792969 	1.35958405930173E-12 	
438.899963378906 	0.0760999999984051 	438.899963378906 	1.33611877944625E-12 	
439 	0.0786000000007334 	439 	1.30949947184443E-12 	
439.099975585938 	0.0714999999981956 	439.099975585938 	1.27954857150381E-12 	
439.200012207031 	0.0656999999991967 	439.200012207031 	1.24601280730303E-12 	
439.299987792969 	0.0651999999972759 	439.299987792969 	1.20871009930467E-12 	
439.399963378906 	0.0688999999983935 	439.399963378906 	1.16739173360416E-12 	
439.5 	0.0692999999992026 	439.5 	1.1217927072027E-12 	
439.599975585938 	0.0674999999973807 	439.599975585938 	1.07172623021904E-12 	
439.700012207031 	0.0671000000002095 	439.700012207031 	1.01688205901468E-12 	
439.799987792969 	0.0658999999977823 	439.799987792969 	9.57071730359745E-13 	
439.899963378906 	0.0607999999992899 	439.899963378906 	8.920015242803E-13 	
439.999938964844 	0.0629000000008091 	439.999938964844 	8.21403237251127E-13 	
440.100036621094 	0.0623999999988882 	440.100036621094 	7.44905246962047E-13 	
440.200012207031 	0.0603999999984808 	440.200012207031 	6.62412696003743E-13 	
440.299987792969 	0.0648000000001048 	440.299987792969 	5.73548265614896E-13 	
440.399963378906 	0.0631999999968684 	440.399963378906 	4.78017855857915E-13 	
440.499938964844 	0.0635000000002037 	440.499938964844 	3.75520894667737E-13 	
440.600036621094 	0.0635000000002037 	440.600036621094 	2.82632443710965E-13 	
440.700012207031 	0.0613000000012107 	440.700012207031 	2.2975063319186E-13 	
440.799987792969 	0.0576999999975669 	440.799987792969 	1.77830280664338E-13 	
440.899963378906 	0.0557999999982712 	440.899963378906 	1.27086250785924E-13 	
440.999938964844 	0.0562999999965541 	440.999938964844 	7.77402583098375E-14 	
441.100036621094 	0.0599000000001979 	441.100036621094 	2.99636921975467E-14 	
441.200012207031 	0.0626000000011118 	441.200012207031 	-1.58912606166271E-14 	
441.299987792969 	0.0614999999961583 	441.299987792969 	-5.96416312016463E-14 	
441.399963378906 	0.0616999999983818 	441.399963378906 	-1.01038296057541E-13 	
441.499938964844 	0.0622999999977765 	441.499938964844 	-1.39825281588647E-13 	
441.600036621094 	0.0653999999958614 	441.600036621094 	-1.75781750663517E-13 	
441.700012207031 	0.0685000000012224 	441.700012207031 	-2.08550052143434E-13 	
441.799987792969 	0.0714999999981956 	441.799987792969 	-2.37899311114317E-13 	
441.899963378906 	0.0725999999958731 	441.899963378906 	-2.63546145233753E-13 	
441.999938964844 	0.0735999999960768 	441.999938964844 	-2.85200322063633E-13 	
442.100036621094 	0.0767999999989115 	442.100036621094 	-3.02583215752565E-13 	
442.200012207031 	0.0674999999973807 	442.200012207031 	-3.15348182855851E-13 	
442.299987792969 	0.0636999999987893 	442.299987792969 	-3.23208311127917E-13 	
442.399963378906 	0.0643999999992957 	442.399963378906 	-3.25845959383905E-13 	
442.499938964844 	0.0656999999991967 	442.499938964844 	-3.22936636343266E-13 	
442.600036621094 	0.0693999999966763 	442.600036621094 	-3.14134540621676E-13 	
442.700012207031 	0.0730000000003201 	442.700012207031 	-2.99122600892906E-13 	
442.799987792969 	0.0806000000011409 	442.799987792969 	-2.77548689968423E-13 	
442.899963378906 	0.0835000000006403 	442.899963378906 	-2.49060907820928E-13 	
442.999938964844 	0.0812999999980093 	442.999938964844 	-2.13300504327425E-13 	
443.100036621094 	0.0821999999971013 	443.100036621094 	-1.6984406949466E-13 	
443.200012207031 	0.0828999999976077 	443.200012207031 	-1.55944183673945E-13 	
443.299987792969 	0.0808999999972002 	443.299987792969 	-1.9790848566475E-13 	
443.399963378906 	0.0823999999993248 	443.399963378906 	-2.41915906705607E-13 	
443.499938964844 	0.0828999999976077 	443.499938964844 	-2.87917202496215E-13 	
443.600036621094 	0.0835999999981141 	443.600036621094 	-3.359127123135E-13 	
443.700012207031 	0.0821999999971013 	443.700012207031 	-3.85715850168352E-13 	
443.799987792969 	0.0839999999989232 	443.799987792969 	-4.37304418718039E-13 	
443.899963378906 	0.0841000000000349 	443.899963378906 	-4.90588756094455E-13 	
443.999938964844 	0.082299999998213 	443.999938964844 	-5.45469099120974E-13 	
444.100036621094 	0.0836999999992258 	444.100036621094 	-6.019052673692E-13 	
444.200012207031 	0.0829999999987194 	444.200012207031 	-6.59639517586357E-13 	
444.299987792969 	0.0892999999996391 	444.299987792969 	-7.18609711086119E-13 	
444.399963378906 	0.0863999999965017 	444.399963378906 	-7.78675667124058E-13 	
444.499938964844 	0.0825999999979103 	444.499938964844 	-8.39687103647221E-13 	
444.600036621094 	0.0846999999994296 	444.600036621094 	-9.0155950233864E-13 	
444.700012207031 	0.0870999999970081 	444.700012207031 	-9.63971290555015E-13 	
444.799987792969 	0.0849999999991269 	444.799987792969 	-1.02681687857653E-12 	
444.899963378906 	0.0852999999988242 	444.899963378906 	-1.08990556678244E-12 	
444.999938964844 	0.0859999999993306 	444.999938964844 	-1.15303655424347E-12 	
445.100036621094 	0.0901999999987311 	445.100036621094 	-1.21607562372733E-12 	
445.200012207031 	0.089799999997922 	445.200012207031 	-1.27864778676031E-12 	
445.299987792969 	0.0892999999996391 	445.299987792969 	-1.34059895005575E-12 	
445.399963378906 	0.0918999999994412 	445.399963378906 	-1.40168789511657E-12 	
445.499938964844 	0.085399999999936 	445.499938964844 	-1.46166330213717E-12 	
445.600036621094 	0.0849999999991269 	445.600036621094 	-1.52033435109971E-12 	
445.700012207031 	0.0812000000005355 	445.700012207031 	-1.57728613694718E-12 	
445.799987792969 	0.0803999999989173 	445.799987792969 	-1.63230946744919E-12 	
445.899963378906 	0.078799999999319 	445.899963378906 	-1.68511260523234E-12 	
445.999938964844 	0.078799999999319 	445.999938964844 	-1.7353937116147E-12 	
446.100036621094 	0.0793999999987136 	446.100036621094 	-1.78289691707915E-12 	
446.200012207031 	0.0763999999981024 	446.200012207031 	-1.82718398491948E-12 	
446.299987792969 	0.0747999999985041 	446.299987792969 	-1.8679824857412E-12 	
446.399963378906 	0.0748999999996158 	446.399963378906 	-1.90495016329458E-12 	
446.499938964844 	0.0711000000010245 	446.499938964844 	-1.93773466002138E-12 	
446.600036621094 	0.0711999999984982 	446.600036621094 	-1.96600506734797E-12 	
446.700012207031 	0.072199999998702 	446.700012207031 	-1.98931948754001E-12 	
446.799987792969 	0.0701000000008207 	446.799987792969 	-2.00733257297506E-12 	
446.899963378906 	0.0665999999982887 	446.899963378906 	-2.01965154852706E-12 	
446.999938964844 	0.065599999998085 	446.999938964844 	-2.02587353776145E-12 	
447.100036621094 	0.0640999999995984 	447.100036621094 	-2.02558106064741E-12 	
447.200012207031 	0.063399999999092 	447.200012207031 	-2.01835131473049E-12 	
447.299987792969 	0.0603999999984808 	447.299987792969 	-2.00375481025297E-12 	
447.399963378906 	0.0636000000013155 	447.399963378906 	-1.98134825321248E-12 	
447.499938964844 	0.0596999999979744 	447.499938964844 	-1.95067824829812E-12 	
447.600036621094 	0.0577999999986787 	447.600036621094 	-1.91122766877764E-12 	
447.700012207031 	0.0596999999979744 	447.700012207031 	-1.86261864947159E-12 	
447.799987792969 	0.0591999999996915 	447.799987792969 	-1.8043247917361E-12 	
447.899963378906 	0.0586999999977706 	447.899963378906 	-1.73585228269247E-12 	
447.999938964844 	0.057199999999284 	447.999938964844 	-1.65669720815348E-12 	
448.100036621094 	0.0552999999963504 	448.100036621094 	-1.56622817659779E-12 	
448.200012207031 	0.0521999999982654 	448.200012207031 	-1.46414118780292E-12 	
448.299987792969 	0.0540999999975611 	448.299987792969 	-1.34979862464453E-12 	
448.399963378906 	0.0513999999966472 	448.399963378906 	-1.22265615536761E-12 	
448.499938964844 	0.0552999999999884 	448.499938964844 	-1.08215934690861E-12 	
448.600036621094 	0.058099999998376 	448.600036621094 	-9.275463820259E-13 	
448.700012207031 	0.0564999999987776 	448.700012207031 	-7.58619138822992E-13 	
448.799987792969 	0.0544999999983702 	448.799987792969 	-5.74612929257271E-13 	
448.899963378906 	0.0532999999995809 	448.899963378906 	-6.70116597974948E-13 	
448.999938964844 	0.0518999999985681 	448.999938964844 	-8.73415707632718E-13 	
449.100036621094 	0.0515999999988708 	449.100036621094 	-1.08379121300516E-12 	
449.200012207031 	0.0540000000000873 	449.200012207031 	-1.30057250504265E-12 	
449.299987792969 	0.0498000000006869 	449.299987792969 	-1.52384367542367E-12 	
449.399963378906 	0.0499999999992724 	449.399963378906 	-1.75342540123255E-12 	
449.499938964844 	0.0486000000018976 	449.499938964844 	-1.98912737041538E-12 	
449.600036621094 	0.0489999999990687 	449.600036621094 	-2.23104683369597E-12 	
449.700012207031 	0.0519999999960419 	449.700012207031 	-2.4783812304984E-12 	
449.799987792969 	0.0524999999979627 	449.799987792969 	-2.73119872034199E-12 	
449.899963378906 	0.0502999999989697 	449.899963378906 	-2.98926502120209E-12 	
449.999938964844 	0.0512999999991735 	449.999938964844 	-3.25233486191579E-12 	
450.100036621094 	0.0557000000007974 	450.100036621094 	-3.52048178111748E-12 	
450.200012207031 	0.060299999997369 	450.200012207031 	-3.79278423378304E-12 	
450.299987792969 	0.0600000000013097 	450.299987792969 	-4.06928813153733E-12 	
450.399963378906 	0.0618999999969674 	450.399963378906 	-4.34970423324676E-12 	
450.499938964844 	0.0640999999995984 	450.499938964844 	-4.63373230863945E-12 	
450.600036621094 	0.064699999998993 	450.600036621094 	-4.92141385446962E-12 	
450.700012207031 	0.0640999999995984 	450.700012207031 	-5.21172466523874E-12 	
450.799987792969 	0.0600999999987835 	450.799987792969 	-5.50468041049418E-12 	
450.899963378906 	0.0581999999994878 	450.899963378906 	-5.79993688999337E-12 	
450.999938964844 	0.0632999999979802 	450.999938964844 	-6.09713891435544E-12 	
451.100036621094 	0.0656000000017229 	451.100036621094 	-6.39628593021579E-12 	
451.200012207031 	0.0676999999996042 	451.200012207031 	-6.6962707524712E-12 	
451.299987792969 	0.0689999999958673 	451.299987792969 	-6.99706913596053E-12 	
451.399963378906 	0.0673999999999069 	451.399963378906 	-7.29828192133218E-12 	
451.499938964844 	0.0672999999987951 	451.499938964844 	-7.59949896009636E-12 	
451.600036621094 	0.0715999999993073 	451.600036621094 	-7.90066596208292E-12 	
451.700012207031 	0.0727999999980966 	451.700012207031 	-8.20061580034967E-12 	
451.799987792969 	0.0740999999979977 	451.799987792969 	-8.4992729639479E-12 	
451.899963378906 	0.0747000000010303 	451.899963378906 	-8.79618333441703E-12 	
451.999938964844 	0.0737000000008265 	451.999938964844 	-9.09088180415828E-12 	
452.100036621094 	0.0703999999968801 	452.100036621094 	-9.38324698106148E-12 	
452.200012207031 	0.0698999999985972 	452.200012207031 	-9.67207819100689E-12 	
452.299987792969 	0.069999999999709 	452.299987792969 	-9.95723562773131E-12 	
452.399963378906 	0.0684000000001106 	452.399963378906 	-1.02382102136652E-11 	
452.499938964844 	0.0692999999992026 	452.499938964844 	-1.05144818821008E-11 	
452.600036621094 	0.0698000000011234 	452.600036621094 	-1.07858470954054E-11 	
452.700012207031 	0.0717000000004191 	452.700012207031 	-1.10511013838391E-11 	
452.799987792969 	0.0710999999973865 	452.799987792969 	-1.13100259378494E-11 	
452.899963378906 	0.0724999999983993 	452.899963378906 	-1.15620567207576E-11 	
452.999938964844 	0.0717000000004191 	452.999938964844 	-1.18066187067472E-11 	
453.100036621094 	0.0735999999997148 	453.100036621094 	-1.20434094906323E-11 	
453.200012207031 	0.0721000000012282 	453.200012207031 	-1.22712539155062E-11 	
453.299987792969 	0.0671999999976833 	453.299987792969 	-1.24898377821041E-11 	
453.399963378906 	0.0701999999982945 	453.399963378906 	-1.26985420946386E-11 	
453.499938964844 	0.0719999999964784 	453.499938964844 	-1.28967368681839E-11 	
453.600036621094 	0.0730000000003201 	453.600036621094 	-1.30840024295231E-11 	
453.700012207031 	0.0733999999974912 	453.700012207031 	-1.32592293999314E-11 	
453.799987792969 	0.0725999999995111 	453.799987792969 	-1.34219901255612E-11 	
453.899963378906 	0.0723999999972875 	453.899963378906 	-1.35716106515161E-11 	
453.999938964844 	0.0753000000004249 	453.999938964844 	-1.37074060337614E-11 	
454.100036621094 	0.0750999999982014 	454.100036621094 	-1.38288192521224E-11 	
454.200012207031 	0.0731999999989057 	454.200012207031 	-1.39348465283015E-11 	
454.299987792969 	0.074399999997695 	454.299987792969 	-1.40249270105497E-11 	
454.399963378906 	0.0758999999998196 	454.399963378906 	-1.40983317848614E-11 	
454.499938964844 	0.0717999999978929 	454.499938964844 	-1.41543209480931E-11 	
454.600036621094 	0.0672999999987951 	454.600036621094 	-1.41921783757382E-11 	
454.700012207031 	0.07129999999961 	454.700012207031 	-1.4211049069067E-11 	
454.799987792969 	0.0716999999967811 	454.799987792969 	-1.42102175566623E-11 	
454.899963378906 	0.0650999999998021 	454.899963378906 	-1.41888999654096E-11 	
454.999938964844 	0.0656999999991967 	454.999938964844 	-1.41463014330564E-11 	
455.100036621094 	0.0671000000002095 	455.100036621094 	-1.40815232949421E-11 	
455.200012207031 	0.0635000000002037 	455.200012207031 	-1.39939058679417E-11 	
455.299987792969 	0.0593000000008033 	455.299987792969 	-1.38825559607551E-11 	
455.399963378906 	0.0586000000002969 	455.399963378906 	-1.37466347411591E-11 	
455.499938964844 	0.0574999999989814 	455.499938964844 	-1.35852923877921E-11 	
455.600036621094 	0.0554999999985739 	455.600036621094 	-1.33974225815693E-11 	
455.700012207031 	0.0557999999982712 	455.700012207031 	-1.31826108479029E-11 	
455.799987792969 	0.0486000000018976 	455.799987792969 	-1.29397614969479E-11 	
455.899963378906 	0.047999999998865 	455.899963378906 	-1.26679807373719E-11 	
455.999938964844 	0.0442999999977474 	455.999938964844 	-1.23663637887043E-11 	
456.100036621094 	0.0420999999987544 	456.100036621094 	-1.20335698847183E-11 	
456.200012207031 	0.0381999999990512 	456.200012207031 	-1.16694830091917E-11 	
456.299987792969 	0.0355999999992491 	456.299987792969 	-1.12727785166239E-11 	
456.399963378906 	0.0334999999977299 	456.399963378906 	-1.08425076565735E-11 	
456.499938964844 	0.0300999999999476 	456.499938964844 	-1.03777106894609E-11 	
456.600036621094 	0.0296999999991385 	456.600036621094 	-9.8767839307514E-12 	
456.700012207031 	0.0302000000010594 	456.700012207031 	-9.33996642931247E-12 	
456.799987792969 	0.0299000000013621 	456.799987792969 	-8.76567644842971E-12 	
456.899963378906 	0.0249999999978172 	456.899963378906 	-8.15291027855283E-12 	
456.999938964844 	0.0211999999992258 	456.999938964844 	-7.50065322099326E-12 	
457.100036621094 	0.022899999999936 	457.100036621094 	-6.80700852329415E-12 	
457.200012207031 	0.0226999999977124 	457.200012207031 	-6.07263026303315E-12 	
457.299987792969 	0.0233000000007451 	457.299987792969 	-5.29564979827571E-12 	
457.399963378906 	0.0259999999980209 	457.399963378906 	-4.47500846036254E-12 	
457.499938964844 	0.0245999999970081 	457.499938964844 	-3.60963659149614E-12 	
457.600036621094 	0.0260999999991327 	457.600036621094 	-2.69731254323579E-12 	
457.700012207031 	0.0238999999965017 	457.700012207031 	-2.71069942077057E-12 	
457.799987792969 	0.0246999999981199 	457.799987792969 	-2.94114983950203E-12 	
457.899963378906 	0.0243999999984226 	457.899963378906 	-3.17385094185914E-12 	
457.999938964844 	0.0258999999969092 	457.999938964844 	-3.40862215763636E-12 	
458.100036621094 	0.0244999999995343 	458.100036621094 	-3.64556844292305E-12 	
458.200012207031 	0.0227999999988242 	458.200012207031 	-3.88392210072977E-12 	
458.299987792969 	0.0270999999993364 	458.299987792969 	-4.12377688166408E-12 	
458.399963378906 	0.0260999999991327 	458.399963378906 	-4.36493418339324E-12 	
458.499938964844 	0.0246000000006461 	458.499938964844 	-4.60719089692836E-12 	
458.600036621094 	0.024199999999837 	458.600036621094 	-4.85063675032528E-12 	
458.700012207031 	0.024199999996199 	458.700012207031 	-5.09446563226717E-12 	
458.799987792969 	0.0244999999995343 	458.799987792969 	-5.33875729185256E-12 	
458.899963378906 	0.0199999999967986 	458.899963378906 	-5.58329058796536E-12 	
458.999938964844 	0.0180000000000291 	458.999938964844 	-5.82783987283328E-12 	
459.100036621094 	0.0147999999971944 	459.100036621094 	-6.0724730993756E-12 	
459.200012207031 	0.0151000000005297 	459.200012207031 	-6.31635869852124E-12 	
459.299987792969 	0.015399999996589 	459.299987792969 	-6.55955600838962E-12 	
459.399963378906 	0.0202999999964959 	459.399963378906 	-6.80182134908127E-12 	
459.499938964844 	0.0200999999979103 	459.499938964844 	-7.0429065340406E-12 	
459.600036621094 	0.0195999999996275 	459.600036621094 	-7.28285050561407E-12 	
459.700012207031 	0.0211999999955879 	459.700012207031 	-7.52081057021569E-12 	
459.799987792969 	0.0199999999967986 	459.799987792969 	-7.75681855718263E-12 	
459.899963378906 	0.0180999999975029 	459.899963378906 	-7.99060824783206E-12 	
459.999938964844 	0.0184000000008382 	459.999938964844 	-8.22190891682502E-12 	
460.100036621094 	0.0210000000006403 	460.100036621094 	-8.45072257216596E-12 	
460.200012207031 	0.0201000000015483 	460.200012207031 	-8.67621110565948E-12 	
460.299987792969 	0.0194999999985157 	460.299987792969 	-8.89837105172421E-12 	
460.399963378906 	0.0183999999972002 	460.399963378906 	-9.116913652894E-12 	
460.499938964844 	0.0180000000000291 	460.499938964844 	-9.3315456450465E-12 	
460.600036621094 	0.0181000000011409 	460.600036621094 	-9.54222348974181E-12 	
460.700012207031 	0.0205999999998312 	460.700012207031 	-9.74813075074678E-12 	
460.799987792969 	0.0204000000012456 	460.799987792969 	-9.94922019309223E-12 	
460.899963378906 	0.0210000000006403 	460.899963378906 	-1.01451805205286E-11 	
460.999938964844 	0.0214999999989232 	460.999938964844 	-1.03356959301502E-11 	
461.100036621094 	0.0211999999992258 	461.100036621094 	-1.05206680366373E-11 	
461.200012207031 	0.0212999999966996 	461.200012207031 	-1.0699320538957E-11 	
461.299987792969 	0.0213000000003376 	461.299987792969 	-1.08715532699498E-11 	
461.399963378906 	0.0217999999986205 	461.399963378906 	-1.10370323945827E-11 	
461.499938964844 	0.0198999999993248 	461.499938964844 	-1.11954195711667E-11 	
461.600036621094 	0.0226999999977124 	461.600036621094 	-1.13465515787336E-11 	
461.700012207031 	0.022899999999936 	461.700012207031 	-1.14897120913549E-11 	
461.799987792969 	0.0210999999981141 	461.799987792969 	-1.16247381585452E-11 	
461.899963378906 	0.0257999999994354 	461.899963378906 	-1.17512734064882E-11 	
461.999938964844 	0.0275000000001455 	461.999938964844 	-1.18689569547115E-11 	
462.100036621094 	0.0258999999969092 	462.100036621094 	-1.19775500694967E-11 	
462.200012207031 	0.0259999999980209 	462.200012207031 	-1.20764176165903E-11 	
462.299987792969 	0.0280999999995402 	462.299987792969 	-1.2165323322712E-11 	
462.399963378906 	0.0315999999984342 	462.399963378906 	-1.22438882752624E-11 	
462.499938964844 	0.0375999999996566 	462.499938964844 	-1.23117290549856E-11 	
462.600036621094 	0.0374999999985448 	462.600036621094 	-1.23685200499783E-11 	
462.700012207031 	0.0374999999985448 	462.700012207031 	-1.24137299108983E-11 	
462.799987792969 	0.036099999997532 	462.799987792969 	-1.24470378138691E-11 	
462.899963378906 	0.0328999999983353 	462.899963378906 	-1.24680423075078E-11 	
462.999938964844 	0.0353999999970256 	462.999938964844 	-1.24763374337752E-11 	
463.100036621094 	0.0331999999980326 	463.100036621094 	-1.2471498648815E-11 	
463.200012207031 	0.0346999999965192 	463.200012207031 	-1.24531223580994E-11 	
463.299987792969 	0.0342999999993481 	463.299987792969 	-1.24207912710205E-11 	
463.399963378906 	0.0383999999976368 	463.399963378906 	-1.2374081397412E-11 	
463.499938964844 	0.0403999999980442 	463.499938964844 	-1.23125642404516E-11 	
463.600036621094 	0.0416000000004715 	463.600036621094 	-1.22357035822288E-11 	
463.700012207031 	0.0453999999990629 	463.700012207031 	-1.21432489295991E-11 	
463.799987792969 	0.0472999999983585 	463.799987792969 	-1.20346739207555E-11 	
463.899963378906 	0.048399999999674 	463.899963378906 	-1.19095320267482E-11 	
463.999938964844 	0.0482000000010885 	463.999938964844 	-1.17673722119714E-11 	
464.100036621094 	0.050599999998667 	464.100036621094 	-1.16075331540268E-11 	
464.200012207031 	0.0519000000022061 	464.200012207031 	-1.14299441843884E-11 	
464.299987792969 	0.0530999999973574 	464.299987792969 	-1.12339565772486E-11 	
464.399963378906 	0.054599999999482 	464.399963378906 	-1.10191012648744E-11 	
464.499938964844 	0.0556999999971595 	464.499938964844 	-1.07849046728766E-11 	
464.600036621094 	0.0561000000016065 	464.600036621094 	-1.05305662556016E-11 	
464.700012207031 	0.0569999999970605 	464.700012207031 	-1.02562232690433E-11 	
464.799987792969 	0.0574000000015076 	464.799987792969 	-9.96109064225967E-12 	
464.899963378906 	0.0577000000012049 	464.899963378906 	-9.64467676873416E-12 	
464.999938964844 	0.0566999999973632 	464.999938964844 	-9.30648553529429E-12 	
465.100036621094 	0.0517999999974563 	465.100036621094 	-8.94556236593068E-12 	
465.200012207031 	0.0521999999982654 	465.200012207031 	-8.56228191772525E-12 	
465.299987792969 	0.0559999999968568 	465.299987792969 	-8.15570810513364E-12 	
465.399963378906 	0.0565999999962514 	465.399963378906 	-7.7253267828561E-12 	
465.499938964844 	0.0547999999980675 	465.499938964844 	-7.27061929893676E-12 	
465.600036621094 	0.0531999999984691 	465.600036621094 	-6.79046155157709E-12 	
465.700012207031 	0.0542999999997846 	465.700012207031 	-6.28549645218072E-12 	
465.799987792969 	0.0529999999998836 	465.799987792969 	-5.75462154280077E-12 	
465.899963378906 	0.0538999999989755 	465.899963378906 	-5.19730013935416E-12 	
465.999938964844 	0.055899999999383 	465.999938964844 	-4.61299105110163E-12 	
466.100036621094 	0.0554999999985739 	466.100036621094 	-4.00038446668895E-12 	
466.200012207031 	0.0578999999961525 	466.200012207031 	-3.36042378174158E-12 	
466.299987792969 	0.0595999999968626 	466.299987792969 	-2.69182411977658E-12 	
466.399963378906 	0.0643999999992957 	466.399963378906 	-1.9940262579275E-12 	
466.499938964844 	0.067799999997078 	466.499938964844 	-1.91652075255638E-12 	
466.600036621094 	0.0698000000011234 	466.600036621094 	-1.91712813467951E-12 	
466.700012207031 	0.067799999997078 	466.700012207031 	-1.91775865861917E-12 	
466.799987792969 	0.0666999999994005 	466.799987792969 	-1.91840160863367E-12 	
466.899963378906 	0.0639000000010128 	466.899963378906 	-1.91904525350046E-12 	
466.999938964844 	0.0605999999970663 	466.999938964844 	-1.91967756808935E-12 	
467.100036621094 	0.0597999999990861 	467.100036621094 	-1.92028695697509E-12 	
467.200012207031 	0.055899999999383 	467.200012207031 	-1.92085930788147E-12 	
467.299987792969 	0.0592999999971653 	467.299987792969 	-1.92138247373477E-12 	
467.399963378906 	0.0600999999987835 	467.399963378906 	-1.92184325341549E-12 	
467.499938964844 	0.0586999999977706 	467.499938964844 	-1.9222281518965E-12 	
467.600036621094 	0.0627999999996973 	467.600036621094 	-1.92252368019439E-12 	
467.700012207031 	0.0626000000011118 	467.700012207031 	-1.92271502015366E-12 	
467.799987792969 	0.0588999999999942 	467.799987792969 	-1.92278821265244E-12 	
467.899963378906 	0.0566999999973632 	467.899963378906 	-1.92272858667425E-12 	
467.999938964844 	0.0586000000002969 	467.999938964844 	-1.92252117729501E-12 	
468.100036621094 	0.0578999999997905 	468.100036621094 	-1.92215016739059E-12 	
468.200012207031 	0.0541999999986729 	468.200012207031 	-1.92160089311546E-12 	
468.299987792969 	0.0515999999988708 	468.299987792969 	-1.9208571576929E-12 	
468.399963378906 	0.0507999999972526 	468.399963378906 	-1.9199028202095E-12 	
468.499938964844 	0.0514000000002852 	468.499938964844 	-1.91872144584421E-12 	
468.600036621094 	0.0522999999993772 	468.600036621094 	-1.91729440985897E-12 	
468.700012207031 	0.0512000000016997 	468.700012207031 	-1.9156081526887E-12 	
468.799987792969 	0.0511999999980617 	468.799987792969 	-1.91364376940456E-12 	
468.899963378906 	0.047999999998865 	468.899963378906 	-1.91138364919618E-12 	
468.999938964844 	0.0436999999983527 	468.999938964844 	-1.90880988734557E-12 	
469.100036621094 	0.0436999999983527 	469.100036621094 	-1.905900527137E-12 	
469.200012207031 	0.0394999999989523 	469.200012207031 	-1.90264415303739E-12 	
469.299987792969 	0.038299999996525 	469.299987792969 	-1.89901863657796E-12 	
469.399963378906 	0.0361999999986438 	469.399963378906 	-1.89500489705138E-12 	
469.499938964844 	0.0320999999967171 	469.499938964844 	-1.89058355984272E-12 	
469.600036621094 	0.0290999999961059 	469.600036621094 	-1.88572876700428E-12 	
469.700012207031 	0.0273999999990338 	469.700012207031 	-1.88043237656766E-12 	
469.799987792969 	0.0301999999974214 	469.799987792969 	-1.87466847624577E-12 	
469.899963378906 	0.0304999999971187 	469.899963378906 	-1.86841651543433E-12 	
469.999938964844 	0.0296999999991385 	469.999938964844 	-1.86165564962144E-12 	
470.100036621094 	0.0265999999974156 	470.100036621094 	-1.85435550548256E-12 	
470.200012207031 	0.0284999999967113 	470.200012207031 	-1.84651243392782E-12 	
470.299987792969 	0.0325999999986379 	470.299987792969 	-1.83809613368284E-12 	
470.399963378906 	0.032999999999447 	470.399963378906 	-1.8290845842464E-12 	
470.499938964844 	0.0329000000019732 	470.499938964844 	-1.81945547120964E-12 	
470.600036621094 	0.0334000000002561 	470.600036621094 	-1.80917324683574E-12 	
470.700012207031 	0.029500000000553 	470.700012207031 	-1.7982400640083E-12 	
470.799987792969 	0.0283999999992375 	470.799987792969 	-1.78662058240615E-12 	
470.899963378906 	0.0308999999979278 	470.899963378906 	-1.77429131163112E-12 	
470.999938964844 	0.0337999999974272 	470.999938964844 	-1.7612284673774E-12 	
471.100036621094 	0.0325999999986379 	471.100036621094 	-1.74739062356986E-12 	
471.200012207031 	0.0333999999966181 	471.200012207031 	-1.73278713394169E-12 	
471.299987792969 	0.0351000000009662 	471.299987792969 	-1.71737692417483E-12 	
471.399963378906 	0.0333999999966181 	471.399963378906 	-1.70113503397417E-12 	
471.499938964844 	0.0324999999975262 	471.499938964844 	-1.68403620913694E-12 	
471.600036621094 	0.0334999999977299 	471.600036621094 	-1.66603239643312E-12 	
471.700012207031 	0.032999999999447 	471.700012207031 	-1.64714163910273E-12 	
471.799987792969 	0.0332999999991443 	471.799987792969 	-1.62731638899017E-12 	
471.899963378906 	0.0296999999991385 	471.899963378906 	-1.60653021590337E-12 	
471.999938964844 	0.028599999997823 	471.999938964844 	-1.58475639574261E-12 	
472.100036621094 	0.0270999999993364 	472.100036621094 	-1.56193945441587E-12 	
472.200012207031 	0.0262000000002445 	472.200012207031 	-1.53810770310832E-12 	
472.299987792969 	0.0244999999995343 	472.299987792969 	-1.5132063350956E-12 	
472.399963378906 	0.0231999999996333 	472.399963378906 	-1.4872074502887E-12 	
472.499938964844 	0.0227999999988242 	472.499938964844 	-1.46008285469095E-12 	
472.600036621094 	0.0232999999971071 	472.600036621094 	-1.4317688147506E-12 	
472.700012207031 	0.0230999999985215 	472.700012207031 	-1.40230557781747E-12 	
472.799987792969 	0.0270000000018626 	472.799987792969 	-1.3716302489767E-12 	
472.899963378906 	0.0262999999977183 	472.899963378906 	-1.33971345824227E-12 	
472.999938964844 	0.0236000000004424 	472.999938964844 	-1.30652554172061E-12 	
473.100036621094 	0.0268999999971129 	473.100036621094 	-1.27199362291195E-12 	
473.200012207031 	0.0268999999971129 	473.200012207031 	-1.23617164333139E-12 	
473.299987792969 	0.0259999999980209 	473.299987792969 	-1.19898774536118E-12 	
473.399963378906 	0.0286999999989348 	473.399963378906 	-1.16041108911837E-12 	
473.499938964844 	0.029499999996915 	473.499938964844 	-1.1204105408124E-12 	
473.600036621094 	0.0312000000012631 	473.600036621094 	-1.0789031526167E-12 	
473.700012207031 	0.0315000000009604 	473.700012207031 	-1.03595840799341E-12 	
473.799987792969 	0.0355999999992491 	473.799987792969 	-9.91494567218936E-13 	
473.899963378906 	0.0361999999986438 	473.899963378906 	-9.45479320513403E-13 	
473.999938964844 	0.0381000000015774 	473.999938964844 	-8.97880064189296E-13 	
474.100036621094 	0.0401999999994587 	474.100036621094 	-8.48602805823812E-13 	
474.200012207031 	0.0401999999994587 	474.200012207031 	-7.97734508388993E-13 	
474.299987792969 	0.0420000000012806 	474.299987792969 	-7.45182585761984E-13 	
474.399963378906 	0.0419000000001688 	474.399963378906 	-6.9091325826594E-13 	
474.499938964844 	0.0406999999977415 	474.499938964844 	-6.34892452316399E-13 	
474.600036621094 	0.041799999999057 	474.600036621094 	-5.77014112734357E-13 	
474.700012207031 	0.0411999999996624 	474.700012207031 	-5.17384709345786E-13 	
474.799987792969 	0.0450999999993655 	474.799987792969 	-4.55899800444499E-13 	
474.899963378906 	0.0450999999993655 	474.899963378906 	-3.92524136456698E-13 	
474.999938964844 	0.0442000000002736 	474.999938964844 	-3.27222173900969E-13 	
475.100036621094 	0.0447999999960302 	475.100036621094 	-2.59874731791573E-13 	
475.200012207031 	0.0480999999999767 	475.200012207031 	-1.90609903933563E-13 	
475.299987792969 	0.046200000000681 	475.299987792969 	-1.71751467387922E-13 	
475.399963378906 	0.0407000000013795 	475.399963378906 	-1.54838606476141E-13 	
475.499938964844 	0.0400000000008731 	475.499938964844 	-1.38115412620667E-13 	
475.600036621094 	0.0409999999974389 	475.600036621094 	-1.21566528026519E-13 	
475.700012207031 	0.0437999999994645 	475.700012207031 	-1.05237042534954E-13 	
475.799987792969 	0.0410999999985506 	475.799987792969 	-8.91113955723013E-14 	
475.899963378906 	0.0385999999998603 	475.899963378906 	-7.31943464595734E-14 	
475.999938964844 	0.0367999999980384 	475.999938964844 	-5.74906732213862E-14 	
476.100036621094 	0.0380000000004657 	476.100036621094 	-4.19864000894838E-14 	
476.200012207031 	0.0397999999986496 	476.200012207031 	-2.6724162708345E-14 	
476.299987792969 	0.0377999999982421 	476.299987792969 	-1.16897534111371E-14 	
476.399963378906 	0.0356999999967229 	476.399963378906 	3.11197494027045E-15 	
476.499938964844 	0.0335999999988417 	476.499938964844 	1.76761507804053E-14 	
476.600036621094 	0.0337999999974272 	476.600036621094 	3.2015220501845E-14 	
476.700012207031 	0.0315999999984342 	476.700012207031 	4.60892967835902E-14 	
476.799987792969 	0.0283999999992375 	476.799987792969 	5.99110876078883E-14 	
476.899963378906 	0.0266999999985273 	476.899963378906 	7.34756465720134E-14 	
476.999938964844 	0.0271999999968102 	476.999938964844 	8.67780085696358E-14 	
477.100036621094 	0.0276999999987311 	477.100036621094 	9.9828940411968E-14 	
477.200012207031 	0.0280999999995402 	477.200012207031 	1.12591602941657E-13 	
477.299987792969 	0.0239999999976135 	477.299987792969 	1.25077054821886E-13 	
477.399963378906 	0.0217999999986205 	477.399963378906 	1.37280256109071E-13 	
477.499938964844 	0.0247999999992317 	477.499938964844 	1.49196148156027E-13 	
477.600036621094 	0.024199999999837 	477.600036621094 	1.6083366513018E-13 	
477.700012207031 	0.0236000000004424 	477.700012207031 	1.72159321591456E-13 	
477.799987792969 	0.0270000000018626 	477.799987792969 	1.83182374392761E-13 	
477.899963378906 	0.0279999999984284 	477.899963378906 	1.93897690049654E-13 	
477.999938964844 	0.0303999999996449 	477.999938964844 	2.04300116374093E-13 	
478.100036621094 	0.0312999999987369 	478.100036621094 	2.14396598970567E-13 	
478.200012207031 	0.0335000000013679 	478.200012207031 	2.24157317383379E-13 	
478.299987792969 	0.0314999999973224 	478.299987792969 	2.33589571307211E-13 	
478.399963378906 	0.0319999999992433 	478.399963378906 	2.42688133716765E-13 	
478.499938964844 	0.0327999999972235 	478.499938964844 	2.51447758883142E-13 	
478.600036621094 	0.0269999999982247 	478.600036621094 	2.59873245072012E-13 	
478.700012207031 	0.0270999999993364 	478.700012207031 	2.67938753792614E-13 	
478.799987792969 	0.029500000000553 	478.799987792969 	2.75649469376728E-13 	
478.899963378906 	0.030399999996007 	478.899963378906 	2.83000071258201E-13 	
478.999938964844 	0.031699999999546 	478.999938964844 	2.89985220167277E-13 	
479.100036621094 	0.0312999999987369 	479.100036621094 	2.9660740539819E-13 	
479.200012207031 	0.0285000000003492 	479.200012207031 	3.02845093119139E-13 	
479.299987792969 	0.0262000000002445 	479.299987792969 	3.08701191237596E-13 	
479.399963378906 	0.027299999997922 	479.399963378906 	3.14170285646552E-13 	
479.499938964844 	0.027299999997922 	479.499938964844 	3.19246943535393E-13 	
479.600036621094 	0.0288999999975204 	479.600036621094 	3.23931180737568E-13 	
479.700012207031 	0.0254999999961001 	479.700012207031 	3.28206096487727E-13 	
479.799987792969 	0.0268999999971129 	479.799987792969 	3.32072158350894E-13 	
479.899963378906 	0.0302999999985332 	479.899963378906 	3.35523858679201E-13 	
479.999938964844 	0.0266000000010536 	479.999938964844 	3.38555671121178E-13 	
480.100036621094 	0.0239000000001397 	480.100036621094 	3.41164970703408E-13 	
480.200012207031 	0.0207999999984168 	480.200012207031 	3.43339823847947E-13 	
480.299987792969 	0.0214000000014494 	480.299987792969 	3.45078091002494E-13 	
480.399963378906 	0.0210999999981141 	480.399963378906 	3.46374170978326E-13 	
480.499938964844 	0.0233000000007451 	480.499938964844 	3.47222443883114E-13 	
480.600036621094 	0.0259000000005472 	480.600036621094 	3.47617473733765E-13 	
480.700012207031 	0.0231999999996333 	480.700012207031 	3.47552633974157E-13 	
480.799987792969 	0.0249999999978172 	480.799987792969 	3.47023008303061E-13 	
480.899963378906 	0.0266000000010536 	480.899963378906 	3.46022901990896E-13 	
480.999938964844 	0.025099999998929 	480.999938964844 	3.44546601604477E-13 	
481.100036621094 	0.0239999999976135 	481.100036621094 	3.42585687091486E-13 	
481.200012207031 	0.0318999999981315 	481.200012207031 	3.40139184465511E-13 	
481.299987792969 	0.0352999999995518 	481.299987792969 	3.37199228188054E-13 	
481.399963378906 	0.0355999999956111 	481.399963378906 	3.33760029988675E-13 	
481.499938964844 	0.0339999999996508 	481.499938964844 	3.29815782893335E-13 	
481.600036621094 	0.0339999999996508 	481.600036621094 	3.25354906864215E-13 	
481.700012207031 	0.0345999999990454 	481.700012207031 	3.20382431745957E-13 	
481.799987792969 	0.0338000000010652 	481.799987792969 	3.14887367417724E-13 	
481.899963378906 	0.0323999999964144 	481.899963378906 	3.08863832068221E-13 	
481.999938964844 	0.0312000000012631 	481.999938964844 	3.02305925182552E-13 	
482.100036621094 	0.0331999999980326 	482.100036621094 	2.95198727964387E-13 	
482.200012207031 	0.0318000000006577 	482.200012207031 	2.87553631064234E-13 	
482.299987792969 	0.0302999999985332 	482.299987792969 	2.79356341577117E-13 	
482.399963378906 	0.0299999999988358 	482.399963378906 	2.70600884150885E-13 	
482.499938964844 	0.0311000000001513 	482.499938964844 	2.61281264729782E-13 	
482.600036621094 	0.032999999999447 	482.600036621094 	2.51379044129229E-13 	
482.700012207031 	0.0322999999989406 	482.700012207031 	2.40912336493876E-13 	
482.799987792969 	0.0337999999974272 	482.799987792969 	2.29863365076073E-13 	
482.899963378906 	0.038299999996525 	482.899963378906 	2.18226060982809E-13 	
482.999938964844 	0.0354999999981374 	482.999938964844 	2.05994336617475E-13 	
483.100036621094 	0.0358000000014727 	483.100036621094 	1.93146047920764E-13 	
483.200012207031 	0.038299999996525 	483.200012207031 	1.79706400933211E-13 	
483.299987792969 	0.0408999999963271 	483.299987792969 	1.65653951149223E-13 	
483.399963378906 	0.0423000000009779 	483.399963378906 	1.50982536134933E-13 	
483.499938964844 	0.0407999999988533 	483.499938964844 	1.35685974752874E-13 	
483.600036621094 	0.0433000000011816 	483.600036621094 	1.19738230725808E-13 	
483.700012207031 	0.042700000001787 	483.700012207031 	1.0317197610536E-13 	
483.799987792969 	0.0403000000005704 	483.799987792969 	8.59619118559928E-14 	
483.899963378906 	0.040499999999156 	483.899963378906 	6.8101782002986E-14 	
483.999938964844 	0.0394999999989523 	483.999938964844 	5.13917433511088E-14 	
484.100036621094 	0.0388999999959196 	484.100036621094 	7.60619797966157E-14 	
484.200012207031 	0.0394000000014785 	484.200012207031 	1.01055879019589E-13 	
484.299987792969 	0.0401999999994587 	484.299987792969 	1.26398674091723E-13 	
484.399963378906 	0.0436999999983527 	484.399963378906 	1.5208573014877E-13 	
484.499938964844 	0.0442999999977474 	484.499938964844 	1.78112412326478E-13 	
484.600036621094 	0.0418999999965308 	484.600036621094 	2.04506476268283E-13 	
484.700012207031 	0.0400999999983469 	484.700012207031 	2.31198906627105E-13 	
484.799987792969 	0.0432999999975436 	484.799987792969 	2.58217052854686E-13 	
484.899963378906 	0.0422999999973399 	484.899963378906 	2.85556280086763E-13 	
484.999938964844 	0.040499999999156 	484.999938964844 	3.13211953459094E-13 	
485.100036621094 	0.0413999999982479 	485.100036621094 	3.41213775143903E-13 	
485.200012207031 	0.0414999999993597 	485.200012207031 	3.69488808433757E-13 	
485.299987792969 	0.0399999999972351 	485.299987792969 	3.98066377611959E-13 	
485.399963378906 	0.0414999999993597 	485.399963378906 	4.26941847814249E-13 	
485.499938964844 	0.0400999999983469 	485.499938964844 	4.56110584176401E-13 	
485.600036621094 	0.0406999999977415 	485.600036621094 	4.85604093850925E-13 	
485.700012207031 	0.0391999999992549 	485.700012207031 	5.15345801866991E-13 	
485.799987792969 	0.0401999999994587 	485.799987792969 	5.45366865790998E-13 	
485.899963378906 	0.0393000000003667 	485.899963378906 	5.75662650758694E-13 	
485.999938964844 	0.0380000000004657 	485.999938964844 	6.06228521905845E-13 	
486.100036621094 	0.0406999999977415 	486.100036621094 	6.37097649816782E-13 	
486.200012207031 	0.0418999999965308 	486.200012207031 	6.6819010435425E-13 	
486.299987792969 	0.0425999999970372 	486.299987792969 	6.99538734819248E-13 	
486.399963378906 	0.0379999999968277 	486.399963378906 	7.31138906347534E-13 	
486.499938964844 	0.038300000000163 	486.499938964844 	7.62985984074869E-13 	
486.600036621094 	0.0380000000004657 	486.600036621094 	7.95114660468925E-13 	
486.700012207031 	0.0365999999994528 	486.700012207031 	8.27441933322975E-13 	
486.799987792969 	0.0393000000003667 	486.799987792969 	8.60002202124153E-13 	
486.899963378906 	0.0400999999983469 	486.899963378906 	8.92790832008214E-13 	
486.999938964844 	0.0377999999982421 	486.999938964844 	9.25803188110912E-13 	
487.100036621094 	0.0365999999994528 	487.100036621094 	9.59075343234793E-13 	
487.200012207031 	0.0393999999978405 	487.200012207031 	9.92521506200614E-13 	
487.299987792969 	0.0383999999976368 	487.299987792969 	1.02617748513316E-12 	
487.399963378906 	0.0380999999979394 	487.399963378906 	1.06003864516818E-12 	
487.499938964844 	0.0401999999994587 	487.499938964844 	1.09410035144143E-12 	
487.600036621094 	0.0419999999976426 	487.600036621094 	1.12839991554183E-12 	
487.700012207031 	0.0485000000007858 	487.700012207031 	1.16284904041461E-12 	
487.799987792969 	0.0503999999964435 	487.799987792969 	1.1974848012737E-12 	
487.899963378906 	0.0495999999984633 	487.899963378906 	1.23230256325487E-12 	
487.999938964844 	0.0508999999983644 	487.999938964844 	1.26729769149386E-12 	
488.100036621094 	0.0532999999959429 	488.100036621094 	1.3025085948175E-12 	
488.200012207031 	0.0518999999985681 	488.200012207031 	1.33784475339242E-12 	
488.299987792969 	0.0522999999993772 	488.299987792969 	1.37334436797324E-12 	
488.399963378906 	0.0515999999988708 	488.399963378906 	1.40900280369574E-12 	
488.499938964844 	0.049299999998766 	488.499938964844 	1.44481542569564E-12 	
488.600036621094 	0.0473999999994703 	488.600036621094 	1.48082159848922E-12 	
488.700012207031 	0.0468000000000757 	488.700012207031 	1.51692886256146E-12 	
488.799987792969 	0.0504999999975553 	488.799987792969 	1.55317640265921E-12 	
488.899963378906 	0.0516999999999825 	488.899963378906 	1.58955958391821E-12 	
488.999938964844 	0.0485000000007858 	488.999938964844 	1.62607377147422E-12 	
489.100036621094 	0.0485999999982596 	489.100036621094 	1.66275914398445E-12 	
489.200012207031 	0.0444999999999709 	489.200012207031 	1.69952158534921E-12 	
489.299987792969 	0.0436999999983527 	489.299987792969 	1.73640112275906E-12 	
489.399963378906 	0.0426000000006752 	489.399963378906 	1.77339312134976E-12 	
489.499938964844 	0.0423999999984517 	489.499938964844 	1.81049294625706E-12 	
489.600036621094 	0.0377999999982421 	489.600036621094 	1.84774144873064E-12 	
489.700012207031 	0.0385999999998603 	489.700012207031 	1.88504313918309E-12 	
489.799987792969 	0.037400000001071 	489.799987792969 	1.92243874570022E-12 	
489.899963378906 	0.0337999999974272 	489.899963378906 	1.95992363341781E-12 	
489.999938964844 	0.0319999999992433 	489.999938964844 	1.99749316747159E-12 	
490.100036621094 	0.0288999999975204 	490.100036621094 	2.03518873015522E-12 	
490.200012207031 	0.0282999999981257 	490.200012207031 	2.07291374149055E-12 	
490.299987792969 	0.0285000000003492 	490.299987792969 	2.11070948891016E-12 	
490.399963378906 	0.0283999999992375 	490.399963378906 	2.14857133754981E-12 	
490.499938964844 	0.0312999999987369 	490.499938964844 	2.18649465254525E-12 	
490.600036621094 	0.032999999995809 	490.600036621094 	2.22452120568565E-12 	
490.700012207031 	0.0299000000013621 	490.700012207031 	2.26255360969904E-12 	
490.799987792969 	0.0301999999974214 	490.799987792969 	2.3006335698163E-12 	
490.899963378906 	0.0300999999999476 	490.899963378906 	2.3387564511732E-12 	
490.999938964844 	0.0306999999993423 	490.999938964844 	2.37691761890549E-12 	
491.100036621094 	0.029500000000553 	491.100036621094 	2.41515909274936E-12 	
491.200012207031 	0.0300999999999476 	491.200012207031 	2.45338296123599E-12 	
491.299987792969 	0.0298999999977241 	491.299987792969 	2.4916312058461E-12 	
491.399963378906 	0.0312999999987369 	491.399963378906 	2.52989919171544E-12 	
491.499938964844 	0.0309999999990396 	491.499938964844 	2.56818228397976E-12 	
491.600036621094 	0.0283999999992375 	491.600036621094 	2.60652260877379E-12 	
491.700012207031 	0.027299999997922 	491.700012207031 	2.64482201352886E-12 	
491.799987792969 	0.0285000000003492 	491.799987792969 	2.68312261442701E-12 	
491.899963378906 	0.0257999999994354 	491.899963378906 	2.72141977660397E-12 	
491.999938964844 	0.0224000000016531 	491.999938964844 	2.7597088651955E-12 	
492.100036621094 	0.0217000000011467 	492.100036621094 	2.79803197118641E-12 	
492.200012207031 	0.0187999999980093 	492.200012207031 	2.8362909840051E-12 	
492.299987792969 	0.0217000000011467 	492.299987792969 	2.87452801298645E-12 	
492.399963378906 	0.0233999999982188 	492.399963378906 	2.91273842326622E-12 	
492.499938964844 	0.0252000000000407 	492.499938964844 	2.95091757998015E-12 	
492.600036621094 	0.0271999999968102 	492.600036621094 	2.98910739741464E-12 	
492.700012207031 	0.0266999999985273 	492.700012207031 	3.02721009009214E-12 	
492.799987792969 	0.02639999999883 	492.799987792969 	3.06526761895189E-12 	
492.899963378906 	0.0240999999987253 	492.899963378906 	3.10327534912964E-12 	
492.999938964844 	0.0256000000008498 	492.999938964844 	3.14122864576116E-12 	
493.100036621094 	0.0246999999981199 	493.100036621094 	3.17916910488594E-12 	
493.200012207031 	0.0253000000011525 	493.200012207031 	3.21699954921743E-12 	
493.299987792969 	0.0255999999972119 	493.299987792969 	3.25476164975076E-12 	
493.399963378906 	0.022000000000844 	493.399963378906 	3.29245077162169E-12 	
493.499938964844 	0.0208999999995285 	493.499938964844 	3.33006227996597E-12 	
493.600036621094 	0.0167999999976018 	493.600036621094 	3.36763731102775E-12 	
493.700012207031 	0.0155999999988126 	493.700012207031 	3.40507957880841E-12 	
493.799987792969 	0.0152999999991152 	493.799987792969 	3.44243032281051E-12 	
493.899963378906 	0.0158999999985099 	493.899963378906 	3.4796849081698E-12 	
493.999938964844 	0.016299999999319 	493.999938964844 	3.51683870002205E-12 	
494.100036621094 	0.0179999999963911 	494.100036621094 	3.55393223326752E-12 	
494.200012207031 	0.0156999999999243 	494.200012207031 	3.59087039629253E-12 	
494.299987792969 	0.0151999999980035 	494.299987792969 	3.62769385555858E-12 	
494.399963378906 	0.016299999999319 	494.399963378906 	3.66439797620142E-12 	
494.499938964844 	0.0148000000008324 	494.499938964844 	3.7009781233568E-12 	
494.600036621094 	0.0132999999987078 	494.600036621094 	3.73747408903268E-12 	
494.700012207031 	0.0114999999968859 	494.700012207031 	3.77379221909723E-12 	
494.799987792969 	0.011900000001333 	494.799987792969 	3.80997246542242E-12 	
494.899963378906 	0.0121999999973923 	494.899963378906 	3.84601019314399E-12 	
494.999938964844 	0.0116999999991094 	494.999938964844 	3.8819007673977E-12 	
495.100036621094 	0.0147999999971944 	495.100036621094 	3.91768309575068E-12 	
495.200012207031 	0.0125999999982014 	495.200012207031 	3.95326526464996E-12 	
495.299987792969 	0.0133999999998196 	495.299987792969 	3.98868636982947E-12 	
495.399963378906 	0.0155000000013388 	495.399963378906 	4.02394177642496E-12 	
495.499938964844 	0.018499999998312 	495.499938964844 	4.05902684957218E-12 	
495.600036621094 	0.0200000000004366 	495.600036621094 	4.09397947084897E-12 	
495.700012207031 	0.0205999999998312 	495.700012207031 	4.12870975037817E-12 	
495.799987792969 	0.0227000000013504 	495.799987792969 	4.16325578620719E-12 	
495.899963378906 	0.02639999999883 	495.899963378906 	4.19761294347177E-12 	
495.999938964844 	0.0288999999975204 	495.999938964844 	4.23177658730768E-12 	
496.100036621094 	0.0293999999958032 	496.100036621094 	4.26578343175499E-12 	
496.200012207031 	0.0282999999981257 	496.200012207031 	4.29954589370929E-12 	
496.299987792969 	0.0272000000004482 	496.299987792969 	4.333100931983E-12 	
496.399963378906 	0.0247999999992317 	496.399963378906 	4.36644391171187E-12 	
496.499938964844 	0.0230999999985215 	496.499938964844 	4.39957019803166E-12 	
496.600036621094 	0.0243000000009488 	496.600036621094 	4.4325151958962E-12 	
496.700012207031 	0.024199999999837 	496.700012207031 	4.46519391207077E-12 	
496.799987792969 	0.0205999999998312 	496.799987792969 	4.49764202458436E-12 	
496.899963378906 	0.0181999999986147 	496.899963378906 	4.5298548985727E-12 	
496.999938964844 	0.0170999999972992 	496.999938964844 	4.56182789917155E-12 	
497.100036621094 	0.0152999999991152 	497.100036621094 	4.59359498070002E-12 	
497.200012207031 	0.0154999999977008 	497.200012207031 	4.62507402289006E-12 	
497.299987792969 	0.0122999999985041 	497.299987792969 	4.65629928143871E-12 	
497.399963378906 	0.0125000000007276 	497.399963378906 	4.6872661214817E-12 	
497.499938964844 	0.0134999999972933 	497.499938964844 	4.7179699081548E-12 	
497.600036621094 	0.0105000000003201 	497.600036621094 	4.74844300359391E-12 	
497.700012207031 	0.0106999999989057 	497.700012207031 	4.7786064435946E-12 	
497.799987792969 	0.0115999999979977 	497.799987792969 	4.80849291997349E-12 	
497.899963378906 	0.014099999996688 	497.899963378906 	4.83809779786633E-12 	
497.999938964844 	0.0132999999987078 	497.999938964844 	4.86741644240886E-12 	
498.100036621094 	0.0113999999994121 	498.100036621094 	4.89647948200531E-12 	
498.200012207031 	0.00949999999647844 	498.200012207031 	4.92521139161184E-12 	
498.299987792969 	0.00839999999880092 	498.299987792969 	4.95364315761616E-12 	
498.399963378906 	0.00779999999940628 	498.399963378906 	4.98177014515402E-12 	
498.499938964844 	0.00800000000162981 	498.499938964844 	5.00958771936118E-12 	
498.600036621094 	0.0110999999997148 	498.600036621094 	5.03712463336166E-12 	
498.700012207031 	0.00949999999647844 	498.700012207031 	5.06430908436921E-12 	
498.799987792969 	0.0105999999977939 	498.799987792969 	5.09117021179415E-12 	
498.899963378906 	0.00859999999738648 	498.899963378906 	5.11770338077222E-12 	
498.999938964844 	0.00619999999616994 	498.999938964844 	5.14390395643918E-12 	
499.100036621094 	0.00860000000102445 	499.100036621094 	5.16979867509041E-12 	
499.200012207031 	0.0121999999973923 	499.200012207031 	5.19531973929418E-12 	
499.299987792969 	0.0151999999980035 	499.299987792969 	5.22049429993491E-12 	
499.399963378906 	0.0152999999991152 	499.399963378906 	5.24531772214838E-12 	
499.499938964844 	0.0152999999991152 	499.499938964844 	5.26978537107032E-12 	
499.600036621094 	0.0122999999985041 	499.600036621094 	5.29392182461901E-12 	
499.700012207031 	0.0113000000019383 	499.700012207031 	5.31766357381417E-12 	
499.799987792969 	0.0095999999975902 	499.799987792969 	5.34103563946589E-12 	
499.899963378906 	0.0135000000009313 	499.899963378906 	5.36403338670993E-12 	
499.999938964844 	0.0147999999971944 	499.999938964844 	5.38665218068205E-12 	
500.100036621094 	0.0137999999969907 	500.100036621094 	5.4089142993749E-12 	
500.200012207031 	0.0168999999987136 	500.200012207031 	5.43076080535663E-12 	
500.299987792969 	0.0213999999978114 	500.299987792969 	5.45221444781452E-12 	
500.399963378906 	0.0234999999993306 	500.399963378906 	5.47327059188433E-12 	
500.499938964844 	0.0227999999988242 	500.499938964844 	5.49392460270181E-12 	
500.600036621094 	0.0235999999968044 	500.600036621094 	5.51419631678552E-12 	
500.700012207031 	0.0234999999993306 	500.700012207031 	5.53403165134901E-12 	
500.799987792969 	0.0247999999992317 	500.799987792969 	5.55345094240826E-12 	
500.899963378906 	0.0275999999976193 	500.899963378906 	5.57244955509902E-12 	
500.999938964844 	0.0239999999976135 	500.999938964844 	5.59102285455704E-12 	
501.100036621094 	0.0253999999986263 	501.100036621094 	5.60918809427832E-12 	
501.200012207031 	0.0269000000007509 	501.200012207031 	5.62689632921876E-12 	
501.299987792969 	0.0302999999985332 	501.299987792969 	5.64416534067455E-12 	
501.399963378906 	0.0311999999976251 	501.399963378906 	5.66099049378144E-12 	
501.499938964844 	0.0295999999980268 	501.499938964844 	5.67736715367519E-12 	
501.600036621094 	0.0293000000019674 	501.600036621094 	5.69330984928075E-12 	
501.700012207031 	0.0270000000018626 	501.700012207031 	5.70877505639331E-12 	
501.799987792969 	0.0265999999974156 	501.799987792969 	5.72377786004083E-12 	
501.899963378906 	0.024199999999837 	501.899963378906 	5.73831362535903E-12 	
501.999938964844 	0.0249999999978172 	501.999938964844 	5.7523777174837E-12 	
502.100036621094 	0.0256999999983236 	502.100036621094 	5.76598179922024E-12 	
502.200012207031 	0.0253999999986263 	502.200012207031 	5.77908805030012E-12 	
502.299987792969 	0.0259999999980209 	502.299987792969 	5.79170871793454E-12 	
502.399963378906 	0.02639999999883 	502.399963378906 	5.80383916725926E-12 	
502.499938964844 	0.0272000000004482 	502.499938964844 	5.81547476341001E-12 	
502.600036621094 	0.0297999999966123 	502.600036621094 	5.82662416152424E-12 	
502.700012207031 	0.0275999999976193 	502.700012207031 	5.83725552836663E-12 	
502.799987792969 	0.0286999999989348 	502.799987792969 	5.84737813178314E-12 	
502.899963378906 	0.0306999999993423 	502.899963378906 	5.85698733690954E-12 	
502.999938964844 	0.031699999999546 	502.999938964844 	5.86607850888158E-12 	
503.100036621094 	0.0334999999977299 	503.100036621094 	5.8746571536202E-12 	
503.200012207031 	0.0330999999969208 	503.200012207031 	5.88269770802027E-12 	
503.299987792969 	0.0357999999978347 	503.299987792969 	5.89020631901407E-12 	
503.399963378906 	0.0345000000015716 	503.399963378906 	5.89717835173734E-12 	
503.499938964844 	0.0390000000006694 	503.499938964844 	5.90360917132585E-12 	
503.600036621094 	0.0398999999997613 	503.600036621094 	5.90950099293556E-12 	
503.700012207031 	0.039599999996426 	503.700012207031 	5.9148348066885E-12 	
503.799987792969 	0.0407999999988533 	503.799987792969 	5.91961349705476E-12 	
503.899963378906 	0.0419000000001688 	503.899963378906 	5.92383242917009E-12 	
503.999938964844 	0.0436999999983527 	503.999938964844 	5.92748696817025E-12 	
504.100036621094 	0.044000000001688 	504.100036621094 	5.93057589689777E-12 	
504.200012207031 	0.0436000000008789 	504.200012207031 	5.93308704179877E-12 	
504.299987792969 	0.0437999999994645 	504.299987792969 	5.93501988333268E-12 	
504.399963378906 	0.0420999999987544 	504.399963378906 	5.93636978663525E-12 	
504.499938964844 	0.0416999999979453 	504.499938964844 	5.93713211684224E-12 	
504.600036621094 	0.0422999999973399 	504.600036621094 	5.93730208293427E-12 	
504.700012207031 	0.0442000000002736 	504.700012207031 	5.93687463077851E-12 	
504.799987792969 	0.0485999999982596 	504.799987792969 	5.93584569527525E-12 	
504.899963378906 	0.0486999999993714 	504.899963378906 	5.93421064156025E-12 	
504.999938964844 	0.0488000000004831 	504.999938964844 	5.93196483476926E-12 	
505.100036621094 	0.0477999999966414 	505.100036621094 	5.9290997684725E-12 	
505.200012207031 	0.0481999999974505 	505.200012207031 	5.92561779105516E-12 	
505.299987792969 	0.0468000000000757 	505.299987792969 	5.92151115030992E-12 	
505.399963378906 	0.0457999999998719 	505.399963378906 	5.91677521137254E-12 	
505.499938964844 	0.0430999999989581 	505.499938964844 	5.91140533937876E-12 	
505.600036621094 	0.0427999999992608 	505.600036621094 	5.90538917093992E-12 	
505.700012207031 	0.0433000000011816 	505.700012207031 	5.89873674005619E-12 	
505.799987792969 	0.0414999999993597 	505.799987792969 	5.89143646586415E-12 	
505.899963378906 	0.0410999999985506 	505.899963378906 	5.88348371349956E-12 	
505.999938964844 	0.0400999999983469 	505.999938964844 	5.87487384809818E-12 	
506.100036621094 	0.0387999999984459 	506.100036621094 	5.86559050776396E-12 	
506.200012207031 	0.0384000000012747 	506.200012207031 	5.85565169520902E-12 	
506.299987792969 	0.0377999999982421 	506.299987792969 	5.84504185936537E-12 	
506.399963378906 	0.0353999999970256 	506.399963378906 	5.83375636536877E-12 	
506.499938964844 	0.0339999999996508 	506.499938964844 	5.82179057835496E-12 	
506.600036621094 	0.036099999997532 	506.600036621094 	5.80912399637206E-12 	
506.700012207031 	0.0345999999990454 	506.700012207031 	5.79578287394111E-12 	
506.799987792969 	0.0330999999969208 	506.799987792969 	5.78174754824103E-12 	
506.899963378906 	0.0357999999978347 	506.899963378906 	5.76701338440759E-12 	
506.999938964844 	0.0355999999992491 	506.999938964844 	5.75157574757655E-12 	
507.100036621094 	0.0352999999995518 	507.100036621094 	5.73540985419169E-12 	
507.200012207031 	0.0344000000004598 	507.200012207031 	5.71855049367989E-12 	
507.299987792969 	0.0319999999992433 	507.299987792969 	5.70097374991858E-12 	
507.399963378906 	0.0342999999993481 	507.399963378906 	5.68267498804349E-12 	
507.499938964844 	0.0367999999980384 	507.499938964844 	5.66364957319039E-12 	
507.600036621094 	0.0380999999979394 	507.600036621094 	5.64386829865026E-12 	
507.700012207031 	0.0391999999992549 	507.700012207031 	5.62337477185282E-12 	
507.799987792969 	0.0377999999982421 	507.799987792969 	5.60214068182545E-12 	
507.899963378906 	0.0354999999981374 	507.899963378906 	5.5801613937039E-12 	
507.999938964844 	0.0368999999991502 	507.999938964844 	5.55743227262393E-12 	
508.100036621094 	0.0384000000012747 	508.100036621094 	5.53391954717525E-12 	
508.200012207031 	0.0406999999977415 	508.200012207031 	5.50967592588734E-12 	
508.299987792969 	0.0386999999973341 	508.299987792969 	5.48466856138909E-12 	
508.399963378906 	0.040499999999156 	508.399963378906 	5.45889281881626E-12 	
508.499938964844 	0.0424999999995634 	508.499938964844 	5.43234406330461E-12 	
508.600036621094 	0.0402999999969325 	508.600036621094 	5.40498381719408E-12 	
508.700012207031 	0.039599999996426 	508.700012207031 	5.37687417321089E-12 	
508.799987792969 	0.0411999999996624 	508.799987792969 	5.34797760603696E-12 	
508.899963378906 	0.041799999999057 	508.899963378906 	5.31828948080803E-12 	
508.999938964844 	0.0459999999984575 	508.999938964844 	5.28780516265988E-12 	
509.100036621094 	0.045799999996234 	509.100036621094 	5.2564813261342E-12 	
509.200012207031 	0.047999999998865 	509.200012207031 	5.22438973125092E-12 	
509.299987792969 	0.0500999999967462 	509.299987792969 	5.19148803319648E-12 	
509.399963378906 	0.0498000000006869 	509.399963378906 	5.15777159710665E-12 	
509.499938964844 	0.047999999998865 	509.499938964844 	5.12323578811718E-12 	
509.600036621094 	0.0505000000011933 	509.600036621094 	5.08783229142306E-12 	
509.700012207031 	0.0511999999980617 	509.700012207031 	5.05164281743486E-12 	
509.799987792969 	0.0498999999981606 	509.799987792969 	5.01462006029511E-12 	
509.899963378906 	0.0502000000014959 	509.899963378906 	4.97675938513956E-12 	
509.999938964844 	0.0495999999984633 	509.999938964844 	4.93805615710395E-12 	
510.100036621094 	0.0515999999988708 	510.100036621094 	4.8984569304881E-12 	
510.200012207031 	0.052399999996851 	510.200012207031 	4.85805364919018E-12 	
510.299987792969 	0.0525999999990745 	510.299987792969 	4.81679390476029E-12 	
510.399963378906 	0.05370000000039 	510.399963378906 	4.7746730623342E-12 	
510.499938964844 	0.0548999999991793 	510.499938964844 	4.73168648704765E-12 	
510.600036621094 	0.0540000000000873 	510.600036621094 	4.68777546075677E-12 	
510.700012207031 	0.0519999999996799 	510.700012207031 	4.64304244394431E-12 	
510.799987792969 	0.0507999999972526 	510.799987792969 	4.59742978401947E-12 	
510.899963378906 	0.0524999999979627 	510.899963378906 	4.55093284611802E-12 	
510.999938964844 	0.0493999999998778 	510.999938964844 	4.50354699537572E-12 	
511.100036621094 	0.0498000000006869 	511.100036621094 	4.45520809965651E-12 	
511.200012207031 	0.0466000000014901 	511.200012207031 	4.40602941912469E-12 	
511.299987792969 	0.0464999999967404 	511.299987792969 	4.35594791550009E-12 	
511.399963378906 	0.0485999999982596 	511.399963378906 	4.30495895391847E-12 	
511.499938964844 	0.0475999999980559 	511.499938964844 	4.25305789951559E-12 	
511.600036621094 	0.0466999999989639 	511.600036621094 	4.20017506461476E-12 	
511.700012207031 	0.0472000000008848 	511.700012207031 	4.14643479215877E-12 	
511.799987792969 	0.0460999999959313 	511.799987792969 	4.09176851662959E-12 	
511.899963378906 	0.0461999999970431 	511.899963378906 	4.03617160316299E-12 	
511.999938964844 	0.0469999999986612 	511.999938964844 	3.97963941689472E-12 	
512.100036621094 	0.0455999999976484 	512.100036621094 	3.92209657305898E-12 	
512.200012207031 	0.046200000000681 	512.200012207031 	3.863678780474E-12 	
512.299987792969 	0.0488999999979569 	512.299987792969 	3.80431180483543E-12 	
512.399963378906 	0.0529999999998836 	512.399963378906 	3.74399101127903E-12 	
512.499938964844 	0.0531000000009954 	512.499938964844 	3.68271176494055E-12 	
512.600036621094 	0.0526999999965483 	512.600036621094 	3.6203928424166E-12 	
512.700012207031 	0.0538999999989755 	512.700012207031 	3.55718160149781E-12 	
512.799987792969 	0.0527999999976601 	512.799987792969 	3.49299799754503E-12 	
512.899963378906 	0.0492000000012922 	512.899963378906 	3.42783739569402E-12 	
512.999938964844 	0.0496000000021013 	512.999938964844 	3.36169516108052E-12 	
513.100036621094 	0.0522999999993772 	513.100036621094 	3.29448409011507E-12 	
513.200012207031 	0.0511999999980617 	513.200012207031 	3.22636347265766E-12 	
513.299987792969 	0.0499999999992724 	513.299987792969 	3.15724731218586E-12 	
513.399963378906 	0.0475999999980559 	513.399963378906 	3.08713097383542E-12 	
513.499938964844 	0.0469000000011874 	513.499938964844 	3.01600982274208E-12 	
513.600036621094 	0.0472000000008848 	513.600036621094 	2.94379053358183E-12 	
513.700012207031 	0.0476999999991676 	513.700012207031 	2.87064461138099E-12 	
513.799987792969 	0.0460999999995693 	513.799987792969 	2.79647996618535E-12 	
513.899963378906 	0.0519999999996799 	513.899963378906 	2.72129196313066E-12 	
513.999938964844 	0.0512999999991735 	513.999938964844 	2.64507596735267E-12 	
514.100036621094 	0.0528999999987718 	514.100036621094 	2.56773239024433E-12 	
514.200012207031 	0.0500999999967462 	514.200012207031 	2.48944523509524E-12 	
514.299987792969 	0.0504999999975553 	514.299987792969 	2.41011617697095E-12 	
514.399963378906 	0.0517999999974563 	514.399963378906 	2.3297405810072E-12 	
514.499938964844 	0.0516999999999825 	514.499938964844 	2.24831381233974E-12 	
514.600036621094 	0.0506999999961408 	514.600036621094 	2.16572987753001E-12 	
514.700012207031 	0.0515999999988708 	514.700012207031 	2.08218556122786E-12 	
514.799987792969 	0.0508000000008906 	514.799987792969 	1.9975761619701E-12 	
514.899963378906 	0.0502999999989697 	514.899963378906 	1.91189704489247E-12 	
514.999938964844 	0.0473999999994703 	514.999938964844 	1.82514357513074E-12 	
515.100036621094 	0.0459999999984575 	515.100036621094 	1.73720321286632E-12 	
515.200012207031 	0.04490000000078 	515.200012207031 	1.6482858072063E-12 	
515.299987792969 	0.0450999999993655 	515.299987792969 	1.55828013861025E-12 	
515.399963378906 	0.0437999999994645 	515.399963378906 	1.46718157221393E-12 	
515.499938964844 	0.0429999999978463 	515.499938964844 	1.3749854731531E-12 	
515.600036621094 	0.0433999999986554 	515.600036621094 	1.28157261368071E-12 	
515.700012207031 	0.0397000000011758 	515.700012207031 	1.18716619045799E-12 	
515.799987792969 	0.0381000000015774 	515.799987792969 	1.09164832431884E-12 	
515.899963378906 	0.0408999999999651 	515.899963378906 	9.95014380399017E-13 	
515.999938964844 	0.0427999999992608 	515.999938964844 	8.97259723834273E-13 	
516.100036621094 	0.0446999999985565 	516.100036621094 	7.98258297400606E-13 	
516.200012207031 	0.0455000000001746 	516.200012207031 	6.98246928410379E-13 	
516.299987792969 	0.0446999999985565 	516.299987792969 	5.97100936523317E-13 	
516.399963378906 	0.043599999997241 	516.399963378906 	4.94815686875174E-13 	
516.499938964844 	0.0438999999969383 	516.499938964844 	3.91386544601702E-13 	
516.600036621094 	0.0432999999975436 	516.600036621094 	2.86680481453468E-13 	
516.700012207031 	0.0458999999973457 	516.700012207031 	3.00426709107813E-13 	
516.799987792969 	0.0476000000016938 	516.799987792969 	3.20196998215711E-13 	
516.899963378906 	0.0442999999977474 	516.899963378906 	3.39961319278118E-13 	
516.999938964844 	0.0411999999960244 	516.999938964844 	3.59718561938676E-13 	
517.100036621094 	0.0391999999992549 	517.100036621094 	3.79491724001866E-13 	
517.200012207031 	0.0384999999987485 	517.200012207031 	3.99231466756717E-13 	
517.299987792969 	0.0405999999966298 	517.299987792969 	4.18960798684892E-13 	
517.399963378906 	0.0420999999987544 	517.399963378906 	4.38678609430038E-13 	
517.499938964844 	0.0429000000003725 	517.499938964844 	4.58383788635789E-13 	
517.600036621094 	0.0440999999991618 	517.600036621094 	4.78099260362365E-13 	
517.700012207031 	0.0455999999976484 	517.700012207031 	4.97775826606934E-13 	
517.799987792969 	0.0460000000020955 	517.799987792969 	5.17436428887286E-13 	
517.899963378906 	0.050599999998667 	517.899963378906 	5.37079956847066E-13 	
517.999938964844 	0.0538999999989755 	517.999938964844 	5.56705300129906E-13 	
518.100036621094 	0.0564000000013039 	518.100036621094 	5.76335275141548E-13 	
518.200012207031 	0.059400000001915 	518.200012207031 	5.95920892407736E-13 	
518.299987792969 	0.0599999999976717 	518.299987792969 	6.15484992572161E-13 	
518.399963378906 	0.0596999999979744 	518.399963378906 	6.3502646527847E-13 	
518.499938964844 	0.0597999999990861 	518.499938964844 	6.54544200170299E-13 	
518.600036621094 	0.0590999999985797 	518.600036621094 	6.74060872088689E-13 	
518.700012207031 	0.0659999999988941 	518.700012207031 	6.93527767908387E-13 	
518.799987792969 	0.0665999999982887 	518.799987792969 	7.12967593488784E-13 	
518.899963378906 	0.069999999999709 	518.899963378906 	7.3237923847352E-13 	
518.999938964844 	0.0695999999988999 	518.999938964844 	7.51761592506233E-13 	
519.100036621094 	0.0743000000002212 	519.100036621094 	7.71137154953046E-13 	
519.200012207031 	0.0754000000015367 	519.200012207031 	7.90457556858157E-13 	
519.299987792969 	0.0688999999983935 	519.299987792969 	8.09745335386422E-13 	
519.399963378906 	0.0724999999983993 	519.399963378906 	8.28999380181481E-13 	
519.499938964844 	0.0733000000000175 	519.499938964844 	8.48218580886974E-13 	
519.600036621094 	0.0724999999983993 	519.600036621094 	8.67425227483895E-13 	
519.700012207031 	0.0710999999973865 	519.700012207031 	8.86571363006313E-13 	
519.799987792969 	0.0689999999995052 	519.799987792969 	9.05679322014342E-13 	
519.899963378906 	0.0688000000009197 	519.899963378906 	9.24747994151622E-13 	
519.999938964844 	0.0665000000008149 	519.999938964844 	9.43776269061794E-13 	
520.100036621094 	0.0675999999984924 	520.100036621094 	9.62786193430499E-13 	
520.200012207031 	0.0717999999978929 	520.200012207031 	9.81730290102121E-13 	
520.299987792969 	0.0773999999983062 	520.299987792969 	1.00063065712181E-12 	
520.399963378906 	0.0789999999979045 	520.399963378906 	1.01948618413321E-12 	
520.499938964844 	0.0817999999999302 	520.499938964844 	1.03829576077996E-12 	
520.600036621094 	0.0805999999975029 	520.600036621094 	1.05708115654213E-12 	
520.700012207031 	0.0774000000019441 	520.700012207031 	1.07579544189485E-12 	
520.799987792969 	0.0790999999990163 	520.799987792969 	1.0944604444581E-12 	
520.899963378906 	0.0815000000002328 	520.899963378906 	1.11307505387551E-12 	
520.999938964844 	0.0845999999983178 	520.999938964844 	1.13163815979073E-12 	
521.100036621094 	0.0836999999992258 	521.100036621094 	1.15017122056805E-12 	
521.200012207031 	0.0823999999993248 	521.200012207031 	1.16862792213377E-12 	
521.299987792969 	0.0842000000011467 	521.299987792969 	1.18702978777247E-12 	
521.399963378906 	0.0894999999982247 	521.399963378906 	1.2053757071278E-12 	
521.499938964844 	0.0944999999992433 	521.499938964844 	1.22366456984339E-12 	
521.600036621094 	0.0958999999966181 	521.600036621094 	1.24191748925753E-12 	
521.700012207031 	0.0983999999989464 	521.700012207031 	1.26008883456814E-12 	
521.799987792969 	0.103299999998853 	521.799987792969 	1.2781997908142E-12 	
521.899963378906 	0.106999999999971 	521.899963378906 	1.29624924763933E-12 	
521.999938964844 	0.105500000001484 	521.999938964844 	1.31423609468719E-12 	
522.100036621094 	0.103399999999965 	522.100036621094 	1.33218106635983E-12 	
522.200012207031 	0.105999999999767 	522.200012207031 	1.35003928294724E-12 	
522.299987792969 	0.10320000000138 	522.299987792969 	1.36783155733254E-12 	
522.399963378906 	0.109799999998359 	522.399963378906 	1.38555677915939E-12 	
522.499938964844 	0.110100000001694 	522.499938964844 	1.40321383807141E-12 	
522.600036621094 	0.108799999998155 	522.600036621094 	1.42082305562423E-12 	
522.700012207031 	0.106899999998859 	522.700012207031 	1.43834037102033E-12 	
522.799987792969 	0.106100000000879 	522.799987792969 	1.45578619107678E-12 	
522.899963378906 	0.10740000000078 	522.899963378906 	1.47315940543722E-12 	
522.999938964844 	0.10479999999734 	522.999938964844 	1.4904589037453E-12 	
523.100036621094 	0.105599999998958 	523.100036621094 	1.50770456079999E-12 	
523.200012207031 	0.102599999998347 	523.200012207031 	1.52485320253667E-12 	
523.299987792969 	0.101300000002084 	523.299987792969 	1.54192479579617E-12 	
523.399963378906 	0.101999999998952 	523.399963378906 	1.55891823022211E-12 	
523.499938964844 	0.101699999999255 	523.499938964844 	1.57583239545815E-12 	
523.600036621094 	0.0987999999997555 	523.600036621094 	1.59268668563638E-12 	
523.700012207031 	0.099499999996624 	523.700012207031 	1.60943888124555E-12 	
523.799987792969 	0.100499999996828 	523.799987792969 	1.62610847523998E-12 	
523.899963378906 	0.10309999999663 	523.899963378906 	1.64269435726333E-12 	
523.999938964844 	0.104999999995925 	523.999938964844 	1.65919541695922E-12 	
524.100036621094 	0.106599999999162 	524.100036621094 	1.67563053388266E-12 	
524.200012207031 	0.108700000000681 	524.200012207031 	1.69195851089621E-12 	
524.299987792969 	0.11109999999826 	524.299987792969 	1.70819833315749E-12 	
524.399963378906 	0.10989999999947 	524.399963378906 	1.72434889031012E-12 	
524.499938964844 	0.108099999997648 	524.499938964844 	1.74040907199777E-12 	
524.600036621094 	0.110899999999674 	524.600036621094 	1.75639720928812E-12 	
524.700012207031 	0.108299999999872 	524.700012207031 	1.77227319523794E-12 	
524.799987792969 	0.105999999999767 	524.799987792969 	1.78805547329795E-12 	
524.899963378906 	0.104899999998452 	524.899963378906 	1.80374293311178E-12 	
524.999938964844 	0.104199999997945 	524.999938964844 	1.81933446432307E-12 	
525.100036621094 	0.105599999998958 	525.100036621094 	1.834847815602E-12 	
525.200012207031 	0.105399999996735 	525.200012207031 	1.85024403802E-12 	
525.299987792969 	0.106400000000576 	525.299987792969 	1.86554099941064E-12 	
525.399963378906 	0.109300000000076 	525.399963378906 	1.88073758941756E-12 	
525.499938964844 	0.112099999998463 	525.499938964844 	1.89583269768439E-12 	
525.600036621094 	0.112499999999272 	525.600036621094 	1.91084345657358E-12 	
525.700012207031 	0.112100000002101 	525.700012207031 	1.92573214299165E-12 	
525.799987792969 	0.111000000000786 	525.799987792969 	1.94051601524482E-12 	
525.899963378906 	0.111499999999069 	525.899963378906 	1.95519396297672E-12 	
525.999938964844 	0.112399999998161 	525.999938964844 	1.969764875831E-12 	
526.100036621094 	0.109499999998661 	526.100036621094 	1.98424523595213E-12 	
526.200012207031 	0.109499999998661 	526.200012207031 	1.99859861390217E-12 	
526.299987792969 	0.107800000001589 	526.299987792969 	2.01284162454976E-12 	
526.399963378906 	0.107599999999366 	526.399963378906 	2.02697315753855E-12 	
526.499938964844 	0.107599999999366 	526.499938964844 	2.04099210251217E-12 	
526.600036621094 	0.104200000001583 	526.600036621094 	2.05491425748691E-12 	
526.700012207031 	0.102100000000064 	526.700012207031 	2.06870455450082E-12 	
526.799987792969 	0.10139999999592 	526.799987792969 	2.08237893107474E-12 	
526.899963378906 	0.0992999999980384 	526.899963378906 	2.0959362768523E-12 	
526.999938964844 	0.098599999997532 	526.999938964844 	2.10937548147715E-12 	
527.100036621094 	0.09769999999844 	527.100036621094 	2.1227116249272E-12 	
527.200012207031 	0.0977999999995518 	527.200012207031 	2.13591106853687E-12 	
527.299987792969 	0.0980000000017753 	527.299987792969 	2.148989038569E-12 	
527.399963378906 	0.0982000000003609 	527.399963378906 	2.16194442466724E-12 	
527.499938964844 	0.0966999999982363 	527.499938964844 	2.17477611647523E-12 	
527.600036621094 	0.100899999997637 	527.600036621094 	2.18749844202226E-12 	
527.700012207031 	0.100800000000163 	527.700012207031 	2.20007925975958E-12 	
527.799987792969 	0.100099999996019 	527.799987792969 	2.21253305078183E-12 	
527.899963378906 	0.0996999999988475 	527.899963378906 	2.22485870473265E-12 	
527.999938964844 	0.09769999999844 	527.999938964844 	2.23705511125567E-12 	
528.100036621094 	0.10019999999713 	528.100036621094 	2.24913581252135E-12 	
528.200012207031 	0.101199999997334 	528.200012207031 	2.26107023191823E-12 	
528.299987792969 	0.101800000000367 	528.299987792969 	2.2728720714625E-12 	
528.399963378906 	0.0992999999980384 	528.399963378906 	2.28454022079778E-12 	
528.499938964844 	0.0984999999964202 	528.499938964844 	2.29607356956773E-12 	
528.600036621094 	0.0983999999989464 	528.600036621094 	2.30748484017375E-12 	
528.700012207031 	0.0985000000000582 	528.700012207031 	2.31874508876208E-12 	
528.799987792969 	0.0973999999987427 	528.799987792969 	2.32986720436026E-12 	
528.899963378906 	0.0982999999978347 	528.899963378906 	2.34085007661191E-12 	
528.999938964844 	0.097700000002078 	528.999938964844 	2.35169259516068E-12 	
529.100036621094 	0.0975999999973283 	529.100036621094 	2.36240662872872E-12 	
529.200012207031 	0.0965999999971245 	529.200012207031 	2.37296493404041E-12 	
529.299987792969 	0.0957000000016706 	529.299987792969 	2.38337955322439E-12 	
529.399963378906 	0.0953999999983353 	529.399963378906 	2.3936493759243E-12 	
529.499938964844 	0.096399999998539 	529.499938964844 	2.40377329178379E-12 	
529.600036621094 	0.0962999999974272 	529.600036621094 	2.41376228193553E-12 	
529.700012207031 	0.0951999999997497 	529.700012207031 	2.42359087150246E-12 	
529.799987792969 	0.099499999996624 	529.799987792969 	2.43327022180415E-12 	
529.899963378906 	0.096399999998539 	529.899963378906 	2.44279922248423E-12 	
529.999938964844 	0.0961999999999534 	529.999938964844 	2.45217676318634E-12 	
530.100036621094 	0.0943999999981315 	530.100036621094 	2.46141290354345E-12 	
530.200012207031 	0.0894999999982247 	530.200012207031 	2.47048400489753E-12 	
530.299987792969 	0.0874000000003434 	530.299987792969 	2.47940031384882E-12 	
530.399963378906 	0.0873999999967054 	530.399963378906 	2.48816072004095E-12 	
530.499938964844 	0.0917000000008557 	530.499938964844 	2.49676411311758E-12 	
530.600036621094 	0.0927999999985332 	530.600036621094 	2.50521959730174E-12 	
530.700012207031 	0.0933999999979278 	530.700012207031 	2.51350543797486E-12 	
530.799987792969 	0.0967999999993481 	530.799987792969 	2.52163093310765E-12 	
530.899963378906 	0.0973999999987427 	530.899963378906 	2.52959497234374E-12 	
530.999938964844 	0.0982000000003609 	530.999938964844 	2.53739644532678E-12 	
531.100036621094 	0.102599999998347 	531.100036621094 	2.54504346695968E-12 	
531.200012207031 	0.104699999999866 	531.200012207031 	2.55251627448374E-12 	
531.299987792969 	0.109399999997549 	531.299987792969 	2.55982318332992E-12 	
531.399963378906 	0.111100000001898 	531.399963378906 	2.56696308314186E-12 	
531.499938964844 	0.110699999997451 	531.499938964844 	2.57393486356321E-12 	
531.600036621094 	0.108499999998457 	531.600036621094 	2.58074561626652E-12 	
531.700012207031 	0.106400000000576 	531.700012207031 	2.58737761817342E-12 	
531.799987792969 	0.106999999999971 	531.799987792969 	2.59383816826489E-12 	
531.899963378906 	0.109199999998964 	531.899963378906 	2.60012615618459E-12 	
531.999938964844 	0.108100000001286 	531.999938964844 	2.60624047157614E-12 	
532.100036621094 	0.108699999997043 	532.100036621094 	2.61218714897155E-12 	
532.200012207031 	0.110199999999168 	532.200012207031 	2.61795057279318E-12 	
532.299987792969 	0.110299999996641 	532.299987792969 	2.62353699166184E-12 	
532.399963378906 	0.10989999999947 	532.399963378906 	2.62894529522118E-12 	
532.499938964844 	0.110099999998056 	532.499938964844 	2.63417437311484E-12 	
532.600036621094 	0.11160000000018 	532.600036621094 	2.63922916882402E-12 	
532.700012207031 	0.110899999999674 	532.700012207031 	2.64409624209228E-12 	
532.799987792969 	0.111300000000483 	532.799987792969 	2.64878075727003E-12 	
532.899963378906 	0.113999999997759 	532.899963378906 	2.65328160400091E-12 	
532.999938964844 	0.116599999997561 	532.999938964844 	2.65759767192857E-12 	
533.100036621094 	0.118099999999686 	533.100036621094 	2.6617327795732E-12 	
533.200012207031 	0.117999999998574 	533.200012207031 	2.66567572981999E-12 	
533.299987792969 	0.118299999998271 	533.299987792969 	2.66943056883872E-12 	
533.399963378906 	0.11869999999908 	533.399963378906 	2.67299618627304E-12 	
533.499938964844 	0.120899999998073 	533.499938964844 	2.6763714717666E-12 	
533.600036621094 	0.125199999998586 	533.600036621094 	2.67955908496836E-12 	
533.700012207031 	0.124299999999494 	533.700012207031 	2.68255013972557E-12 	
533.799987792969 	0.125 	533.799987792969 	2.68534753011719E-12 	
533.899963378906 	0.123399999996764 	533.899963378906 	2.68795014578685E-12 	
533.999938964844 	0.124299999999494 	533.999938964844 	2.6903568763782E-12 	
534.100036621094 	0.126400000001013 	534.100036621094 	2.69256918875878E-12 	
534.200012207031 	0.127599999999802 	534.200012207031 	2.69458057555831E-12 	
534.299987792969 	0.127599999999802 	534.299987792969 	2.6963927448547E-12 	
534.399963378906 	0.126899999999296 	534.399963378906 	2.69800458629159E-12 	
534.499938964844 	0.12869999999748 	534.499938964844 	2.69941498951263E-12 	
534.600036621094 	0.131299999997282 	534.600036621094 	2.7006241946937E-12 	
534.700012207031 	0.130400000001828 	534.700012207031 	2.70162814106745E-12 	
534.799987792969 	0.1320999999989 	534.799987792969 	2.70242731680052E-12 	
534.899963378906 	0.134200000000419 	534.899963378906 	2.70302061153654E-12 	
534.999938964844 	0.134799999999814 	534.999938964844 	2.70340691491917E-12 	
535.100036621094 	0.138699999999517 	535.100036621094 	2.70358520652241E-12 	
535.200012207031 	0.14259999999922 	535.200012207031 	2.70355394000228E-12 	
535.299987792969 	0.144599999999627 	535.299987792969 	2.70331234970391E-12 	
535.399963378906 	0.150399999998626 	535.399963378906 	2.70285932527097E-12 	
535.499938964844 	0.147399999998015 	535.499938964844 	2.70219375634708E-12 	
535.600036621094 	0.155499999997119 	535.600036621094 	2.70131332799418E-12 	
535.700012207031 	0.16189999999915 	535.700012207031 	2.70021907611205E-12 	
535.799987792969 	0.169099999999162 	535.799987792969 	2.69890894731416E-12 	
535.899963378906 	0.159099999997125 	535.899963378906 	2.69738183124414E-12 	
535.999938964844 	0.149799999999232 	535.999938964844 	2.69563661754563E-12 	
536.100036621094 	0.141499999997905 	536.100036621094 	2.69366966285826E-12 	
536.200012207031 	0.145000000000437 	536.200012207031 	2.69148465314604E-12 	
536.299987792969 	0.128199999999197 	536.299987792969 	2.68907821338051E-12 	
536.399963378906 	0.127000000000407 	536.399963378906 	2.68644923320532E-12 	
536.499938964844 	0.127699999997276 	536.499938964844 	2.68359660226409E-12 	
536.600036621094 	0.120699999999488 	536.600036621094 	2.68051531486392E-12 	
536.700012207031 	0.120999999999185 	536.700012207031 	2.67721177485351E-12 	
536.799987792969 	0.120599999998376 	536.799987792969 	2.67368125165225E-12 	
536.899963378906 	0.121399999996356 	536.899963378906 	2.66992263490377E-12 	
536.999938964844 	0.125499999998283 	536.999938964844 	2.66593481425172E-12 	
537.100036621094 	0.122599999998783 	537.100036621094 	2.66171138776044E-12 	
537.200012207031 	0.120499999997264 	537.200012207031 	2.65726154498373E-12 	
537.299987792969 	0.117999999998574 	537.299987792969 	2.65257916587863E-12 	
537.399963378906 	0.120699999999488 	537.399963378906 	2.64766314008877E-12 	
537.499938964844 	0.118099999996048 	537.499938964844 	2.64251235725779E-12 	
537.600036621094 	0.122699999999895 	537.600036621094 	2.63711898529708E-12 	
537.700012207031 	0.121399999996356 	537.700012207031 	2.63149506728598E-12 	
537.799987792969 	0.122699999999895 	537.799987792969 	2.62563305980893E-12 	
537.899963378906 	0.120299999998679 	537.899963378906 	2.61953185250958E-12 	
537.999938964844 	0.122099999996863 	537.999938964844 	2.61319033503158E-12 	
538.100036621094 	0.121200000001409 	538.100036621094 	2.60659921122312E-12 	
538.200012207031 	0.124499999998079 	538.200012207031 	2.5997734455095E-12 	
538.299987792969 	0.125400000000809 	538.299987792969 	2.59270403719241E-12 	
538.399963378906 	0.123899999998685 	538.399963378906 	2.58538987591547E-12 	
538.499938964844 	0.119699999995646 	538.499938964844 	2.57782985132233E-12 	
538.600036621094 	0.11620000000039 	538.600036621094 	2.5700131692878E-12 	
538.700012207031 	0.111999999997352 	538.700012207031 	2.56195778340358E-12 	
538.799987792969 	0.108399999997346 	538.799987792969 	2.55365320177834E-12 	
538.899963378906 	0.107599999995728 	538.899963378906 	2.54509831405571E-12 	
538.999938964844 	0.0991999999969266 	538.999938964844 	2.53629200987934E-12 	
539.100036621094 	0.0993000000016764 	539.100036621094 	2.52722196324041E-12 	
539.200012207031 	0.102499999997235 	539.200012207031 	2.51790918471748E-12 	
539.299987792969 	0.102699999999459 	539.299987792969 	2.50834165731599E-12 	
539.399963378906 	0.104399999996531 	539.399963378906 	2.49851827067956E-12 	
539.499938964844 	0.108299999999872 	539.499938964844 	2.48843791445185E-12 	
539.600036621094 	0.10399999999936 	539.600036621094 	2.47808669683021E-12 	
539.700012207031 	0.110499999998865 	539.700012207031 	2.46748875320047E-12 	
539.799987792969 	0.113099999998667 	539.799987792969 	2.45663050755462E-12 	
539.899963378906 	0.119099999999889 	539.899963378906 	2.4455108495363E-12 	
539.999938964844 	0.12409999999727 	539.999938964844 	2.43412866878915E-12 	
540.100036621094 	0.127199999998993 	540.100036621094 	2.42246847380648E-12 	
540.200012207031 	0.126799999998184 	540.200012207031 	2.41055759260182E-12 	
540.299987792969 	0.121299999998882 	540.299987792969 	2.39838085624351E-12 	
540.399963378906 	0.121399999999994 	540.399963378906 	2.38593715437519E-12 	
540.499938964844 	0.119800000000396 	540.499938964844 	2.37322537664049E-12 	
540.600036621094 	0.122299999999086 	540.600036621094 	2.36022839791846E-12 	
540.700012207031 	0.125499999998283 	540.700012207031 	2.34697680667079E-12 	
540.799987792969 	0.124399999996967 	540.799987792969 	2.33345380713192E-12 	
540.899963378906 	0.120699999999488 	540.899963378906 	2.31965828894549E-12 	
	
