Run 1; Ch 1; Fc 2-1; Cy 4; T5-D1-sumo; Conc 0.03517554 0.3517554 3.517554 35.2 µM_X 	Run 1; Ch 1; Fc 2-1; Cy 4; T5-D1-sumo; Conc 0.03517554 0.3517554 3.517554 35.2 µM_Y 	Run 1; Ch 1; Fc 2-1; Cy 4; T5-D1-sumo; Conc 0.03517554 0.3517554 3.517554 35.2 µM; Fitted_X 	Run 1; Ch 1; Fc 2-1; Cy 4; T5-D1-sumo; Conc 0.03517554 0.3517554 3.517554 35.2 µM; Fitted_Y 	
-60 	0.186200000000099 	-60 	0 	
-59.8999633789063 	0.18829999999798 	-59.8999633789063 	0 	
-59.7999877929688 	0.189199999997072 	-59.7999877929688 	0 	
-59.7000122070313 	0.184999999997672 	-59.7000122070313 	0 	
-59.5999755859375 	0.189699999998993 	-59.5999755859375 	0 	
-59.5 	0.193100000000413 	-59.5 	0 	
-59.3999633789063 	0.19629999999961 	-59.3999633789063 	0 	
-59.2999877929688 	0.195899999998801 	-59.2999877929688 	0 	
-59.2000122070313 	0.192799999997078 	-59.2000122070313 	0 	
-59.0999755859375 	0.195100000000821 	-59.0999755859375 	0 	
-59 	0.195899999998801 	-59 	0 	
-58.8999633789063 	0.188300000001618 	-58.8999633789063 	0 	
-58.7999877929688 	0.20339999999851 	-58.7999877929688 	0 	
-58.7000122070313 	0.203599999997095 	-58.7000122070313 	0 	
-58.5999755859375 	0.212299999999232 	-58.5999755859375 	0 	
-58.5 	0.210599999998522 	-58.5 	0 	
-58.3999633789063 	0.212700000000041 	-58.3999633789063 	0 	
-58.2999877929688 	0.21469999999681 	-58.2999877929688 	0 	
-58.2000122070313 	0.221499999999651 	-58.2000122070313 	0 	
-58.0999755859375 	0.233899999999267 	-58.0999755859375 	0 	
-58 	0.235499999998865 	-58 	0 	
-57.8999633789063 	0.2387000000017 	-57.8999633789063 	0 	
-57.7999877929688 	0.231599999999162 	-57.7999877929688 	0 	
-57.7000122070313 	0.233399999997346 	-57.7000122070313 	0 	
-57.5999755859375 	0.229500000001281 	-57.5999755859375 	0 	
-57.5 	0.227599999998347 	-57.5 	0 	
-57.3999633789063 	0.221699999998236 	-57.3999633789063 	0 	
-57.2999877929688 	0.220699999998033 	-57.2999877929688 	0 	
-57.2000122070313 	0.221000000001368 	-57.2000122070313 	0 	
-57.0999755859375 	0.225200000000768 	-57.0999755859375 	0 	
-57 	0.227399999999761 	-57 	0 	
-56.8999633789063 	0.226099999996222 	-56.8999633789063 	0 	
-56.7999877929688 	0.227199999997538 	-56.7999877929688 	0 	
-56.7000122070313 	0.240999999998166 	-56.7000122070313 	0 	
-56.5999755859375 	0.216699999997218 	-56.5999755859375 	0 	
-56.5 	0.216300000000047 	-56.5 	0 	
-56.3999633789063 	0.215799999998126 	-56.3999633789063 	0 	
-56.2999877929688 	0.208399999999529 	-56.2999877929688 	0 	
-56.2000122070313 	0.208399999999529 	-56.2000122070313 	0 	
-56.0999755859375 	0.206399999999121 	-56.0999755859375 	0 	
-56 	0.196400000000722 	-56 	0 	
-55.8999633789063 	0.195100000000821 	-55.8999633789063 	0 	
-55.7999877929688 	0.191300000002229 	-55.7999877929688 	0 	
-55.7000122070313 	0.185199999999895 	-55.7000122070313 	0 	
-55.5999755859375 	0.180499999998574 	-55.5999755859375 	0 	
-55.5 	 	-55.5 	0 	
-55.3999633789063 	 	-55.3999633789063 	0 	
-55.2999877929688 	 	-55.2999877929688 	0 	
-55.2000122070313 	 	-55.2000122070313 	0 	
-55.0999755859375 	 	-55.0999755859375 	0 	
-55 	 	-55 	0 	
-54.8999633789063 	 	-54.8999633789063 	0 	
-54.7999877929688 	 	-54.7999877929688 	0 	
-54.7000122070313 	 	-54.7000122070313 	0 	
-54.5999755859375 	 	-54.5999755859375 	0 	
-54.5 	 	-54.5 	0 	
-54.3999633789063 	 	-54.3999633789063 	0 	
-54.2999877929688 	 	-54.2999877929688 	0 	
-54.2000122070313 	 	-54.2000122070313 	0 	
-54.0999755859375 	 	-54.0999755859375 	0 	
-54 	 	-54 	0 	
-53.8999633789063 	 	-53.8999633789063 	0 	
-53.7999877929688 	 	-53.7999877929688 	0 	
-53.7000122070313 	 	-53.7000122070313 	0 	
-53.5999755859375 	 	-53.5999755859375 	0 	
-53.5 	 	-53.5 	0 	
-53.3999633789063 	 	-53.3999633789063 	0 	
-53.2999877929688 	 	-53.2999877929688 	0 	
-53.2000122070313 	 	-53.2000122070313 	0 	
-53.0999755859375 	 	-53.0999755859375 	0 	
-53 	0.131799999999203 	-53 	0 	
-52.8999633789063 	0.131699999998091 	-52.8999633789063 	0 	
-52.7999877929688 	0.12579999999798 	-52.7999877929688 	0 	
-52.7000122070313 	0.123100000000704 	-52.7000122070313 	0 	
-52.5999755859375 	0.122999999999593 	-52.5999755859375 	0 	
-52.5 	0.123100000000704 	-52.5 	0 	
-52.3999633789063 	0.12579999999798 	-52.3999633789063 	0 	
-52.2999877929688 	0.123100000000704 	-52.2999877929688 	0 	
-52.2000122070313 	0.128599999996368 	-52.2000122070313 	0 	
-52.0999755859375 	0.135900000001129 	-52.0999755859375 	0 	
-52 	0.128199999999197 	-52 	0 	
-51.8999633789063 	0.154399999999441 	-51.8999633789063 	0 	
-51.7999877929688 	0.17779999999766 	-51.7999877929688 	0 	
-51.7000122070313 	0.154099999999744 	-51.7000122070313 	0 	
-51.5999755859375 	0.14509999999791 	-51.5999755859375 	0 	
-51.5 	0.0777000000016415 	-51.5 	0 	
-51.3999633789063 	0.120399999996152 	-51.3999633789063 	0 	
-51.2999877929688 	0.350500000000466 	-51.2999877929688 	0 	
-51.2000122070313 	0.196599999999307 	-51.2000122070313 	0 	
-51.0999755859375 	-0.483000000000175 	-51.0999755859375 	0 	
-51 	0.239999999997963 	-51 	0 	
-50.8999633789063 	0.438399999999092 	-50.8999633789063 	0 	
-50.7999877929688 	0.493999999998778 	-50.7999877929688 	0 	
-50.7000122070313 	0.563900000001013 	-50.7000122070313 	0 	
-50.5999755859375 	0.576399999998102 	-50.5999755859375 	0 	
-50.5 	0.587599999998929 	-50.5 	0 	
-50.3999633789063 	0.606500000001688 	-50.3999633789063 	0 	
-50.2999877929688 	0.633299999997689 	-50.2999877929688 	0 	
-50.2000122070313 	0.664000000000669 	-50.2000122070313 	0 	
-50.0999755859375 	0.668399999998655 	-50.0999755859375 	0 	
-50 	0.685999999997875 	-50 	0 	
-49.8999633789063 	0.706399999999121 	-49.8999633789063 	0 	
-49.7999877929688 	0.740799999999581 	-49.7999877929688 	0 	
-49.7000122070313 	0.765600000002451 	-49.7000122070313 	0 	
-49.5999755859375 	0.79399999999805 	-49.5999755859375 	0 	
-49.5 	0.811999999998079 	-49.5 	0 	
-49.3999633789063 	0.829499999999825 	-49.3999633789063 	0 	
-49.2999877929688 	0.839399999997113 	-49.2999877929688 	0 	
-49.2000122070313 	0.851699999999255 	-49.2000122070313 	0 	
-49.0999755859375 	0.86699999999837 	-49.0999755859375 	0 	
-49 	0.911000000000058 	-49 	0 	
-48.8999633789063 	0.936399999998685 	-48.8999633789063 	0 	
-48.7999877929688 	0.96809999999823 	-48.7999877929688 	0 	
-48.7000122070313 	0.98689999999624 	-48.7000122070313 	0 	
-48.5999755859375 	0.996500000001106 	-48.5999755859375 	0 	
-48.5 	1.01889999999912 	-48.5 	0 	
-48.3999633789063 	1.04550000000017 	-48.3999633789063 	0 	
-48.2999877929688 	1.04479999999967 	-48.2999877929688 	0 	
-48.2000122070313 	1.05789999999979 	-48.2000122070313 	0 	
-48.0999755859375 	1.08209999999963 	-48.0999755859375 	0 	
-48 	1.10399999999936 	-48 	0 	
-47.8999633789063 	1.12189999999828 	-47.8999633789063 	0 	
-47.7999877929688 	1.1391999999978 	-47.7999877929688 	0 	
-47.7000122070313 	1.15789999999834 	-47.7000122070313 	0 	
-47.5999755859375 	1.15969999999652 	-47.5999755859375 	0 	
-47.5 	1.17190000000119 	-47.5 	0 	
-47.3999633789063 	1.17349999999715 	-47.3999633789063 	0 	
-47.2999877929688 	1.17339999999604 	-47.2999877929688 	0 	
-47.2000122070313 	1.18470000000161 	-47.2000122070313 	0 	
-47.0999755859375 	1.1945999999989 	-47.0999755859375 	0 	
-47 	1.20339999999851 	-47 	0 	
-46.8999633789063 	1.21419999999853 	-46.8999633789063 	0 	
-46.7999877929688 	1.22569999999905 	-46.7999877929688 	0 	
-46.7000122070313 	1.23400000000038 	-46.7000122070313 	0 	
-46.5999755859375 	1.23929999999746 	-46.5999755859375 	0 	
-46.5 	1.2602999999981 	-46.5 	0 	
-46.3999633789063 	1.2660999999971 	-46.3999633789063 	0 	
-46.2999877929688 	1.27829999999813 	-46.2999877929688 	0 	
-46.2000122070313 	1.29279999999926 	-46.2000122070313 	0 	
-46.0999755859375 	1.28399999999965 	-46.0999755859375 	0 	
-46 	1.28800000000047 	-46 	0 	
-45.8999633789063 	1.28919999999925 	-45.8999633789063 	0 	
-45.7999877929688 	1.30439999999726 	-45.7999877929688 	0 	
-45.7000122070313 	1.29980000000069 	-45.7000122070313 	0 	
-45.5999755859375 	1.3172999999988 	-45.5999755859375 	0 	
-45.5 	1.32770000000164 	-45.5 	0 	
-45.3999633789063 	1.32489999999962 	-45.3999633789063 	0 	
-45.2999877929688 	1.48209999999744 	-45.2999877929688 	0 	
-45.2000122070313 	1.49529999999868 	-45.2000122070313 	0 	
-45.0999755859375 	0.620599999998376 	-45.0999755859375 	0 	
-45 	1.24889999999868 	-45 	0 	
-44.8999633789063 	1.45579999999973 	-44.8999633789063 	0 	
-44.7999877929688 	1.2374000000018 	-44.7999877929688 	0 	
-44.7000122070313 	1.25540000000183 	-44.7000122070313 	0 	
-44.5999755859375 	1.26610000000073 	-44.5999755859375 	0 	
-44.5 	1.26179999999658 	-44.5 	0 	
-44.3999633789063 	1.27790000000095 	-44.3999633789063 	0 	
-44.2999877929688 	1.28190000000177 	-44.2999877929688 	0 	
-44.2000122070313 	1.28319999999803 	-44.2000122070313 	0 	
-44.0999755859375 	1.29190000000017 	-44.0999755859375 	0 	
-44 	1.31319999999687 	-44 	0 	
-43.8999633789063 	1.31769999999597 	-43.8999633789063 	0 	
-43.7999877929688 	1.25530000000072 	-43.7999877929688 	0 	
-43.7000122070313 	0.967199999999139 	-43.7000122070313 	0 	
-43.5999755859375 	1.76249999999709 	-43.5999755859375 	0 	
-43.5 	1.44599999999991 	-43.5 	0 	
-43.3999633789063 	2.67309999999998 	-43.3999633789063 	0 	
-43.2999877929688 	1.32269999999698 	-43.2999877929688 	0 	
-43.2000122070313 	1.24299999999857 	-43.2000122070313 	0 	
-43.0999755859375 	1.59790000000066 	-43.0999755859375 	0 	
-43 	0.53429999999571 	-43 	0 	
-42.8999633789063 	1.18059999999605 	-42.8999633789063 	0 	
-42.7999877929688 	1.19659999999931 	-42.7999877929688 	0 	
-42.7000122070313 	1.30149999999776 	-42.7000122070313 	0 	
-42.5999755859375 	1.34899999999834 	-42.5999755859375 	0 	
-42.5 	1.30719999999928 	-42.5 	0 	
-42.3999633789063 	1.29790000000139 	-42.3999633789063 	0 	
-42.2999877929688 	1.31419999999707 	-42.2999877929688 	0 	
-42.2000122070313 	1.31239999999889 	-42.2000122070313 	0 	
-42.0999755859375 	1.33469999999943 	-42.0999755859375 	0 	
-42 	1.35440000000017 	-42 	0 	
-41.8999633789063 	1.36379999999917 	-41.8999633789063 	0 	
-41.7999877929688 	1.37719999999899 	-41.7999877929688 	0 	
-41.7000122070313 	1.38760000000184 	-41.7000122070313 	0 	
-41.5999755859375 	1.38620000000083 	-41.5999755859375 	0 	
-41.5 	1.39810000000216 	-41.5 	0 	
-41.3999633789063 	1.39410000000134 	-41.3999633789063 	0 	
-41.2999877929688 	1.39669999999751 	-41.2999877929688 	0 	
-41.2000122070313 	1.41199999999662 	-41.2000122070313 	0 	
-41.0999755859375 	1.40690000000177 	-41.0999755859375 	0 	
-41 	1.40629999999874 	-41 	0 	
-40.8999633789063 	1.40780000000086 	-40.8999633789063 	0 	
-40.7999877929688 	1.39779999999882 	-40.7999877929688 	0 	
-40.7000122070313 	1.39159999999902 	-40.7000122070313 	0 	
-40.5999755859375 	1.39459999999963 	-40.5999755859375 	0 	
-40.5 	1.3949999999968 	-40.5 	0 	
-40.3999633789063 	1.39700000000084 	-40.3999633789063 	0 	
-40.2999877929688 	1.38409999999931 	-40.2999877929688 	0 	
-40.2000122070313 	1.38750000000073 	-40.2000122070313 	0 	
-40.0999755859375 	1.37900000000081 	-40.0999755859375 	0 	
-40 	1.37329999999565 	-40 	0 	
-39.8999633789063 	1.36799999999857 	-39.8999633789063 	0 	
-39.7999877929688 	1.36699999999837 	-39.7999877929688 	0 	
-39.7000122070313 	1.37479999999778 	-39.7000122070313 	0 	
-39.5999755859375 	1.36099999999715 	-39.5999755859375 	0 	
-39.5 	1.36569999999847 	-39.5 	0 	
-39.3999633789063 	1.37079999999696 	-39.3999633789063 	0 	
-39.2999877929688 	1.37770000000091 	-39.2999877929688 	0 	
-39.2000122070313 	1.40699999999924 	-39.2000122070313 	0 	
-39.0999755859375 	1.41869999999835 	-39.0999755859375 	0 	
-39 	1.41739999999845 	-39 	0 	
-38.8999633789063 	1.2452000000012 	-38.8999633789063 	0 	
-38.7999877929688 	1.05979999999909 	-38.7999877929688 	0 	
-38.7000122070313 	1.3956999999973 	-38.7000122070313 	0 	
-38.5999755859375 	1.074099999998 	-38.5999755859375 	0 	
-38.5 	1.49209999999948 	-38.5 	0 	
-38.3999633789063 	1.62870000000112 	-38.3999633789063 	0 	
-38.2999877929688 	1.57319999999891 	-38.2999877929688 	0 	
-38.2000122070313 	1.67599999999948 	-38.2000122070313 	0 	
-38.0999755859375 	1.59850000000006 	-38.0999755859375 	0 	
-38 	1.44219999999768 	-38 	0 	
-37.8999633789063 	1.22879999999714 	-37.8999633789063 	0 	
-37.7999877929688 	0.977100000000064 	-37.7999877929688 	0 	
-37.7000122070313 	0.905699999999342 	-37.7000122070313 	0 	
-37.5999755859375 	0.846099999998842 	-37.5999755859375 	0 	
-37.5 	0.784700000000157 	-37.5 	0 	
-37.3999633789063 	0.721499999999651 	-37.3999633789063 	0 	
-37.2999877929688 	0.685899999996764 	-37.2999877929688 	0 	
-37.2000122070313 	0.665099999998347 	-37.2000122070313 	0 	
-37.0999755859375 	0.613399999998364 	-37.0999755859375 	0 	
-37 	0.631099999998696 	-37 	0 	
-36.8999633789063 	0.638199999997596 	-36.8999633789063 	0 	
-36.7999877929688 	0.625599999999395 	-36.7999877929688 	0 	
-36.7000122070313 	0.603500000001077 	-36.7000122070313 	0 	
-36.5999755859375 	0.583699999999226 	-36.5999755859375 	0 	
-36.5 	0.576399999998102 	-36.5 	0 	
-36.3999633789063 	0.553999999996449 	-36.3999633789063 	0 	
-36.2999877929688 	0.553899999998976 	-36.2999877929688 	0 	
-36.2000122070313 	0.558999999997468 	-36.2000122070313 	0 	
-36.0999755859375 	0.545299999997951 	-36.0999755859375 	0 	
-36 	0.559199999999691 	-36 	0 	
-35.8999633789063 	0.541900000000169 	-35.8999633789063 	0 	
-35.7999877929688 	0.531899999998132 	-35.7999877929688 	0 	
-35.7000122070313 	0.513599999998405 	-35.7000122070313 	0 	
-35.5999755859375 	0.492399999999179 	-35.5999755859375 	0 	
-35.5 	0.46140000000014 	-35.5 	0 	
-35.3999633789063 	0.460099999996601 	-35.3999633789063 	0 	
-35.2999877929688 	0.456300000001647 	-35.2999877929688 	0 	
-35.2000122070313 	0.455700000002253 	-35.2000122070313 	0 	
-35.0999755859375 	0.457000000002154 	-35.0999755859375 	0 	
-35 	0.446199999998498 	-35 	0 	
-34.8999633789063 	0.447999999996682 	-34.8999633789063 	0 	
-34.7999877929688 	0.450899999996182 	-34.7999877929688 	0 	
-34.7000122070313 	0.442800000000716 	-34.7000122070313 	0 	
-34.5999755859375 	0.42949999999837 	-34.5999755859375 	0 	
-34.5 	0.414499999998952 	-34.5 	0 	
-34.3999633789063 	0.412899999999354 	-34.3999633789063 	0 	
-34.2999877929688 	0.402999999998428 	-34.2999877929688 	0 	
-34.2000122070313 	0.401900000000751 	-34.2000122070313 	0 	
-34.0999755859375 	0.404899999997724 	-34.0999755859375 	0 	
-34 	0.405499999997119 	-34 	0 	
-33.8999633789063 	0.396099999998114 	-33.8999633789063 	0 	
-33.7999877929688 	0.399999999997817 	-33.7999877929688 	0 	
-33.7000122070313 	0.393299999999726 	-33.7000122070313 	0 	
-33.5999755859375 	0.413000000000466 	-33.5999755859375 	0 	
-33.5 	0.408200000001671 	-33.5 	0 	
-33.3999633789063 	0.406599999998434 	-33.3999633789063 	0 	
-33.2999877929688 	0.399900000000343 	-33.2999877929688 	0 	
-33.2000122070313 	0.39799999999741 	-33.2000122070313 	0 	
-33.0999755859375 	0.398600000000442 	-33.0999755859375 	0 	
-33 	0.390800000001036 	-33 	0 	
-32.8999633789063 	0.387899999997899 	-32.8999633789063 	0 	
-32.7999877929688 	0.384500000000116 	-32.7999877929688 	0 	
-32.7000122070313 	0.369799999996758 	-32.7000122070313 	0 	
-32.5999755859375 	0.364999999997963 	-32.5999755859375 	0 	
-32.5 	0.35479999999734 	-32.5 	0 	
-32.3999633789063 	0.353599999998551 	-32.3999633789063 	0 	
-32.2999877929688 	0.353199999997742 	-32.2999877929688 	0 	
-32.2000122070313 	0.346199999999953 	-32.2000122070313 	0 	
-32.0999755859375 	0.340700000000652 	-32.0999755859375 	0 	
-32 	0.338999999996304 	-32 	0 	
-31.8999633789063 	0.333999999998923 	-31.8999633789063 	0 	
-31.7999877929688 	0.331999999998516 	-31.7999877929688 	0 	
-31.7000122070313 	0.328699999998207 	-31.7000122070313 	0 	
-31.5999755859375 	0.329899999996996 	-31.5999755859375 	0 	
-31.5 	0.326399999998102 	-31.5 	0 	
-31.3999633789063 	0.319799999997485 	-31.3999633789063 	0 	
-31.2999877929688 	0.317599999998492 	-31.2999877929688 	0 	
-31.2000122070313 	0.315899999997782 	-31.2000122070313 	0 	
-31.0999755859375 	0.313500000000204 	-31.0999755859375 	0 	
-31 	0.307799999998679 	-31 	0 	
-30.8999633789063 	0.308099999998376 	-30.8999633789063 	0 	
-30.7999877929688 	0.310199999999895 	-30.7999877929688 	0 	
-30.7000122070313 	0.30449999999837 	-30.7000122070313 	0 	
-30.5999755859375 	0.308799999998882 	-30.5999755859375 	0 	
-30.5 	0.310300000001007 	-30.5 	0 	
-30.3999633789063 	0.306700000001001 	-30.3999633789063 	0 	
-30.2999877929688 	0.307300000000396 	-30.2999877929688 	0 	
-30.2000122070313 	0.30529999999635 	-30.2000122070313 	0 	
-30.0999755859375 	0.297599999998056 	-30.0999755859375 	0 	
-30 	0.290099999998347 	-30 	0 	
-29.8999633789063 	0.286700000000565 	-29.8999633789063 	0 	
-29.7999877929688 	0.282299999998941 	-29.7999877929688 	0 	
-29.7000122070313 	0.280199999997421 	-29.7000122070313 	0 	
-29.5999755859375 	0.273799999999028 	-29.5999755859375 	0 	
-29.5 	0.270499999998719 	-29.5 	0 	
-29.3999633789063 	0.266799999997602 	-29.3999633789063 	0 	
-29.2999877929688 	0.266899999998714 	-29.2999877929688 	0 	
-29.2000122070313 	0.263699999999517 	-29.2000122070313 	0 	
-29.0999755859375 	0.258399999998801 	-29.0999755859375 	0 	
-29 	0.255600000000413 	-29 	0 	
-28.8999633789063 	0.253799999998591 	-28.8999633789063 	0 	
-28.7999877929688 	0.250899999999092 	-28.7999877929688 	0 	
-28.7000122070313 	0.251099999997678 	-28.7000122070313 	0 	
-28.5999755859375 	0.248499999997875 	-28.5999755859375 	0 	
-28.5 	0.247200000001612 	-28.5 	0 	
-28.3999633789063 	0.247299999999086 	-28.3999633789063 	0 	
-28.2999877929688 	0.249199999998382 	-28.2999877929688 	0 	
-28.2000122070313 	0.247499999997672 	-28.2000122070313 	0 	
-28.0999755859375 	0.245200000001205 	-28.0999755859375 	0 	
-28 	0.241299999997864 	-28 	0 	
-27.8999633789063 	0.240499999999884 	-27.8999633789063 	0 	
-27.7999877929688 	0.239900000000489 	-27.7999877929688 	0 	
-27.7000122070313 	0.23609999999826 	-27.7000122070313 	0 	
-27.5999755859375 	0.237999999997555 	-27.5999755859375 	0 	
-27.5 	0.24029999999766 	-27.5 	0 	
-27.3999633789063 	0.23489999999947 	-27.3999633789063 	0 	
-27.2999877929688 	0.237299999997049 	-27.2999877929688 	0 	
-27.2000122070313 	0.237199999999575 	-27.2000122070313 	0 	
-27.0999755859375 	0.234999999996944 	-27.0999755859375 	0 	
-27 	0.231899999998859 	-27 	0 	
-26.8999633789063 	0.229400000000169 	-26.8999633789063 	0 	
-26.7999877929688 	0.231699999996636 	-26.7999877929688 	0 	
-26.7000122070313 	0.232199999998556 	-26.7000122070313 	0 	
-26.5999755859375 	0.229299999999057 	-26.5999755859375 	0 	
-26.5 	0.225500000000466 	-26.5 	0 	
-26.3999633789063 	0.224199999996927 	-26.3999633789063 	0 	
-26.2999877929688 	0.225499999996828 	-26.2999877929688 	0 	
-26.2000122070313 	0.223200000000361 	-26.2000122070313 	0 	
-26.0999755859375 	0.223399999998946 	-26.0999755859375 	0 	
-26 	0.225500000000466 	-26 	0 	
-25.8999633789063 	0.22269999999844 	-25.8999633789063 	0 	
-25.7999877929688 	0.219499999999243 	-25.7999877929688 	0 	
-25.7000122070313 	0.220699999998033 	-25.7000122070313 	0 	
-25.5999755859375 	0.219799999998941 	-25.5999755859375 	0 	
-25.5 	0.222200000000157 	-25.5 	0 	
-25.3999633789063 	0.220699999998033 	-25.3999633789063 	0 	
-25.2999877929688 	0.221999999997934 	-25.2999877929688 	0 	
-25.2000122070313 	0.223300000001473 	-25.2000122070313 	0 	
-25.0999755859375 	0.220499999999447 	-25.0999755859375 	0 	
-25 	0.219300000000658 	-25 	0 	
-24.8999633789063 	0.215499999998428 	-24.8999633789063 	0 	
-24.7999877929688 	0.217599999999948 	-24.7999877929688 	0 	
-24.7000122070313 	0.215299999999843 	-24.7000122070313 	0 	
-24.5999755859375 	0.212800000001153 	-24.5999755859375 	0 	
-24.5 	0.214799999997922 	-24.5 	0 	
-24.3999633789063 	0.215499999998428 	-24.3999633789063 	0 	
-24.2999877929688 	0.217799999998533 	-24.2999877929688 	0 	
-24.2000122070313 	0.216700000000856 	-24.2000122070313 	0 	
-24.0999755859375 	0.216199999998935 	-24.0999755859375 	0 	
-24 	0.215499999998428 	-24 	0 	
-23.8999633789063 	0.209999999999127 	-23.8999633789063 	0 	
-23.7999877929688 	0.210799999997107 	-23.7999877929688 	0 	
-23.7000122070313 	0.209500000000844 	-23.7000122070313 	0 	
-23.5999755859375 	0.206500000000233 	-23.5999755859375 	0 	
-23.5 	0.204999999998108 	-23.5 	0 	
-23.3999633789063 	0.203999999997905 	-23.3999633789063 	0 	
-23.2999877929688 	0.204899999996996 	-23.2999877929688 	0 	
-23.2000122070313 	0.203499999999622 	-23.2000122070313 	0 	
-23.0999755859375 	0.201099999998405 	-23.0999755859375 	0 	
-23 	0.201499999999214 	-23 	0 	
-22.8999633789063 	0.200600000000122 	-22.8999633789063 	0 	
-22.7999877929688 	0.19709999999759 	-22.7999877929688 	0 	
-22.7000122070313 	0.191399999999703 	-22.7000122070313 	0 	
-22.5999755859375 	0.191799999996874 	-22.5999755859375 	0 	
-22.5 	0.190899999997782 	-22.5 	0 	
-22.3999633789063 	0.196100000001024 	-22.3999633789063 	0 	
-22.2999877929688 	0.195299999999406 	-22.2999877929688 	0 	
-22.2000122070313 	0.193400000000111 	-22.2000122070313 	0 	
-22.0999755859375 	0.190899999997782 	-22.0999755859375 	0 	
-22 	0.187399999998888 	-22 	0 	
-21.8999633789063 	0.187099999999191 	-21.8999633789063 	0 	
-21.7999877929688 	0.185600000000704 	-21.7999877929688 	0 	
-21.7000122070313 	0.181499999998778 	-21.7000122070313 	0 	
-21.5999755859375 	0.178499999998166 	-21.5999755859375 	0 	
-21.5 	0.170999999998457 	-21.5 	0 	
-21.3999633789063 	0.172299999998359 	-21.3999633789063 	0 	
-21.2999877929688 	0.170299999997951 	-21.2999877929688 	0 	
-21.2000122070313 	0.16899999999805 	-21.2000122070313 	0 	
-21.0999755859375 	0.154599999998027 	-21.0999755859375 	0 	
-21 	0.159100000000763 	-21 	0 	
-20.8999633789063 	0.147899999999936 	-20.8999633789063 	0 	
-20.7999877929688 	0.149199999999837 	-20.7999877929688 	0 	
-20.7000122070313 	0.142499999998108 	-20.7000122070313 	0 	
-20.5999755859375 	0.132799999999406 	-20.5999755859375 	0 	
-20.5 	0.123700000000099 	-20.5 	0 	
-20.3999633789063 	0.134000000001834 	-20.3999633789063 	0 	
-20.2999877929688 	0.129100000001927 	-20.2999877929688 	0 	
-20.2000122070313 	0.124400000000605 	-20.2000122070313 	0 	
-20.0999755859375 	0.117899999997462 	-20.0999755859375 	0 	
-20 	0.101699999995617 	-20 	0 	
-19.8999633789063 	0.0858000000007451 	-19.8999633789063 	0 	
-19.7999877929688 	0.137799999996787 	-19.7999877929688 	0 	
-19.7000122070313 	0.2387000000017 	-19.7000122070313 	0 	
-19.5999755859375 	0.323599999999715 	-19.5999755859375 	0 	
-19.5 	0.262199999997392 	-19.5 	0 	
-19.3999633789063 	0.212100000000646 	-19.3999633789063 	0 	
-19.2999877929688 	0.181799999998475 	-19.2999877929688 	0 	
-19.2000122070313 	0.161199999998644 	-19.2000122070313 	0 	
-19.0999755859375 	0.194500000001426 	-19.0999755859375 	0 	
-19 	0.243899999997666 	-19 	0 	
-18.8999633789063 	0.245499999997264 	-18.8999633789063 	0 	
-18.7999877929688 	0.220799999999144 	-18.7999877929688 	0 	
-18.7000122070313 	0.191999999999098 	-18.7000122070313 	0 	
-18.5999755859375 	0.161299999999756 	-18.5999755859375 	0 	
-18.5 	0.177899999998772 	-18.5 	0 	
-18.3999633789063 	0.169599999997445 	-18.3999633789063 	0 	
-18.2999877929688 	0.199499999998807 	-18.2999877929688 	0 	
-18.2000122070313 	0.190699999999197 	-18.2000122070313 	0 	
-18.0999755859375 	0.170099999999366 	-18.0999755859375 	0 	
-18 	0.143899999995483 	-18 	0 	
-17.8999633789063 	0.0986999999986438 	-17.8999633789063 	0 	
-17.7999877929688 	0.113600000000588 	-17.7999877929688 	0 	
-17.7000122070313 	0.137299999998504 	-17.7000122070313 	0 	
-17.5999755859375 	0.155899999997928 	-17.5999755859375 	0 	
-17.5 	0.182999999997264 	-17.5 	0 	
-17.3999633789063 	0.229699999999866 	-17.3999633789063 	0 	
-17.2999877929688 	0.238699999998062 	-17.2999877929688 	0 	
-17.2000122070313 	0.256999999997788 	-17.2000122070313 	0 	
-17.0999755859375 	0.246899999998277 	-17.0999755859375 	0 	
-17 	0.233299999996234 	-17 	0 	
-16.8999633789063 	0.162099999997736 	-16.8999633789063 	0 	
-16.7999877929688 	0.144199999998818 	-16.7999877929688 	0 	
-16.7000122070313 	0.137500000000728 	-16.7000122070313 	0 	
-16.5999755859375 	0.141899999998714 	-16.5999755859375 	0 	
-16.5 	0.146600000000035 	-16.5 	0 	
-16.3999633789063 	0.136800000000221 	-16.3999633789063 	0 	
-16.2999877929688 	0.158900000002177 	-16.2999877929688 	0 	
-16.2000122070313 	0.184199999996054 	-16.2000122070313 	0 	
-16.0999755859375 	0.231399999996938 	-16.0999755859375 	0 	
-16 	0.27889999999752 	-16 	0 	
-15.8999633789063 	0.288999999997031 	-15.8999633789063 	0 	
-15.7999877929688 	0.263999999999214 	-15.7999877929688 	0 	
-15.7000122070313 	0.231700000000274 	-15.7000122070313 	0 	
-15.5999755859375 	0.187699999998586 	-15.5999755859375 	0 	
-15.5 	0.143499999998312 	-15.5 	0 	
-15.3999633789063 	0.0630999999993946 	-15.3999633789063 	0 	
-15.2999877929688 	0.0073999999985972 	-15.2999877929688 	0 	
-15.2000122070313 	-0.0398999999997613 	-15.2000122070313 	0 	
-15.0999755859375 	-0.0689000000020314 	-15.0999755859375 	0 	
-15 	-0.0517000000036205 	-15 	0 	
-14.8999633789063 	-0.00350000000253203 	-14.8999633789063 	0 	
-14.7999877929688 	0.0309999999990396 	-14.7999877929688 	0 	
-14.7000122070313 	0.0512000000016997 	-14.7000122070313 	0 	
-14.5999755859375 	0.0606000000007043 	-14.5999755859375 	0 	
-14.5 	0.0740999999979977 	-14.5 	0 	
-14.3999633789063 	0.0630999999993946 	-14.3999633789063 	0 	
-14.2999877929688 	0.0519999999960419 	-14.2999877929688 	0 	
-14.2000122070313 	0.0529999999962456 	-14.2000122070313 	0 	
-14.0999755859375 	0.0607999999992899 	-14.0999755859375 	0 	
-14 	0.0664999999971769 	-14 	0 	
-13.8999633789063 	0.0728999999992084 	-13.8999633789063 	0 	
-13.7999877929688 	0.0791999999964901 	-13.7999877929688 	0 	
-13.7000122070313 	0.0817999999962922 	-13.7000122070313 	0 	
-13.5999755859375 	0.0717000000004191 	-13.5999755859375 	0 	
-13.5 	0.0506999999961408 	-13.5 	0 	
-13.3999633789063 	0.0289999999986321 	-13.3999633789063 	0 	
-13.2999877929688 	0.0047999999987951 	-13.2999877929688 	0 	
-13.2000122070313 	-0.0152000000016415 	-13.2000122070313 	0 	
-13.0999755859375 	-0.0286999999989348 	-13.0999755859375 	0 	
-13 	-0.0388999999995576 	-13 	0 	
-12.8999633789063 	-0.0390000000006694 	-12.8999633789063 	0 	
-12.7999877929688 	-0.0410000000010768 	-12.7999877929688 	0 	
-12.7000122070313 	-0.0353000000031898 	-12.7000122070313 	0 	
-12.5999755859375 	-0.0190000000002328 	-12.5999755859375 	0 	
-12.5 	-0.00810000000274158 	-12.5 	0 	
-12.3999633789063 	0.00939999999900465 	-12.3999633789063 	0 	
-12.2999877929688 	0.0212999999966996 	-12.2999877929688 	0 	
-12.2000122070313 	0.0194999999985157 	-12.2000122070313 	0 	
-12.0999755859375 	0.0207999999984168 	-12.0999755859375 	0 	
-12 	0.0190999999977066 	-12 	0 	
-11.8999633789063 	0.0190999999977066 	-11.8999633789063 	0 	
-11.7999877929688 	0.0231999999959953 	-11.7999877929688 	0 	
-11.7000122070313 	0.0217999999986205 	-11.7000122070313 	0 	
-11.5999755859375 	0.0180999999975029 	-11.5999755859375 	0 	
-11.5 	-0.0302000000010594 	-11.5 	0 	
-11.3999633789063 	-0.0568999999995867 	-11.3999633789063 	0 	
-11.2999877929688 	-0.0934999999990396 	-11.2999877929688 	0 	
-11.2000122070313 	-0.116500000000087 	-11.2000122070313 	0 	
-11.0999755859375 	-0.132300000001123 	-11.0999755859375 	0 	
-11 	-0.146600000000035 	-11 	0 	
-10.8999633789063 	-0.116000000001804 	-10.8999633789063 	0 	
-10.7999877929688 	-0.0907000000006519 	-10.7999877929688 	0 	
-10.7000122070313 	-0.03610000000117 	-10.7000122070313 	0 	
-10.5999755859375 	0.0152999999954773 	-10.5999755859375 	0 	
-10.5 	0.0193999999974039 	-10.5 	0 	
-10.3999633789063 	0.0187999999980093 	-10.3999633789063 	0 	
-10.2999877929688 	0.00690000000031432 	-10.2999877929688 	0 	
-10.2000122070313 	0.0224000000016531 	-10.2000122070313 	0 	
-10.0999755859375 	0.0392999999967287 	-10.0999755859375 	0 	
-10 	0.0269999999982247 	-10 	0 	
-9.89996337890625 	0.0073999999985972 	-9.89996337890625 	0 	
-9.79998779296875 	0.00519999999960419 	-9.79998779296875 	0 	
-9.70001220703125 	0.00409999999828869 	-9.70001220703125 	0 	
-9.5999755859375 	0.0123999999996158 	-9.5999755859375 	0 	
-9.5 	0.0133999999998196 	-9.5 	0 	
-9.39996337890625 	0.0135000000009313 	-9.39996337890625 	0 	
-9.29998779296875 	0.0149999999957799 	-9.29998779296875 	0 	
-9.20001220703125 	0.0224999999991269 	-9.20001220703125 	0 	
-9.0999755859375 	0.02639999999883 	-9.0999755859375 	0 	
-9 	0.0213000000003376 	-9 	0 	
-8.89996337890625 	0.0260000000016589 	-8.89996337890625 	0 	
-8.79998779296875 	0.0198999999993248 	-8.79998779296875 	0 	
-8.70001220703125 	0.0205999999961932 	-8.70001220703125 	0 	
-8.5999755859375 	0.0286999999989348 	-8.5999755859375 	0 	
-8.5 	0.0243999999984226 	-8.5 	0 	
-8.39996337890625 	0.0199999999967986 	-8.39996337890625 	0 	
-8.29998779296875 	0.0158000000010361 	-8.29998779296875 	0 	
-8.20001220703125 	0.0176999999966938 	-8.20001220703125 	0 	
-8.0999755859375 	0.0184000000008382 	-8.0999755859375 	0 	
-8 	0.0217999999986205 	-8 	0 	
-7.89996337890625 	0.01759999999922 	-7.89996337890625 	0 	
-7.79998779296875 	0.019799999998213 	-7.79998779296875 	0 	
-7.70001220703125 	0.0165999999990163 	-7.70001220703125 	0 	
-7.5999755859375 	0.0253999999986263 	-7.5999755859375 	0 	
-7.5 	0.0266000000010536 	-7.5 	0 	
-7.39996337890625 	0.0242999999973108 	-7.39996337890625 	0 	
-7.29998779296875 	0.0244000000020606 	-7.29998779296875 	0 	
-7.20001220703125 	0.0214999999989232 	-7.20001220703125 	0 	
-7.0999755859375 	0.0200000000004366 	-7.0999755859375 	0 	
-7 	0.0182999999997264 	-7 	0 	
-6.89996337890625 	0.0161999999982072 	-6.89996337890625 	0 	
-6.79998779296875 	0.0145999999986088 	-6.79998779296875 	0 	
-6.70001220703125 	0.0120999999999185 	-6.70001220703125 	0 	
-6.5999755859375 	0.00999999999839929 	-6.5999755859375 	0 	
-6.5 	0.00879999999961001 	-6.5 	0 	
-6.39996337890625 	0.00860000000102445 	-6.39996337890625 	0 	
-6.29998779296875 	0.0088999999970838 	-6.29998779296875 	0 	
-6.20001220703125 	0.0092000000004191 	-6.20001220703125 	0 	
-6.0999755859375 	0.0105999999977939 	-6.0999755859375 	0 	
-6 	0.0106999999989057 	-6 	0 	
-5.89996337890625 	0.0116999999991094 	-5.89996337890625 	0 	
-5.79998779296875 	0.0111999999971886 	-5.79998779296875 	0 	
-5.70001220703125 	0.0095999999975902 	-5.70001220703125 	0 	
-5.5999755859375 	0.00619999999616994 	-5.5999755859375 	0 	
-5.5 	0.0073999999985972 	-5.5 	0 	
-5.39996337890625 	0.0047999999987951 	-5.39996337890625 	0 	
-5.29998779296875 	0.00409999999828869 	-5.29998779296875 	0 	
-5.20001220703125 	0.00169999999707215 	-5.20001220703125 	0 	
-5.0999755859375 	0.00270000000091386 	-5.0999755859375 	0 	
-5 	0 	-5 	0 	
-4.89996337890625 	-0.000700000000506407 	-4.89996337890625 	0 	
-4.79998779296875 	-0.00289999999949941 	-4.79998779296875 	0 	
-4.70001220703125 	-0.00500000000101863 	-4.70001220703125 	0 	
-4.5999755859375 	-0.00700000000142609 	-4.5999755859375 	0 	
-4.5 	-0.00900000000183354 	-4.5 	0 	
-4.39996337890625 	-0.006600000000617 	-4.39996337890625 	0 	
-4.29998779296875 	-0.00530000000071595 	-4.29998779296875 	0 	
-4.20001220703125 	-0.00639999999839347 	-4.20001220703125 	0 	
-4.0999755859375 	-0.0092000000004191 	-4.0999755859375 	0 	
-4 	-0.0115000000005239 	-4 	0 	
-3.89996337890625 	-0.0100999999995111 	-3.89996337890625 	0 	
-3.79998779296875 	-0.00920000000405707 	-3.79998779296875 	0 	
-3.70001220703125 	-0.00170000000071013 	-3.70001220703125 	0 	
-3.5999755859375 	-0.00280000000202563 	-3.5999755859375 	0 	
-3.5 	-0.00349999999889405 	-3.5 	0 	
-3.39996337890625 	-0.00650000000314321 	-3.39996337890625 	0 	
-3.29998779296875 	-0.00389999999970314 	-3.29998779296875 	0 	
-3.20001220703125 	-0.00600000000122236 	-3.20001220703125 	0 	
-3.0999755859375 	-0.00380000000222935 	-3.0999755859375 	0 	
-3 	-0.0136000000020431 	-3 	0 	
-2.89996337890625 	-0.0164000000004307 	-2.89996337890625 	0 	
-2.79998779296875 	-0.015400000003865 	-2.79998779296875 	0 	
-2.70001220703125 	-0.0169999999998254 	-2.70001220703125 	0 	
-2.5999755859375 	-0.0146999999997206 	-2.5999755859375 	0 	
-2.5 	-0.0142000000014377 	-2.5 	0 	
-2.39996337890625 	-0.0137000000031549 	-2.39996337890625 	0 	
-2.29998779296875 	-0.0137000000031549 	-2.29998779296875 	0 	
-2.20001220703125 	-0.00600000000122236 	-2.20001220703125 	0 	
-2.0999755859375 	0.00089999999909196 	-2.0999755859375 	0 	
-2 	0.00109999999767751 	-2 	0 	
-1.89996337890625 	-0.0113000000019383 	-1.89996337890625 	0 	
-1.79998779296875 	-0.00620000000344589 	-1.79998779296875 	0 	
-1.70001220703125 	0.00110000000131549 	-1.70001220703125 	0 	
-1.5999755859375 	-0.00590000000011059 	-1.5999755859375 	0 	
-1.5 	0.00729999999748543 	-1.5 	0 	
-1.39996337890625 	0.00729999999748543 	-1.39996337890625 	0 	
-1.29998779296875 	0.00369999999747961 	-1.29998779296875 	0 	
-1.20001220703125 	-0.00570000000152504 	-1.20001220703125 	0 	
-1.0999755859375 	-0.00700000000142609 	-1.0999755859375 	0 	
-1 	-0.00700000000142609 	-1 	0 	
-0.89996337890625 	-0.00700000000142609 	-0.89996337890625 	0 	
-0.79998779296875 	-0.00700000000142609 	-0.79998779296875 	0 	
-0.70001220703125 	 	-0.70001220703125 	0 	
-0.5999755859375 	 	-0.5999755859375 	0 	
-0.5 	 	-0.5 	0 	
-0.39996337890625 	 	-0.39996337890625 	0 	
-0.29998779296875 	 	-0.29998779296875 	0 	
-0.20001220703125 	 	-0.20001220703125 	0 	
-0.0999755859375 	 	-0.0999755859375 	0 	
0 	 	0 	0 	
0.10003662109375 	 	0.10003662109375 	0 	
0.20001220703125 	 	0.20001220703125 	0.065933934824806 	
0.29998779296875 	 	0.29998779296875 	0.0817800212299649 	
0.4000244140625 	 	0.4000244140625 	0.0855894039255524 	
0.5 	 	0.5 	0.0865038749815182 	
0.60003662109375 	 	0.60003662109375 	0.0867237140780207 	
0.70001220703125 	 	0.70001220703125 	0.0867764874947884 	
0.79998779296875 	 	0.79998779296875 	0.0867891717246286 	
0.9000244140625 	 	0.9000244140625 	0.0867922206040555 	
1 	 	1 	0.0867929530666554 	
1.10003662109375 	 	1.10003662109375 	0.0867931292027391 	
1.20001220703125 	 	1.20001220703125 	0.0867931711838516 	
1.29998779296875 	 	1.29998779296875 	0.0867931815435661 	
1.4000244140625 	 	1.4000244140625 	0.0867931820908693 	
1.5 	 	1.5 	0.0867931821529277 	
1.60003662109375 	 	1.60003662109375 	0.0867931842374853 	
1.70001220703125 	 	1.70001220703125 	0.0867931852598227 	
1.79998779296875 	5.02889999999752 	1.79998779296875 	0.086793184897298 	
1.9000244140625 	5.01870000000054 	1.9000244140625 	0.0867931850937425 	
2 	5.0125999999982 	2 	0.0867931853529187 	
2.10003662109375 	4.96749999999884 	2.10003662109375 	0.0867931851693797 	
2.20001220703125 	4.93339999999807 	2.20001220703125 	0.0867931851254125 	
2.29998779296875 	4.93339999999807 	2.29998779296875 	0.0867931852365851 	
2.4000244140625 	4.93339999999807 	2.4000244140625 	0.0867931853395898 	
2.5 	4.93339999999807 	2.5 	0.0867931853746037 	
2.60003662109375 	4.97079999999914 	2.60003662109375 	0.0867931853276281 	
2.70001220703125 	4.97019999999975 	2.70001220703125 	0.0867931852522061 	
2.79998779296875 	4.97209999999905 	2.79998779296875 	0.0867931852058087 	
2.9000244140625 	4.95309999999881 	2.9000244140625 	0.0867931852092805 	
3 	4.95569999999861 	3 	0.0867931852939588 	
3.10003662109375 	4.92529999999897 	3.10003662109375 	0.0867931854106335 	
3.20001220703125 	4.93699999999808 	3.20001220703125 	0.0867931853968428 	
3.29998779296875 	4.90849999999773 	3.29998779296875 	0.0867931856166447 	
3.4000244140625 	4.89890000000014 	3.4000244140625 	0.0867931859474825 	
3.5 	4.90469999999914 	3.5 	0.0867931860734378 	
3.60003662109375 	4.92479999999705 	3.60003662109375 	0.0867931858048548 	
3.70001220703125 	4.91649999999936 	3.70001220703125 	0.0867931860611801 	
3.79998779296875 	4.90059999999721 	3.79998779296875 	0.0867931862108481 	
3.9000244140625 	4.90539999999964 	3.9000244140625 	0.0867931860129974 	
4 	4.91489999999612 	4 	0.0867931857201087 	
4.10003662109375 	4.90619999999763 	4.10003662109375 	0.0867931856340689 	
4.20001220703125 	4.91649999999936 	4.20001220703125 	0.0867931855114821 	
4.29998779296875 	4.91920000000027 	4.29998779296875 	0.0867931853406261 	
4.4000244140625 	4.93339999999807 	4.4000244140625 	0.0867931852133613 	
4.5 	4.92589999999836 	4.5 	0.0867931851229862 	
4.60003662109375 	4.90099999999802 	4.60003662109375 	0.0867931850968931 	
4.70001220703125 	4.89939999999842 	4.70001220703125 	0.0867931851364458 	
4.79998779296875 	4.89890000000014 	4.79998779296875 	0.086793185170348 	
4.9000244140625 	4.90620000000126 	4.9000244140625 	0.0867931852117414 	
5 	4.91549999999916 	5 	0.0867931852261628 	
5.10003662109375 	4.91820000000007 	5.10003662109375 	0.0867931852465136 	
5.20001220703125 	4.91539999999804 	5.20001220703125 	0.0867931852722299 	
5.29998779296875 	4.90989999999874 	5.29998779296875 	0.0867931852717807 	
5.4000244140625 	4.91110000000117 	5.4000244140625 	0.0867931852340032 	
5.5 	4.90459999999803 	5.5 	0.0867931852024756 	
5.60003662109375 	4.90069999999832 	5.60003662109375 	0.0867931851704269 	
5.70001220703125 	4.89189999999871 	5.70001220703125 	0.0867931851578156 	
5.79998779296875 	4.89120000000185 	5.79998779296875 	0.0867931851604685 	
5.9000244140625 	4.88099999999758 	5.9000244140625 	0.0867931851504951 	
6 	4.87509999999747 	6 	0.0867931851522389 	
6.10003662109375 	4.87289999999848 	6.10003662109375 	0.0867931851693586 	
6.20001220703125 	4.87569999999687 	6.20001220703125 	0.0867931851898695 	
6.29998779296875 	4.8788999999997 	6.29998779296875 	0.0867931852091408 	
6.4000244140625 	4.87710000000152 	6.4000244140625 	0.0867931852185022 	
6.5 	4.88169999999809 	6.5 	0.0867931852163724 	
6.60003662109375 	4.88739999999962 	6.60003662109375 	0.0867931852490497 	
6.70001220703125 	4.88509999999587 	6.70001220703125 	0.0867931852868797 	
6.79998779296875 	4.87750000000233 	6.79998779296875 	0.0867931853213229 	
6.9000244140625 	4.86779999999999 	6.9000244140625 	0.0867931853383021 	
7 	4.86119999999937 	7 	0.0867931853171476 	
7.10003662109375 	4.85819999999876 	7.10003662109375 	0.0867931852751082 	
7.20001220703125 	4.84319999999934 	7.20001220703125 	0.0867931853103685 	
7.29998779296875 	4.84409999999843 	7.29998779296875 	0.0867931853459766 	
7.4000244140625 	4.83740000000034 	7.4000244140625 	0.0867931853722363 	
7.5 	4.82860000000073 	7.5 	0.0867931853748369 	
7.60003662109375 	4.8234999999986 	7.60003662109375 	0.0867931853342415 	
7.70001220703125 	4.82439999999769 	7.70001220703125 	0.0867931852789815 	
7.79998779296875 	4.82070000000022 	7.79998779296875 	0.086793185286531 	
7.9000244140625 	4.80999999999767 	7.9000244140625 	0.0867931852924003 	
8 	4.79879999999685 	8 	0.0867931852929568 	
8.10003662109375 	4.79669999999896 	8.10003662109375 	0.0867931852831128 	
8.20001220703125 	4.79709999999977 	8.20001220703125 	0.0867931852561477 	
8.29998779296875 	4.79479999999967 	8.29998779296875 	0.0867931852268432 	
8.4000244140625 	4.78700000000026 	8.4000244140625 	0.086793185218013 	
8.5 	4.78419999999824 	8.5 	0.0867931852099992 	
8.60003662109375 	4.78039999999964 	8.60003662109375 	0.0867931852031938 	
8.70001220703125 	4.77560000000085 	8.70001220703125 	0.0867931851979899 	
8.79998779296875 	4.77379999999903 	8.79998779296875 	0.0867931851947413 	
8.9000244140625 	4.76659999999902 	8.9000244140625 	0.0867931851907758 	
9 	4.7612999999983 	9 	0.0867931851847781 	
9.10003662109375 	4.75699999999779 	9.10003662109375 	0.0867931851790485 	
9.20001220703125 	4.75150000000212 	9.20001220703125 	0.0867931851737416 	
9.29998779296875 	4.74539999999979 	9.29998779296875 	0.086793185169032 	
9.4000244140625 	4.74179999999978 	9.4000244140625 	0.0867931851651268 	
9.5 	4.73669999999765 	9.5 	0.0867931851622711 	
9.60003662109375 	4.73549999999886 	9.60003662109375 	0.0867931851607328 	
9.70001220703125 	4.73400000000038 	9.70001220703125 	0.0867931851608159 	
9.79998779296875 	4.73069999999643 	9.79998779296875 	0.0867931851628519 	
9.9000244140625 	4.72750000000087 	9.9000244140625 	0.0867931851672081 	
10 	4.72769999999946 	10 	0.0867931851742741 	
10.1000366210938 	4.72569999999905 	10.1000366210938 	0.0867931851844847 	
10.2000122070313 	4.72239999999874 	10.2000122070313 	0.0867931851848271 	
10.2999877929688 	4.71640000000116 	10.2999877929688 	0.0867931851848173 	
10.4000244140625 	4.7081999999973 	10.4000244140625 	0.0867931851847949 	
10.5 	4.7071999999971 	10.5 	0.0867931851847787 	
10.6000366210938 	4.69949999999881 	10.6000366210938 	0.0867931851847965 	
10.7000122070313 	4.69189999999799 	10.7000122070313 	0.0867931851848859 	
10.7999877929688 	4.6851999999999 	10.7999877929688 	0.0867931851850934 	
10.9000244140625 	4.68219999999928 	10.9000244140625 	0.0867931851854754 	
11 	4.67759999999907 	11 	0.086793185186097 	
11.1000366210938 	4.67099999999846 	11.1000366210938 	0.0867931851870338 	
11.2000122070313 	4.66310000000158 	11.2000122070313 	0.086793185188369 	
11.2999877929688 	4.65929999999935 	11.2999877929688 	0.0867931851901965 	
11.4000244140625 	4.65499999999884 	11.4000244140625 	0.0867931851914668 	
11.5 	4.65390000000116 	11.5 	0.0867931851912891 	
11.6000366210938 	4.65290000000095 	11.6000366210938 	0.0867931851910453 	
11.7000122070313 	4.64709999999832 	11.7000122070313 	0.0867931851907588 	
11.7999877929688 	4.64280000000144 	11.7999877929688 	0.086793185190457 	
11.9000244140625 	4.63779999999679 	11.9000244140625 	0.0867931851901713 	
12 	4.63259999999718 	12 	0.0867931851899378 	
12.1000366210938 	4.62809999999808 	12.1000366210938 	0.0867931851897962 	
12.2000122070313 	4.6278999999995 	12.2000122070313 	0.0867931851897909 	
12.2999877929688 	4.63230000000112 	12.2999877929688 	0.0867931851899701 	
12.4000244140625 	4.63069999999789 	12.4000244140625 	0.0867931851903866 	
12.5 	4.62700000000041 	12.5 	0.0867931851910965 	
12.6000366210938 	4.62909999999829 	12.6000366210938 	0.0867931851921616 	
12.7000122070313 	4.62789999999586 	12.7000122070313 	0.0867931851909193 	
12.7999877929688 	4.62480000000141 	12.7999877929688 	0.0867931851891046 	
12.9000244140625 	4.6211000000003 	12.9000244140625 	0.0867931851870942 	
13 	4.62049999999726 	13 	0.0867931851849193 	
13.1000366210938 	4.61779999999999 	13.1000366210938 	0.0867931851826108 	
13.2000122070313 	4.61809999999969 	13.2000122070313 	0.0867931851802096 	
13.2999877929688 	4.61679999999978 	13.2999877929688 	0.0867931851777569 	
13.4000244140625 	4.60939999999755 	13.4000244140625 	0.0867931851752986 	
13.5 	4.60549999999785 	13.5 	0.0867931851728896 	
13.6000366210938 	4.60549999999785 	13.6000366210938 	0.0867931851705835 	
13.7000122070313 	4.60229999999865 	13.7000122070313 	0.0867931851684443 	
13.7999877929688 	4.59799999999814 	13.7999877929688 	0.0867931851665363 	
13.9000244140625 	4.59679999999935 	13.9000244140625 	0.0867931851649289 	
14 	4.59739999999874 	14 	0.086793185163699 	
14.1000366210938 	4.59319999999934 	14.1000366210938 	0.0867931851629249 	
14.2000122070313 	4.59410000000207 	14.2000122070313 	0.0867931851626917 	
14.2999877929688 	4.59729999999763 	14.2999877929688 	0.0867931851630875 	
14.4000244140625 	4.59569999999803 	14.4000244140625 	0.0867931851642067 	
14.5 	4.59100000000035 	14.5 	0.0867931851661459 	
14.6000366210938 	4.59249999999884 	14.6000366210938 	0.0867931851690103 	
14.7000122070313 	4.59059999999954 	14.7000122070313 	0.0867931851729037 	
14.7999877929688 	4.58729999999923 	14.7999877929688 	0.0867931851779393 	
14.9000244140625 	4.58889999999883 	14.9000244140625 	0.0867931851842378 	
15 	4.58710000000065 	15 	0.0867931851846888 	
15.1000366210938 	4.5840999999964 	15.1000366210938 	0.0867931851779885 	
15.2000122070313 	4.58519999999771 	15.2000122070313 	0.0867931851708348 	
15.2999877929688 	4.58439999999973 	15.2999877929688 	0.0867931851632618 	
15.4000244140625 	4.58139999999912 	15.4000244140625 	0.086793185155308 	
15.5 	4.57949999999983 	15.5 	0.0867931851470309 	
15.6000366210938 	4.58169999999882 	15.6000366210938 	0.0867931851384732 	
15.7000122070313 	4.57969999999841 	15.7000122070313 	0.0867931851297028 	
15.7999877929688 	4.5766999999978 	15.7999877929688 	0.0867931851207768 	
15.9000244140625 	4.57229999999981 	15.9000244140625 	0.0867931851117566 	
16 	4.57029999999941 	16 	0.0867931851027251 	
16.1000366210938 	4.56749999999738 	16.1000366210938 	0.0867931850937479 	
16.2000122070313 	4.5656999999992 	16.2000122070313 	0.0867931850849172 	
16.2999877929688 	4.5650999999998 	16.2999877929688 	0.0867931850763137 	
16.4000244140625 	4.56189999999697 	16.4000244140625 	0.086793185068023 	
16.5 	4.55939999999828 	16.5 	0.0867931850601511 	
16.6000366210938 	4.55639999999767 	16.6000366210938 	0.0867931850527887 	
16.7000122070313 	4.55400000000009 	16.7000122070313 	0.08679318504605 	
16.7999877929688 	4.55339999999705 	16.7999877929688 	0.0867931850400403 	
16.9000244140625 	4.55289999999877 	16.9000244140625 	0.0867931850348712 	
17 	4.55359999999928 	17 	0.0867931850306686 	
17.1000366210938 	4.55340000000069 	17.1000366210938 	0.0867931850275517 	
17.2000122070313 	4.54799999999886 	17.2000122070313 	0.0867931850256533 	
17.2999877929688 	4.54609999999957 	17.2999877929688 	0.0867931850251047 	
17.4000244140625 	4.54620000000068 	17.4000244140625 	0.0867931850260457 	
17.5 	4.54179999999542 	17.5 	0.0867931850286182 	
17.6000366210938 	4.53640000000087 	17.6000366210938 	0.0867931850329737 	
17.7000122070313 	4.53369999999995 	17.7000122070313 	0.0867931850392597 	
17.7999877929688 	4.53059999999823 	17.7999877929688 	0.0867931850476357 	
17.9000244140625 	4.52530000000115 	17.9000244140625 	0.0867931850582714 	
18 	4.52609999999913 	18 	0.0867931850713208 	
18.1000366210938 	4.52669999999853 	18.1000366210938 	0.086793185086972 	
18.2000122070313 	4.52660000000105 	18.2000122070313 	0.0867931851053824 	
18.2999877929688 	4.52639999999883 	18.2999877929688 	0.0867931851267423 	
18.4000244140625 	4.52299999999741 	18.4000244140625 	0.0867931851512537 	
18.5 	4.52690000000075 	18.5 	0.0867931851697003 	
18.6000366210938 	4.52629999999772 	18.6000366210938 	0.0867931851529732 	
18.7000122070313 	4.52799999999843 	18.7000122070313 	0.0867931851352179 	
18.7999877929688 	4.52509999999893 	18.7999877929688 	0.0867931851164692 	
18.9000244140625 	4.52590000000055 	18.9000244140625 	0.0867931850967681 	
19 	4.52529999999751 	19 	0.0867931850762006 	
19.1000366210938 	4.53019999999742 	19.1000366210938 	0.0867931850548124 	
19.2000122070313 	4.52899999999863 	19.2000122070313 	0.0867931850327097 	
19.2999877929688 	4.52820000000065 	19.2999877929688 	0.0867931850099695 	
19.4000244140625 	4.52849999999671 	19.4000244140625 	0.086793184986677 	
19.5 	4.52539999999863 	19.5 	0.0867931849629703 	
19.6000366210938 	4.52529999999751 	19.6000366210938 	0.0867931849389411 	
19.7000122070313 	4.52239999999802 	19.7000122070313 	0.0867931849147496 	
19.7999877929688 	4.52030000000013 	19.7999877929688 	0.0867931848905237 	
19.9000244140625 	4.51899999999659 	19.9000244140625 	0.0867931848664023 	
20 	4.5167999999976 	20 	0.0867931848425802 	
20.1000366210938 	4.51819999999861 	20.1000366210938 	0.0867931848192061 	
20.2000122070313 	4.51810000000114 	20.2000122070313 	0.0867931847964983 	
20.2999877929688 	4.51829999999609 	20.2999877929688 	0.086793184774645 	
20.4000244140625 	4.51379999999699 	20.4000244140625 	0.0867931847538491 	
20.5 	4.5128999999979 	20.5 	0.0867931847343648 	
20.6000366210938 	4.50889999999708 	20.6000366210938 	0.0867931847164111 	
20.7000122070313 	4.51199999999881 	20.7000122070313 	0.0867931847002661 	
20.7999877929688 	4.51069999999891 	20.7999877929688 	0.0867931846861888 	
20.9000244140625 	4.509399999999 	20.9000244140625 	0.0867931846744576 	
21 	4.5080999999991 	21 	0.0867931846653869 	
21.1000366210938 	4.50499999999738 	21.1000366210938 	0.0867931846592808 	
21.2000122070313 	4.50440000000162 	21.2000122070313 	0.0867931846564771 	
21.2999877929688 	4.5038999999997 	21.2999877929688 	0.0867931846573174 	
21.4000244140625 	4.5015999999996 	21.4000244140625 	0.0867931846621681 	
21.5 	4.49909999999727 	21.5 	0.0867931846714017 	
21.6000366210938 	4.49619999999777 	21.6000366210938 	0.0867931846854253 	
21.7000122070313 	4.49309999999605 	21.7000122070313 	0.0867931847046341 	
21.7999877929688 	4.49179999999978 	21.7999877929688 	0.0867931847294646 	
21.9000244140625 	4.48899999999776 	21.9000244140625 	0.0867931847603846 	
22 	4.48730000000069 	22 	0.0867931847978215 	
22.1000366210938 	4.48699999999735 	22.1000366210938 	0.0867931848423049 	
22.2000122070313 	4.49009999999907 	22.2000122070313 	0.0867931848942823 	
22.2999877929688 	4.49119999999675 	22.2999877929688 	0.0867931849542992 	
22.4000244140625 	4.49409999999989 	22.4000244140625 	0.0867931850229399 	
22.5 	4.49679999999717 	22.5 	0.0867931851006799 	
22.6000366210938 	4.49819999999818 	22.6000366210938 	0.0867931851229821 	
22.7000122070313 	4.5002999999997 	22.7000122070313 	0.0867931851067127 	
22.7999877929688 	4.50119999999879 	22.7999877929688 	0.0867931850898658 	
22.9000244140625 	4.49750000000131 	22.9000244140625 	0.0867931850724856 	
23 	4.4913000000015 	23 	0.0867931850546533 	
23.1000366210938 	4.48739999999816 	23.1000366210938 	0.086793185036413 	
23.2000122070313 	4.48519999999553 	23.2000122070313 	0.0867931850178583 	
23.2999877929688 	4.48779999999897 	23.2999877929688 	0.0867931849990554 	
23.4000244140625 	4.48500000000058 	23.4000244140625 	0.0867931849800759 	
23.5 	4.47959999999875 	23.5 	0.0867931849610321 	
23.6000366210938 	4.47729999999865 	23.6000366210938 	0.0867931849419964 	
23.7000122070313 	4.48010000000068 	23.7000122070313 	0.0867931849230939 	
23.7999877929688 	4.48099999999977 	23.7999877929688 	0.0867931849044213 	
23.9000244140625 	4.47899999999936 	23.9000244140625 	0.0867931848860827 	
24 	4.47279999999955 	24 	0.0867931848682223 	
24.1000366210938 	4.47119999999995 	24.1000366210938 	0.0867931848509472 	
24.2000122070313 	4.46979999999894 	24.2000122070313 	0.0867931848344146 	
24.2999877929688 	4.47239999999874 	24.2999877929688 	0.0867931848187567 	
24.4000244140625 	4.47350000000006 	24.4000244140625 	0.0867931848041155 	
24.5 	4.47530000000188 	24.5 	0.0867931847906669 	
24.6000366210938 	4.47319999999672 	24.6000366210938 	0.0867931847785605 	
24.7000122070313 	4.47379999999976 	24.7000122070313 	0.0867931847679844 	
24.7999877929688 	4.47549999999683 	24.7999877929688 	0.0867931847591124 	
24.9000244140625 	4.47769999999946 	24.9000244140625 	0.0867931847521303 	
25 	4.47449999999662 	25 	0.0867931847472443 	
25.1000366210938 	4.47539999999935 	25.1000366210938 	0.086793184744655 	
25.2000122070313 	4.47450000000026 	25.2000122070313 	0.0867931847445801 	
25.2999877929688 	4.47449999999662 	25.2999877929688 	0.0867931847472407 	
25.4000244140625 	4.47580000000016 	25.4000244140625 	0.0867931847528731 	
25.5 	4.47499999999854 	25.5 	0.0867931847617117 	
25.6000366210938 	4.47649999999703 	25.6000366210938 	0.0867931847740176 	
25.7000122070313 	4.47329999999783 	25.7000122070313 	0.0867931847900351 	
25.7999877929688 	4.47460000000137 	25.7999877929688 	0.0867931848100394 	
25.9000244140625 	4.47839999999633 	25.9000244140625 	0.0867931848343248 	
26 	4.47999999999956 	26 	0.0867931848631496 	
26.1000366210938 	4.47929999999542 	26.1000366210938 	0.086793184896847 	
26.2000122070313 	4.48150000000169 	26.2000122070313 	0.0867931849356836 	
26.2999877929688 	4.48340000000098 	26.2999877929688 	0.0867931849799959 	
26.4000244140625 	4.48049999999785 	26.4000244140625 	0.0867931850301443 	
26.5 	4.47969999999987 	26.5 	0.0867931850864058 	
26.6000366210938 	4.48019999999815 	26.6000366210938 	0.0867931851469823 	
26.7000122070313 	4.47829999999885 	26.7000122070313 	0.086793185145481 	
26.7999877929688 	4.48020000000179 	26.7999877929688 	0.0867931851439039 	
26.9000244140625 	4.47910000000047 	26.9000244140625 	0.0867931851422571 	
27 	4.47710000000006 	27 	0.0867931851405507 	
27.1000366210938 	4.47400000000198 	27.1000366210938 	0.0867931851387914 	
27.2000122070313 	4.47249999999985 	27.2000122070313 	0.0867931851369909 	
27.2999877929688 	4.47209999999905 	27.2999877929688 	0.0867931851351585 	
27.4000244140625 	4.46949999999561 	27.4000244140625 	0.0867931851333041 	
27.5 	4.46769999999742 	27.5 	0.0867931851314421 	
27.6000366210938 	4.46410000000105 	27.6000366210938 	0.0867931851295832 	
27.7000122070313 	4.464299999996 	27.7000122070313 	0.0867931851277434 	
27.7999877929688 	4.46039999999994 	27.7999877929688 	0.0867931851259361 	
27.9000244140625 	4.45910000000003 	27.9000244140625 	0.0867931851241761 	
28 	4.46010000000024 	28 	0.0867931851224818 	
28.1000366210938 	4.45799999999872 	28.1000366210938 	0.0867931851208689 	
28.2000122070313 	4.45700000000215 	28.2000122070313 	0.0867931851193577 	
28.2999877929688 	4.45550000000003 	28.2999877929688 	0.0867931851179667 	
28.4000244140625 	4.45030000000042 	28.4000244140625 	0.0867931851167156 	
28.5 	4.4471999999987 	28.5 	0.0867931851156276 	
28.6000366210938 	4.44770000000062 	28.6000366210938 	0.0867931851147239 	
28.7000122070313 	4.44559999999547 	28.7000122070313 	0.0867931851140293 	
28.7999877929688 	4.4455999999991 	28.7999877929688 	0.0867931851135679 	
28.9000244140625 	4.446899999999 	28.9000244140625 	0.0867931851133655 	
29 	4.44770000000062 	29 	0.0867931851134494 	
29.1000366210938 	4.44740000000093 	29.1000366210938 	0.0867931851138478 	
29.2000122070313 	4.44680000000153 	29.2000122070313 	0.0867931851145896 	
29.2999877929688 	4.44319999999789 	29.2999877929688 	0.0867931851157054 	
29.4000244140625 	4.43989999999758 	29.4000244140625 	0.0867931851172279 	
29.5 	4.43769999999859 	29.5 	0.0867931851191884 	
29.6000366210938 	4.43400000000111 	29.6000366210938 	0.0867931851216233 	
29.7000122070313 	4.43049999999857 	29.7000122070313 	0.0867931851245651 	
29.7999877929688 	4.42619999999806 	29.7999877929688 	0.086793185128052 	
29.9000244140625 	4.42339999999967 	29.9000244140625 	0.0867931851321245 	
30 	4.42519999999786 	30 	0.0867931851368172 	
30.1000366210938 	4.42580000000089 	30.1000366210938 	0.0867931851421764 	
30.2000122070313 	4.42469999999958 	30.2000122070313 	0.0867931851482377 	
30.2999877929688 	4.41869999999835 	30.2999877929688 	0.0867931851550476 	
30.4000244140625 	4.41659999999683 	30.4000244140625 	0.0867931851626558 	
30.5 	4.41300000000047 	30.5 	0.0867931851710992 	
30.6000366210938 	4.41229999999996 	30.6000366210938 	0.086793185180436 	
30.7000122070313 	4.41089999999895 	30.7000122070313 	0.0867931851863113 	
30.7999877929688 	4.40999999999985 	30.7999877929688 	0.0867931851869651 	
30.9000244140625 	4.41309999999794 	30.9000244140625 	0.0867931851875934 	
31 	4.41199999999662 	31 	0.086793185188195 	
31.1000366210938 	4.41070000000036 	31.1000366210938 	0.0867931851887703 	
31.2000122070313 	4.40659999999843 	31.2000122070313 	0.0867931851893184 	
31.2999877929688 	4.40069999999832 	31.2999877929688 	0.0867931851898392 	
31.4000244140625 	4.40299999999843 	31.4000244140625 	0.0867931851903328 	
31.5 	4.40220000000045 	31.5 	0.0867931851907985 	
31.6000366210938 	4.39829999999711 	31.6000366210938 	0.0867931851912368 	
31.7000122070313 	4.39540000000125 	31.7000122070313 	0.086793185191647 	
31.7999877929688 	4.39640000000145 	31.7999877929688 	0.0867931851920294 	
31.9000244140625 	4.39400000000023 	31.9000244140625 	0.0867931851923844 	
32 	4.39699999999721 	32 	0.0867931851927114 	
32.1000366210938 	4.39879999999903 	32.1000366210938 	0.0867931851930113 	
32.2000122070313 	4.39459999999963 	32.2000122070313 	0.0867931851932837 	
32.2999877929688 	4.39099999999598 	32.2999877929688 	0.0867931851935292 	
32.4000244140625 	4.38829999999871 	32.4000244140625 	0.0867931851937483 	
32.5 	4.38719999999739 	32.5 	0.0867931851939412 	
32.6000366210938 	4.38750000000073 	32.6000366210938 	0.0867931851941085 	
32.7000122070313 	4.38349999999991 	32.7000122070313 	0.0867931851942507 	
32.7999877929688 	4.38090000000011 	32.7999877929688 	0.0867931851943684 	
32.9000244140625 	4.37860000000001 	32.9000244140625 	0.0867931851944625 	
33 	4.37849999999889 	33 	0.0867931851945336 	
33.1000366210938 	4.37519999999859 	33.1000366210938 	0.0867931851945825 	
33.2000122070313 	4.37440000000061 	33.2000122070313 	0.0867931851946103 	
33.2999877929688 	4.3721000000005 	33.2999877929688 	0.0867931851946179 	
33.4000244140625 	4.37120000000141 	33.4000244140625 	0.0867931851946063 	
33.5 	4.37049999999726 	33.5 	0.0867931851945768 	
33.6000366210938 	4.365600000001 	33.6000366210938 	0.0867931851945305 	
33.7000122070313 	4.36669999999867 	33.7000122070313 	0.0867931851944688 	
33.7999877929688 	4.36559999999736 	33.7999877929688 	0.0867931851943931 	
33.9000244140625 	4.36260000000038 	33.9000244140625 	0.0867931851943047 	
34 	4.36239999999816 	34 	0.0867931851942055 	
34.1000366210938 	4.36000000000058 	34.1000366210938 	0.0867931851940968 	
34.2000122070313 	4.35839999999735 	34.2000122070313 	0.0867931851939806 	
34.2999877929688 	4.35989999999947 	34.2999877929688 	0.0867931851938586 	
34.4000244140625 	4.35910000000149 	34.4000244140625 	0.0867931851937327 	
34.5 	4.35719999999856 	34.5 	0.086793185193605 	
34.6000366210938 	4.35889999999927 	34.6000366210938 	0.0867931851934774 	
34.7000122070313 	4.35489999999845 	34.7000122070313 	0.0867931851933524 	
34.7999877929688 	4.35389999999825 	34.7999877929688 	0.0867931851930624 	
34.9000244140625 	4.35150000000067 	34.9000244140625 	0.0867931851927324 	
35 	4.35090000000127 	35 	0.0867931851923908 	
35.1000366210938 	4.35339999999997 	35.1000366210938 	0.0867931851920387 	
35.2000122070313 	4.35389999999825 	35.2000122070313 	0.0867931851916782 	
35.2999877929688 	4.35369999999966 	35.2999877929688 	0.0867931851913107 	
35.4000244140625 	4.35439999999653 	35.4000244140625 	0.0867931851909376 	
35.5 	4.35520000000179 	35.5 	0.0867931851905614 	
35.6000366210938 	4.35570000000007 	35.6000366210938 	0.0867931851901833 	
35.7000122070313 	4.35499999999956 	35.7000122070313 	0.0867931851898057 	
35.7999877929688 	4.35199999999895 	35.7999877929688 	0.0867931851894306 	
35.9000244140625 	4.35589999999866 	35.9000244140625 	0.0867931851890597 	
36 	4.35580000000118 	36 	0.0867931851886958 	
36.1000366210938 	4.35379999999714 	36.1000366210938 	0.0867931851883405 	
36.2000122070313 	4.35429999999906 	36.2000122070313 	0.0867931851879968 	
36.2999877929688 	4.35519999999815 	36.2999877929688 	0.0867931851876668 	
36.4000244140625 	4.35519999999815 	36.4000244140625 	0.0867931851873529 	
36.5 	4.35119999999733 	36.5 	0.086793185187058 	
36.6000366210938 	4.35009999999966 	36.6000366210938 	0.0867931851867845 	
36.7000122070313 	4.34879999999976 	36.7000122070313 	0.0867931851865354 	
36.7999877929688 	4.34849999999642 	36.7999877929688 	0.0867931851863134 	
36.9000244140625 	4.35039999999935 	36.9000244140625 	0.0867931851861215 	
37 	4.35020000000077 	37 	0.0867931851859627 	
37.1000366210938 	4.34989999999743 	37.1000366210938 	0.0867931851858402 	
37.2000122070313 	4.34489999999641 	37.2000122070313 	0.0867931851857572 	
37.2999877929688 	4.34249999999884 	37.2999877929688 	0.0867931851857169 	
37.4000244140625 	4.34309999999823 	37.4000244140625 	0.0867931851857228 	
37.5 	4.34419999999955 	37.5 	0.0867931851857784 	
37.6000366210938 	4.34109999999782 	37.6000366210938 	0.0867931851858872 	
37.7000122070313 	4.3402999999962 	37.7000122070313 	0.0867931851860529 	
37.7999877929688 	4.33789999999863 	37.7999877929688 	0.0867931851862793 	
37.9000244140625 	4.33610000000044 	37.9000244140625 	0.0867931851865704 	
38 	4.33889999999883 	38 	0.0867931851869299 	
38.1000366210938 	4.33819999999832 	38.1000366210938 	0.0867931851873623 	
38.2000122070313 	4.33480000000054 	38.2000122070313 	0.0867931851878712 	
38.2999877929688 	4.33610000000044 	38.2999877929688 	0.0867931851884612 	
38.4000244140625 	4.33490000000165 	38.4000244140625 	0.0867931851891369 	
38.5 	4.33289999999761 	38.5 	0.0867931851899022 	
38.6000366210938 	4.33350000000064 	38.6000366210938 	0.0867931851907626 	
38.7000122070313 	4.33269999999902 	38.7000122070313 	0.0867931851917216 	
38.7999877929688 	4.33220000000074 	38.7999877929688 	0.0867931851922784 	
38.9000244140625 	4.33199999999852 	38.9000244140625 	0.0867931851914768 	
39 	4.33190000000104 	39 	0.0867931851906264 	
39.1000366210938 	4.33350000000064 	39.1000366210938 	0.0867931851897258 	
39.2000122070313 	4.33330000000205 	39.2000122070313 	0.086793185188776 	
39.2999877929688 	4.33109999999579 	39.2999877929688 	0.0867931851877763 	
39.4000244140625 	4.33090000000084 	39.4000244140625 	0.0867931851867261 	
39.5 	4.33099999999831 	39.5 	0.0867931851856269 	
39.6000366210938 	4.3337999999967 	39.6000366210938 	0.0867931851844774 	
39.7000122070313 	4.33599999999933 	39.7000122070313 	0.0867931851832794 	
39.7999877929688 	4.33590000000186 	39.7999877929688 	0.0867931851820325 	
39.9000244140625 	4.33150000000023 	39.9000244140625 	0.0867931851807364 	
40 	4.33220000000074 	40 	0.0867931851793933 	
40.1000366210938 	4.32890000000043 	40.1000366210938 	0.0867931851780022 	
40.2000122070313 	4.32819999999992 	40.2000122070313 	0.0867931851765657 	
40.2999877929688 	4.3266999999978 	40.2999877929688 	0.0867931851750837 	
40.4000244140625 	4.32759999999689 	40.4000244140625 	0.0867931851735565 	
40.5 	4.32370000000083 	40.5 	0.0867931851719868 	
40.6000366210938 	4.321899999999 	40.6000366210938 	0.0867931851703741 	
40.7000122070313 	4.31810000000041 	40.7000122070313 	0.0867931851687217 	
40.7999877929688 	4.31169999999838 	40.7999877929688 	0.0867931851670301 	
40.9000244140625 	4.30869999999777 	40.9000244140625 	0.0867931851652999 	
41 	4.30549999999857 	41 	0.0867931851635349 	
41.1000366210938 	4.3044000000009 	41.1000366210938 	0.0867931851617347 	
41.2000122070313 	4.3051000000014 	41.2000122070313 	0.0867931851599037 	
41.2999877929688 	4.30589999999938 	41.2999877929688 	0.0867931851580427 	
41.4000244140625 	4.30389999999898 	41.4000244140625 	0.086793185156153 	
41.5 	4.30299999999625 	41.5 	0.0867931851542392 	
41.6000366210938 	4.30370000000039 	41.6000366210938 	0.0867931851523016 	
41.7000122070313 	4.29819999999745 	41.7000122070313 	0.0867931851503452 	
41.7999877929688 	4.29620000000068 	41.7999877929688 	0.0867931851483716 	
41.9000244140625 	4.29650000000038 	41.9000244140625 	0.0867931851463827 	
42 	4.297300000002 	42 	0.086793185144384 	
42.1000366210938 	4.29599999999846 	42.1000366210938 	0.0867931851423763 	
42.2000122070313 	4.29409999999916 	42.2000122070313 	0.0867931851403655 	
42.2999877929688 	4.29009999999835 	42.2999877929688 	0.0867931851383541 	
42.4000244140625 	4.28789999999935 	42.4000244140625 	0.0867931851363446 	
42.5 	4.28689999999915 	42.5 	0.0867931851343434 	
42.6000366210938 	4.28479999999763 	42.6000366210938 	0.0867931851323521 	
42.7000122070313 	4.28269999999975 	42.7000122070313 	0.0867931851303774 	
42.7999877929688 	4.28089999999793 	42.7999877929688 	0.0867931851284226 	
42.9000244140625 	4.28110000000015 	42.9000244140625 	0.0867931851264911 	
43 	4.28049999999712 	43 	0.0867931851245901 	
43.1000366210938 	4.27539999999863 	43.1000366210938 	0.0867931851227222 	
43.2000122070313 	4.27699999999822 	43.2000122070313 	0.0867931851208949 	
43.2999877929688 	4.28009999999995 	43.2999877929688 	0.0867931851191124 	
43.4000244140625 	4.27779999999984 	43.4000244140625 	0.0867931851173792 	
43.5 	4.2754999999961 	43.5 	0.086793185115703 	
43.6000366210938 	4.27549999999974 	43.6000366210938 	0.0867931851140879 	
43.7000122070313 	4.27739999999903 	43.7000122070313 	0.0867931851125418 	
43.7999877929688 	4.27569999999832 	43.7999877929688 	0.0867931851110701 	
43.9000244140625 	4.27529999999751 	43.9000244140625 	0.0867931851096785 	
44 	4.2728999999963 	44 	0.0867931851083754 	
44.1000366210938 	4.27039999999761 	44.1000366210938 	0.0867931851071661 	
44.2000122070313 	4.2722999999969 	44.2000122070313 	0.0867931851060592 	
44.2999877929688 	4.27059999999983 	44.2999877929688 	0.0867931851050613 	
44.4000244140625 	4.26719999999841 	44.4000244140625 	0.0867931851041795 	
44.5 	4.26510000000053 	44.5 	0.0867931851034225 	
44.6000366210938 	4.26610000000073 	44.6000366210938 	0.0867931851027976 	
44.7000122070313 	4.26239999999962 	44.7000122070313 	0.0867931851023136 	
44.7999877929688 	4.26369999999952 	44.7999877929688 	0.0867931851019786 	
44.9000244140625 	4.26359999999841 	44.9000244140625 	0.0867931851018011 	
45 	4.26209999999628 	45 	0.0867931851017903 	
45.1000366210938 	4.26089999999749 	45.1000366210938 	0.0867931851019552 	
45.2000122070313 	4.2580999999991 	45.2000122070313 	0.0867931851023051 	
45.2999877929688 	4.26039999999921 	45.2999877929688 	0.0867931851028496 	
45.4000244140625 	4.26109999999971 	45.4000244140625 	0.086793185103599 	
45.5 	4.25979999999981 	45.5 	0.0867931851045625 	
45.6000366210938 	4.25800000000163 	45.6000366210938 	0.0867931851057516 	
45.7000122070313 	4.25929999999789 	45.7000122070313 	0.0867931851071754 	
45.7999877929688 	4.25749999999971 	45.7999877929688 	0.0867931851088453 	
45.9000244140625 	4.25849999999991 	45.9000244140625 	0.0867931851107737 	
46 	4.2596999999987 	46 	0.0867931851129696 	
46.1000366210938 	4.26120000000083 	46.1000366210938 	0.0867931851154471 	
46.2000122070313 	4.259399999999 	46.2000122070313 	0.0867931851182152 	
46.2999877929688 	4.26069999999891 	46.2999877929688 	0.0867931851212874 	
46.4000244140625 	4.261599999998 	46.4000244140625 	0.0867931851246781 	
46.5 	4.26009999999951 	46.5 	0.0867931851283959 	
46.6000366210938 	4.25749999999971 	46.6000366210938 	0.0867931851324582 	
46.7000122070313 	4.25619999999981 	46.7000122070313 	0.0867931851368732 	
46.7999877929688 	4.2573999999986 	46.7999877929688 	0.0867931851416568 	
46.9000244140625 	4.25790000000052 	46.9000244140625 	0.0867931851468259 	
47 	4.26049999999668 	47 	0.0867931851523882 	
47.1000366210938 	4.26119999999719 	47.1000366210938 	0.0867931851583649 	
47.2000122070313 	4.25979999999981 	47.2000122070313 	0.0867931851647631 	
47.2999877929688 	4.26169999999911 	47.2999877929688 	0.0867931851716014 	
47.4000244140625 	4.26169999999911 	47.4000244140625 	0.0867931851788993 	
47.5 	4.26209999999992 	47.5 	0.0867931851866636 	
47.6000366210938 	4.2609999999986 	47.6000366210938 	0.0867931851848075 	
47.7000122070313 	4.26239999999962 	47.7000122070313 	0.0867931851815783 	
47.7999877929688 	4.26379999999699 	47.7999877929688 	0.086793185178268 	
47.9000244140625 	4.26380000000063 	47.9000244140625 	0.0867931851748762 	
48 	4.2583999999988 	48 	0.0867931851714092 	
48.1000366210938 	4.25430000000051 	48.1000366210938 	0.0867931851678648 	
48.2000122070313 	4.25499999999738 	48.2000122070313 	0.0867931851642496 	
48.2999877929688 	4.2554999999993 	48.2999877929688 	0.086793185160564 	
48.4000244140625 	4.2538999999997 	48.4000244140625 	0.0867931851568081 	
48.5 	4.25300000000061 	48.5 	0.0867931851529894 	
48.6000366210938 	4.25239999999758 	48.6000366210938 	0.0867931851491061 	
48.7000122070313 	4.255799999999 	48.7000122070313 	0.0867931851451658 	
48.7999877929688 	4.25629999999728 	48.7999877929688 	0.0867931851411695 	
48.9000244140625 	4.25660000000062 	48.9000244140625 	0.086793185137118 	
49 	4.2554999999993 	49 	0.0867931851330199 	
49.1000366210938 	4.2525999999998 	49.1000366210938 	0.0867931851288736 	
49.2000122070313 	4.24880000000121 	49.2000122070313 	0.0867931851246883 	
49.2999877929688 	4.2515999999996 	49.2999877929688 	0.0867931851204653 	
49.4000244140625 	4.25129999999626 	49.4000244140625 	0.0867931851162063 	
49.5 	4.25070000000051 	49.5 	0.0867931851119207 	
49.6000366210938 	4.24940000000061 	49.6000366210938 	0.086793185107608 	
49.7000122070313 	4.24989999999889 	49.7000122070313 	0.086793185103278 	
49.7999877929688 	4.25109999999768 	49.7999877929688 	0.0867931850989331 	
49.9000244140625 	4.24919999999838 	49.9000244140625 	0.0867931850945756 	
50 	4.24829999999929 	50 	0.0867931850902161 	
50.1000366210938 	4.24499999999898 	50.1000366210938 	0.0867931850858547 	
50.2000122070313 	4.24689999999828 	50.2000122070313 	0.0867931850815025 	
50.2999877929688 	4.24799999999959 	50.2999877929688 	0.0867931850771625 	
50.4000244140625 	4.24940000000061 	50.4000244140625 	0.0867931850728381 	
50.5 	4.24720000000161 	50.5 	0.0867931850685408 	
50.6000366210938 	4.25159999999596 	50.6000366210938 	0.0867931850642718 	
50.7000122070313 	4.25489999999991 	50.7000122070313 	0.0867931850600429 	
50.7999877929688 	4.2554999999993 	50.7999877929688 	0.0867931850558583 	
50.9000244140625 	4.25430000000051 	50.9000244140625 	0.0867931850517225 	
51 	4.25639999999839 	51 	0.0867931850476477 	
51.1000366210938 	4.25379999999859 	51.1000366210938 	0.0867931850436364 	
51.2000122070313 	4.25229999999647 	51.2000122070313 	0.0867931850397012 	
51.2999877929688 	4.25329999999667 	51.2999877929688 	0.0867931850358474 	
51.4000244140625 	4.25179999999818 	51.4000244140625 	0.0867931850320808 	
51.5 	4.25229999999647 	51.5 	0.0867931850284143 	
51.6000366210938 	4.24989999999889 	51.6000366210938 	0.086793185024852 	
51.7000122070313 	4.2502999999997 	51.7000122070313 	0.0867931850214068 	
51.7999877929688 	4.24799999999595 	51.7999877929688 	0.0867931850180857 	
51.9000244140625 	4.24919999999838 	51.9000244140625 	0.0867931850148957 	
52 	4.24829999999929 	52 	0.0867931850118503 	
52.1000366210938 	4.2455000000009 	52.1000366210938 	0.0867931850089554 	
52.2000122070313 	4.24389999999767 	52.2000122070313 	0.0867931850062243 	
52.2999877929688 	4.24219999999696 	52.2999877929688 	0.0867931850036654 	
52.4000244140625 	4.23979999999938 	52.4000244140625 	0.0867931850012876 	
52.5 	4.23990000000049 	52.5 	0.0867931849991044 	
52.6000366210938 	4.24539999999979 	52.6000366210938 	0.0867931849971239 	
52.7000122070313 	4.24719999999797 	52.7000122070313 	0.0867931849953598 	
52.7999877929688 	4.2458000000006 	52.7999877929688 	0.0867931849938219 	
52.9000244140625 	4.24439999999959 	52.9000244140625 	0.0867931849925212 	
53 	4.2474000000002 	53 	0.0867931849914711 	
53.1000366210938 	4.24719999999797 	53.1000366210938 	0.0867931849906823 	
53.2000122070313 	4.24829999999929 	53.2000122070313 	0.0867931849901682 	
53.2999877929688 	4.24599999999919 	53.2999877929688 	0.0867931849899409 	
53.4000244140625 	4.24799999999595 	53.4000244140625 	0.0867931849900132 	
53.5 	4.2489999999998 	53.5 	0.0867931849903982 	
53.6000366210938 	4.24660000000222 	53.6000366210938 	0.0867931849911098 	
53.7000122070313 	4.24269999999888 	53.7000122070313 	0.0867931849921607 	
53.7999877929688 	4.240600000001 	53.7999877929688 	0.0867931849935652 	
53.9000244140625 	4.24229999999807 	53.9000244140625 	0.0867931849953387 	
54 	4.24359999999797 	54 	0.0867931849974935 	
54.1000366210938 	4.24429999999847 	54.1000366210938 	0.086793185000047 	
54.2000122070313 	4.24609999999666 	54.2000122070313 	0.086793185003011 	
54.2999877929688 	4.2481000000007 	54.2999877929688 	0.0867931850064023 	
54.4000244140625 	4.24589999999807 	54.4000244140625 	0.0867931850102389 	
54.5 	4.24359999999797 	54.5 	0.0867931850145321 	
54.6000366210938 	4.24549999999726 	54.6000366210938 	0.0867931850193033 	
54.7000122070313 	4.2448000000004 	54.7000122070313 	0.086793185024563 	
54.7999877929688 	4.24509999999646 	54.7999877929688 	0.0867931850303307 	
54.9000244140625 	4.24349999999686 	54.9000244140625 	0.0867931850366276 	
55 	4.24289999999746 	55 	0.0867931850434632 	
55.1000366210938 	4.23989999999685 	55.1000366210938 	0.0867931850508635 	
55.2000122070313 	4.23939999999857 	55.2000122070313 	0.0867931850588375 	
55.2999877929688 	4.2403000000013 	55.2999877929688 	0.0867931850674077 	
55.4000244140625 	4.23779999999897 	55.4000244140625 	0.0867931850765984 	
55.5 	4.2361000000019 	55.5 	0.0867931850864172 	
55.6000366210938 	4.23689999999624 	55.6000366210938 	0.0867931850968954 	
55.7000122070313 	4.23909999999887 	55.7000122070313 	0.0867931851080396 	
55.7999877929688 	4.23939999999857 	55.7999877929688 	0.0867931851198757 	
55.9000244140625 	4.23999999999796 	55.9000244140625 	0.0867931851324318 	
56 	4.23649999999907 	56 	0.086793185145713 	
56.1000366210938 	4.23439999999755 	56.1000366210938 	0.0867931851597561 	
56.2000122070313 	4.23379999999815 	56.2000122070313 	0.0867931851745652 	
56.2999877929688 	4.23099999999977 	56.2999877929688 	0.0867931851812874 	
56.4000244140625 	4.22759999999835 	56.4000244140625 	0.0867931851792151 	
56.5 	4.22260000000097 	56.5 	0.0867931851771057 	
56.6000366210938 	4.22309999999561 	56.6000366210938 	0.0867931851749582 	
56.7000122070313 	4.22520000000077 	56.7000122070313 	0.0867931851727767 	
56.7999877929688 	4.22479999999996 	56.7999877929688 	0.0867931851705613 	
56.9000244140625 	4.23019999999815 	56.9000244140625 	0.0867931851683123 	
57 	4.23079999999754 	57 	0.0867931851660341 	
57.1000366210938 	4.22979999999734 	57.1000366210938 	0.0867931851637257 	
57.2000122070313 	4.23019999999815 	57.2000122070313 	0.0867931851613918 	
57.2999877929688 	4.22799999999916 	57.2999877929688 	0.0867931851590328 	
57.4000244140625 	4.22899999999936 	57.4000244140625 	0.0867931851566492 	
57.5 	4.22969999999987 	57.5 	0.086793185154246 	
57.6000366210938 	4.23129999999946 	57.6000366210938 	0.0867931851518225 	
57.7000122070313 	4.22569999999905 	57.7000122070313 	0.0867931851493836 	
57.7999877929688 	4.22049999999945 	57.7999877929688 	0.0867931851469303 	
57.9000244140625 	4.21849999999904 	57.9000244140625 	0.0867931851444634 	
58 	4.21640000000116 	58 	0.0867931851419883 	
58.1000366210938 	4.21990000000005 	58.1000366210938 	0.0867931851395045 	
58.2000122070313 	4.22309999999925 	58.2000122070313 	0.0867931851370176 	
58.2999877929688 	4.22030000000086 	58.2999877929688 	0.0867931851345288 	
58.4000244140625 	4.21579999999813 	58.4000244140625 	0.0867931851320393 	
58.5 	4.21340000000055 	58.5 	0.086793185129555 	
58.6000366210938 	4.20950000000084 	58.6000366210938 	0.0867931851270757 	
58.7000122070313 	4.21340000000055 	58.7000122070313 	0.0867931851246075 	
58.7999877929688 	4.21359999999913 	58.7999877929688 	0.0867931851221519 	
58.9000244140625 	4.21359999999913 	58.9000244140625 	0.0867931851197107 	
59 	4.21540000000095 	59 	0.0867931851172901 	
59.1000366210938 	4.21879999999874 	59.1000366210938 	0.0867931851148904 	
59.2000122070313 	4.21879999999874 	59.2000122070313 	0.086793185112518 	
59.2999877929688 	 	59.2999877929688 	0.0867931851101751 	
59.4000244140625 	 	59.4000244140625 	0.0867931851078636 	
59.5 	 	59.5 	0.0867931851055904 	
59.6000366210938 	 	59.6000366210938 	0.0867931851033562 	
59.7000122070313 	 	59.7000122070313 	0.0867931851011678 	
59.7999877929688 	 	59.7999877929688 	0.0867931850990277 	
59.9000244140625 	 	59.9000244140625 	0.0867931850969388 	
60 	 	60 	0.0867931850949077 	
60.1000366210938 	 	60.1000366210938 	0.0867931850949077 	
60.2000122070313 	 	60.2000122070313 	0.0209235520429796 	
60.2999877929688 	 	60.2999877929688 	0.00504411888674632 	
60.4000244140625 	 	60.4000244140625 	0.00121494929463684 	
60.5 	 	60.5 	0.00029289252393437 	
60.6000366210938 	 	60.6000366210938 	7.05476424677473E-05 	
60.7000122070313 	 	60.7000122070313 	1.70072737488603E-05 	
60.7999877929688 	 	60.7999877929688 	4.1001668055308E-06 	
60.9000244140625 	 	60.9000244140625 	9.8763113361718E-07 	
61 	 	61 	2.38215444193952E-07 	
61.1000366210938 	 	61.1000366210938 	5.74049142800972E-08 	
61.2000122070313 	 	61.2000122070313 	1.3981589567987E-08 	
61.2999877929688 	 	61.2999877929688 	3.40074768102134E-09 	
61.4000244140625 	 	61.4000244140625 	1.13842243012199E-09 	
61.5 	 	61.5 	2.09566677887504E-10 	
61.6000366210938 	 	61.6000366210938 	9.5962292273704E-11 	
61.7000122070313 	 	61.7000122070313 	3.00197709199803E-12 	
61.7999877929688 	-1.82800000000134 	61.7999877929688 	3.14553688460259E-11 	
61.9000244140625 	-1.70780000000013 	61.9000244140625 	9.62824092921561E-11 	
62 	-1.44130000000223 	62 	5.32871716239113E-11 	
62.1000366210938 	-1.42270000000281 	62.1000366210938 	-2.34112482321206E-11 	
62.2000122070313 	-1.38680000000022 	62.2000122070313 	-4.91293932073709E-11 	
62.2999877929688 	-1.28020000000106 	62.2999877929688 	-2.81887492279328E-11 	
62.4000244140625 	-1.28020000000106 	62.4000244140625 	-2.58210903476955E-12 	
62.5 	-1.28020000000106 	62.5 	7.81918216468354E-12 	
62.6000366210938 	-1.18340000000171 	62.6000366210938 	1.01156859299062E-11 	
62.7000122070313 	-1.12650000000212 	62.7000122070313 	5.45457326004129E-12 	
62.7999877929688 	-1.06360000000132 	62.7999877929688 	1.40229417015662E-12 	
62.9000244140625 	-0.98660000000018 	62.9000244140625 	-1.00082955388007E-12 	
63 	-0.933399999998073 	63 	-4.47517731070638E-12 	
63.1000366210938 	-0.912000000000262 	63.1000366210938 	-1.03385391585515E-11 	
63.2000122070313 	-0.870699999999488 	63.2000122070313 	-1.44834160665293E-11 	
63.2999877929688 	-0.845099999998638 	63.2999877929688 	-1.44648920389677E-11 	
63.4000244140625 	-0.819400000000314 	63.4000244140625 	-7.82788249319809E-12 	
63.5 	-0.773800000002666 	63.5 	-9.85317820346516E-12 	
63.6000366210938 	-0.756900000003952 	63.6000366210938 	-1.10316155302836E-11 	
63.7000122070313 	-0.770700000000943 	63.7000122070313 	-1.05547309450486E-11 	
63.7999877929688 	-0.778600000001461 	63.7999877929688 	-7.82365419860129E-12 	
63.9000244140625 	-0.780099999999948 	63.9000244140625 	-3.97448309525696E-12 	
64 	-0.77900000000227 	64 	-2.8494215537409E-12 	
64.1000366210938 	-0.791900000000169 	64.1000366210938 	-1.80773695142007E-12 	
64.2000122070313 	-0.784400000004098 	64.2000122070313 	-9.42154691753218E-13 	
64.2999877929688 	-0.774900000000343 	64.2999877929688 	-3.43412042100991E-13 	
64.4000244140625 	-0.758699999998498 	64.4000244140625 	1.76833049238521E-13 	
64.5 	-0.741700000002311 	64.5 	6.22099956256713E-13 	
64.6000366210938 	-0.732899999999063 	64.6000366210938 	8.36932025252927E-13 	
64.7000122070313 	-0.731900000002497 	64.7000122070313 	7.78828127922577E-13 	
64.7999877929688 	-0.72780000000057 	64.7999877929688 	4.05776499115818E-13 	
64.9000244140625 	-0.713400000000547 	64.9000244140625 	1.10889208300957E-12 	
65 	-0.705600000001141 	65 	1.742583847379E-12 	
65.1000366210938 	-0.702300000000832 	65.1000366210938 	2.2691162706907E-12 	
65.2000122070313 	-0.702300000000832 	65.2000122070313 	2.6878468484623E-12 	
65.2999877929688 	-0.687200000000303 	65.2999877929688 	2.99912963140715E-12 	
65.4000244140625 	-0.687399999998888 	65.4000244140625 	3.20305624241429E-12 	
65.5 	-0.688399999999092 	65.5 	3.29937783876132E-12 	
65.6000366210938 	-0.683899999999994 	65.6000366210938 	3.28821202923498E-12 	
65.7000122070313 	-0.677499999997963 	65.7000122070313 	3.16957243898418E-12 	
65.7999877929688 	-0.679400000004534 	65.7999877929688 	2.94348505390664E-12 	
65.9000244140625 	-0.667700000001787 	65.9000244140625 	2.60971343207573E-12 	
66 	-0.658500000001368 	66 	2.16866486040036E-12 	
66.1000366210938 	-0.647799999998824 	66.1000366210938 	1.61980081803598E-12 	
66.2000122070313 	-0.639999999999418 	66.2000122070313 	9.63791059762782E-13 	
66.2999877929688 	-0.638800000000629 	66.2999877929688 	5.36456570709413E-13 	
66.4000244140625 	-0.642200000002049 	66.4000244140625 	5.21541454661565E-13 	
66.5 	-0.649900000000343 	66.5 	5.03544146594737E-13 	
66.6000366210938 	-0.651800000003277 	66.6000366210938 	4.82442671773805E-13 	
66.7000122070313 	-0.678100000000995 	66.7000122070313 	4.58262779405384E-13 	
66.7999877929688 	-0.684400000001915 	66.7999877929688 	4.30992538216088E-13 	
66.9000244140625 	-0.677800000001298 	66.9000244140625 	4.00612469141355E-13 	
67 	-0.649600000000646 	67 	3.67159643650465E-13 	
67.1000366210938 	-0.624400000000605 	67.1000366210938 	3.30593215802649E-13 	
67.2000122070313 	-0.611400000001595 	67.2000122070313 	2.90957806010166E-13 	
67.2999877929688 	-0.605400000000373 	67.2999877929688 	2.48232047396807E-13 	
67.4000244140625 	-0.597700000002078 	67.4000244140625 	2.02387025295189E-13 	
67.5 	-0.58889999999883 	67.5 	1.53478682380238E-13 	
67.6000366210938 	-0.574899999999616 	67.6000366210938 	1.01447301505536E-13 	
67.7000122070313 	-0.55880000000252 	67.7000122070313 	4.63563742889913E-14 	
67.7999877929688 	-0.551699999999983 	67.7999877929688 	3.22349515483253E-14 	
67.9000244140625 	-0.548900000001595 	67.9000244140625 	2.39677468916821E-14 	
68 	-0.537700000000768 	68 	1.6266637683987E-14 	
68.1000366210938 	-0.535800000001473 	68.1000366210938 	9.12222086149447E-15 	
68.2000122070313 	-0.537299999999959 	68.2000122070313 	2.54321444351198E-15 	
68.2999877929688 	-0.541500000002998 	68.2999877929688 	-3.47491178846218E-15 	
68.4000244140625 	-0.543499999999767 	68.4000244140625 	-8.93531817309968E-15 	
68.5 	-0.537700000000768 	68.5 	-1.38313416153613E-14 	
68.6000366210938 	-0.533000000003085 	68.6000366210938 	-1.8168960165848E-14 	
68.7000122070313 	-0.536900000002788 	68.7000122070313 	-2.1942880818397E-14 	
68.7999877929688 	-0.578900000004069 	68.7999877929688 	-2.51559212849377E-14 	
68.9000244140625 	-0.573400000001129 	68.9000244140625 	-2.78095293975694E-14 	
69 	-0.543399999998655 	69 	-2.99004670743975E-14 	
69.1000366210938 	-0.534900000002381 	69.1000366210938 	-3.14312873528785E-14 	
69.2000122070313 	-0.539000000000669 	69.2000122070313 	-3.2400122239994E-14 	
69.2999877929688 	-0.542600000000675 	69.2999877929688 	-3.28080769411012E-14 	
69.4000244140625 	-0.545200000000477 	69.4000244140625 	-3.26548867817271E-14 	
69.5 	-0.55199999999968 	69.5 	-3.19407386931218E-14 	
69.6000366210938 	-0.502599999999802 	69.6000366210938 	-3.06647606995969E-14 	
69.7000122070313 	-0.527500000000146 	69.7000122070313 	-2.8828509821279E-14 	
69.7999877929688 	-0.0164000000004307 	69.7999877929688 	-2.64313787569527E-14 	
69.9000244140625 	0.529899999997724 	69.9000244140625 	-2.34713903255729E-14 	
70 	-1.67470000000321 	70 	-1.9952156471534E-14 	
70.1000366210938 	-0.700900000003458 	70.1000366210938 	-1.58693802060034E-14 	
70.2000122070313 	-0.130199999999604 	70.2000122070313 	-1.1228043562252E-14 	
70.2999877929688 	0.0772999999971944 	70.2999877929688 	-6.02582673249226E-15 	
70.4000244140625 	-0.00930000000153086 	70.4000244140625 	-3.98739026097599E-15 	
70.5 	0.145199999999022 	70.5 	-3.97220881745303E-15 	
70.6000366210938 	0.208499999997002 	70.6000366210938 	-3.95701810564954E-15 	
70.7000122070313 	0.297999999998865 	70.7000122070313 	-3.94183666212659E-15 	
70.7999877929688 	0.33549999999741 	70.7999877929688 	-3.92665521860363E-15 	
70.9000244140625 	0.390799999997398 	70.9000244140625 	-3.91146450680014E-15 	
71 	0.441399999999703 	71 	-3.89628306327719E-15 	
71.1000366210938 	0.445699999996577 	71.1000366210938 	-3.8810923514737E-15 	
71.2000122070313 	0.496399999999994 	71.2000122070313 	-3.86591090795074E-15 	
71.2999877929688 	0.505299999997078 	71.2999877929688 	-3.85072946442779E-15 	
71.4000244140625 	0.601799999996729 	71.4000244140625 	-3.8355387526243E-15 	
71.5 	0.610899999999674 	71.5 	-3.82035730910134E-15 	
71.6000366210938 	0.372699999999895 	71.6000366210938 	-3.80516659729785E-15 	
71.7000122070313 	0.300499999997555 	71.7000122070313 	-3.7899851537749E-15 	
71.7999877929688 	1.3169999999991 	71.7999877929688 	-3.77480371025194E-15 	
71.9000244140625 	1.60109999999986 	71.9000244140625 	-3.75961299844845E-15 	
72 	1.71159999999873 	72 	-3.74443155492549E-15 	
72.1000366210938 	1.36639999999898 	72.1000366210938 	-3.729240843122E-15 	
72.2000122070313 	1.36939999999959 	72.2000122070313 	-3.71405939959905E-15 	
72.2999877929688 	1.3711000000003 	72.2999877929688 	-3.69887795607609E-15 	
72.4000244140625 	1.3949999999968 	72.4000244140625 	-3.6836872442726E-15 	
72.5 	1.36509999999907 	72.5 	-3.66850580074965E-15 	
72.6000366210938 	1.39199999999983 	72.6000366210938 	-3.65331508894616E-15 	
72.7000122070313 	1.6275999999998 	72.7000122070313 	-3.6381336454232E-15 	
72.7999877929688 	0.806299999996554 	72.7999877929688 	-3.62295220190025E-15 	
72.9000244140625 	0.355800000001182 	72.9000244140625 	-3.60776149009676E-15 	
73 	-0.12590000000273 	73 	-3.5925800465738E-15 	
73.1000366210938 	-0.222700000002078 	73.1000366210938 	-3.57738933477031E-15 	
73.2000122070313 	-0.366099999999278 	73.2000122070313 	-3.56220789124736E-15 	
73.2999877929688 	-0.443200000001525 	73.2999877929688 	-3.5470264477244E-15 	
73.4000244140625 	-0.453600000000733 	73.4000244140625 	-3.53183573592091E-15 	
73.5 	-0.442400000003545 	73.5 	-3.51665429239796E-15 	
73.6000366210938 	-0.446200000002136 	73.6000366210938 	-3.50146358059446E-15 	
73.7000122070313 	-0.496299999998882 	73.7000122070313 	-3.48628213707151E-15 	
73.7999877929688 	-0.536600000003091 	73.7999877929688 	-3.47110069354855E-15 	
73.9000244140625 	-0.555000000003929 	73.9000244140625 	-3.45590998174506E-15 	
74 	-0.54950000000099 	74 	-3.44072853822211E-15 	
74.1000366210938 	-0.561100000002625 	74.1000366210938 	-3.42553782641861E-15 	
74.2000122070313 	-0.577300000000832 	74.2000122070313 	-3.41035638289566E-15 	
74.2999877929688 	-0.578300000001036 	74.2999877929688 	-3.39517493937271E-15 	
74.4000244140625 	-0.553400000000693 	74.4000244140625 	-3.37998422756921E-15 	
74.5 	-0.524399999998423 	74.5 	-3.36480278404626E-15 	
74.6000366210938 	-0.492400000002817 	74.6000366210938 	-3.34961207224277E-15 	
74.7000122070313 	-0.473099999999249 	74.7000122070313 	-3.33443062871981E-15 	
74.7999877929688 	-0.451000000000931 	74.7999877929688 	-3.31924918519686E-15 	
74.9000244140625 	-0.449100000001636 	74.9000244140625 	-3.30405847339337E-15 	
75 	-0.437600000001112 	75 	-3.28887702987041E-15 	
75.1000366210938 	-0.43210000000181 	75.1000366210938 	-3.27368631806692E-15 	
75.2000122070313 	-0.441399999999703 	75.2000122070313 	-3.25850487454397E-15 	
75.2999877929688 	-0.432000000000698 	75.2999877929688 	-3.24332343102101E-15 	
75.4000244140625 	-0.428200000002107 	75.4000244140625 	-3.22813271921752E-15 	
75.5 	-0.423200000001088 	75.5 	-3.21295127569457E-15 	
75.6000366210938 	-0.421200000000681 	75.6000366210938 	-3.19776056389107E-15 	
75.7000122070313 	-0.425300000002608 	75.7000122070313 	-3.18257912036812E-15 	
75.7999877929688 	-0.421200000000681 	75.7999877929688 	-3.16739767684517E-15 	
75.9000244140625 	-0.414600000003702 	75.9000244140625 	-3.15220696504167E-15 	
76 	-0.421099999999569 	76 	-3.13702552151872E-15 	
76.1000366210938 	-0.427400000000489 	76.1000366210938 	-3.12183480971523E-15 	
76.2000122070313 	-0.426699999999983 	76.2000122070313 	-3.10665336619227E-15 	
76.2999877929688 	-0.428600000002916 	76.2999877929688 	-3.09147192266932E-15 	
76.4000244140625 	-0.419800000003306 	76.4000244140625 	-3.07628121086583E-15 	
76.5 	-0.420500000000175 	76.5 	-3.06109976734287E-15 	
76.6000366210938 	-0.426000000003114 	76.6000366210938 	-3.04590905553938E-15 	
76.7000122070313 	-0.427800000001298 	76.7000122070313 	-3.03072761201643E-15 	
76.7999877929688 	-0.4233000000022 	76.7999877929688 	-3.01554616849347E-15 	
76.9000244140625 	-0.417500000003201 	76.9000244140625 	-3.00035545668998E-15 	
77 	-0.415500000002794 	77 	-2.98517401316703E-15 	
77.1000366210938 	-0.416300000000774 	77.1000366210938 	-2.96998330136353E-15 	
77.2000122070313 	-0.417699999998149 	77.2000122070313 	-2.95480185784058E-15 	
77.2999877929688 	-0.416000000001077 	77.2999877929688 	-2.93962041431763E-15 	
77.4000244140625 	-0.416600000000471 	77.4000244140625 	-2.92442970251413E-15 	
77.5 	-0.418499999999767 	77.5 	-2.90924825899118E-15 	
77.6000366210938 	-0.417700000001787 	77.6000366210938 	-2.89405754718769E-15 	
77.7000122070313 	-0.414000000000669 	77.7000122070313 	-2.87887610366473E-15 	
77.7999877929688 	-0.41110000000117 	77.7999877929688 	-2.86369466014178E-15 	
77.9000244140625 	-0.410299999999552 	77.9000244140625 	-2.84850394833829E-15 	
78 	-0.408500000001368 	78 	-2.83332250481533E-15 	
78.1000366210938 	-0.408300000002782 	78.1000366210938 	-2.81813179301184E-15 	
78.2000122070313 	-0.406800000000658 	78.2000122070313 	-2.80295034948889E-15 	
78.2999877929688 	-0.408699999999953 	78.2999877929688 	-2.78776890596593E-15 	
78.4000244140625 	-0.407400000000052 	78.4000244140625 	-2.77257819416244E-15 	
78.5 	-0.407800000000861 	78.5 	-2.75739675063949E-15 	
78.6000366210938 	-0.407600000002276 	78.6000366210938 	-2.74220603883599E-15 	
78.7000122070313 	-0.408100000000559 	78.7000122070313 	-2.72702459531304E-15 	
78.7999877929688 	-0.409300000002986 	78.7999877929688 	-2.71184315179009E-15 	
78.9000244140625 	-0.409200000001874 	78.9000244140625 	-2.69665243998659E-15 	
79 	-0.410700000000361 	79 	-2.68147099646364E-15 	
79.1000366210938 	-0.411800000001676 	79.1000366210938 	-2.66628028466015E-15 	
79.2000122070313 	-0.414200000002893 	79.2000122070313 	-2.65109884113719E-15 	
79.2999877929688 	-0.413499999998749 	79.2999877929688 	-2.63591739761424E-15 	
79.4000244140625 	-0.412000000000262 	79.4000244140625 	-2.62072668581075E-15 	
79.5 	-0.411000000000058 	79.5 	-2.60554524228779E-15 	
79.6000366210938 	-0.413800000002084 	79.6000366210938 	-2.5903545304843E-15 	
79.7000122070313 	-0.412000000000262 	79.7000122070313 	-2.57517308696135E-15 	
79.7999877929688 	-0.414499999998952 	79.7999877929688 	-2.55999164343839E-15 	
79.9000244140625 	-0.413500000002387 	79.9000244140625 	-2.5448009316349E-15 	
80 	-0.410200000002078 	80 	-2.52961948811195E-15 	
80.1000366210938 	-0.408699999999953 	80.1000366210938 	-2.51442877630845E-15 	
80.2000122070313 	-0.405200000001059 	80.2000122070313 	-2.4992473327855E-15 	
80.2999877929688 	-0.401699999998527 	80.2999877929688 	-2.48406588926255E-15 	
80.4000244140625 	-0.404300000001967 	80.4000244140625 	-2.46887517745905E-15 	
80.5 	-0.405099999999948 	80.5 	-2.4536937339361E-15 	
80.6000366210938 	-0.407100000000355 	80.6000366210938 	-2.43850302213261E-15 	
80.7000122070313 	-0.405100000003586 	80.7000122070313 	-2.42332157860965E-15 	
80.7999877929688 	-0.402400000002672 	80.7999877929688 	-2.4081401350867E-15 	
80.9000244140625 	-0.403600000001461 	80.9000244140625 	-2.39294942328321E-15 	
81 	-0.40480000000025 	81 	-2.37776797976025E-15 	
81.1000366210938 	-0.401700000002165 	81.1000366210938 	-2.36257726795676E-15 	
81.2000122070313 	-0.399300000000949 	81.2000122070313 	-2.34739582443381E-15 	
81.2999877929688 	-0.397500000002765 	81.2999877929688 	-2.33221438091085E-15 	
81.4000244140625 	-0.390200000001641 	81.4000244140625 	-2.31702366910736E-15 	
81.5 	-0.389900000001944 	81.5 	-2.30184222558441E-15 	
81.6000366210938 	-0.391899999998714 	81.6000366210938 	-2.28665151378091E-15 	
81.7000122070313 	-0.39600000000064 	81.7000122070313 	-2.27147007025796E-15 	
81.7999877929688 	-0.398099999998522 	81.7999877929688 	-2.25628862673501E-15 	
81.9000244140625 	-0.399300000000949 	81.9000244140625 	-2.24109791493151E-15 	
82 	-0.397900000003574 	82 	-2.22591647140856E-15 	
82.1000366210938 	-0.39890000000014 	82.1000366210938 	-2.21072575960507E-15 	
82.2000122070313 	-0.398400000001857 	82.2000122070313 	-2.19554431608211E-15 	
82.2999877929688 	-0.398699999997916 	82.2999877929688 	-2.18036287255916E-15 	
82.4000244140625 	-0.395700000000943 	82.4000244140625 	-2.16517216075567E-15 	
82.5 	-0.396300000000338 	82.5 	-2.14999071723271E-15 	
82.6000366210938 	-0.398900000003778 	82.6000366210938 	-2.13480000542922E-15 	
82.7000122070313 	-0.399600000004284 	82.7000122070313 	-2.11961856190627E-15 	
82.7999877929688 	-0.399600000000646 	82.7999877929688 	-2.10443711838331E-15 	
82.9000244140625 	-0.397899999999936 	82.9000244140625 	-2.08924640657982E-15 	
83 	-0.397499999999127 	83 	-2.07406496305687E-15 	
83.1000366210938 	-0.39520000000266 	83.1000366210938 	-2.05887425125337E-15 	
83.2000122070313 	-0.393600000003062 	83.2000122070313 	-2.04369280773042E-15 	
83.2999877929688 	-0.391999999999825 	83.2999877929688 	-2.02851136420747E-15 	
83.4000244140625 	-0.394300000003568 	83.4000244140625 	-2.01332065240397E-15 	
83.5 	-0.39770000000135 	83.5 	-1.99813920888102E-15 	
83.6000366210938 	-0.399000000001251 	83.6000366210938 	-1.98294849707753E-15 	
83.7000122070313 	-0.397000000000844 	83.7000122070313 	-1.96776705355457E-15 	
83.7999877929688 	-0.395800000002055 	83.7999877929688 	-1.95258561003162E-15 	
83.9000244140625 	-0.39520000000266 	83.9000244140625 	-1.93739489822813E-15 	
84 	-0.393900000002759 	84 	-1.92221345470517E-15 	
84.1000366210938 	-0.395500000002357 	84.1000366210938 	-1.90702274290168E-15 	
84.2000122070313 	-0.39770000000135 	84.2000122070313 	-1.89184129937873E-15 	
84.2999877929688 	-0.398300000000745 	84.2999877929688 	-1.87665985585577E-15 	
84.4000244140625 	-0.396300000000338 	84.4000244140625 	-1.86146914405228E-15 	
84.5 	-0.393900000002759 	84.5 	-1.84628770052933E-15 	
84.6000366210938 	-0.390000000003056 	84.6000366210938 	-1.83109698872583E-15 	
84.7000122070313 	-0.390900000002148 	84.7000122070313 	-1.81591554520288E-15 	
84.7999877929688 	-0.394700000004377 	84.7999877929688 	-1.80073410167993E-15 	
84.9000244140625 	-0.391599999999016 	84.9000244140625 	-1.78554338987643E-15 	
85 	-0.387600000001839 	85 	-1.77036194635348E-15 	
85.1000366210938 	-0.382000000001426 	85.1000366210938 	-1.75517123454999E-15 	
85.2000122070313 	-0.379300000000512 	85.2000122070313 	-1.73998979102703E-15 	
85.2999877929688 	-0.382100000002538 	85.2999877929688 	-1.72480834750408E-15 	
85.4000244140625 	-0.377400000001217 	85.4000244140625 	-1.70961763570059E-15 	
85.5 	-0.373800000001211 	85.5 	-1.69443619217763E-15 	
85.6000366210938 	-0.374000000003434 	85.6000366210938 	-1.67924548037414E-15 	
85.7000122070313 	-0.377100000001519 	85.7000122070313 	-1.66406403685119E-15 	
85.7999877929688 	-0.382200000000012 	85.7999877929688 	-1.64888259332823E-15 	
85.9000244140625 	-0.377700000000914 	85.9000244140625 	-1.63369188152474E-15 	
86 	-0.379200000003038 	86 	-1.61851043800179E-15 	
86.1000366210938 	-0.380900000000111 	86.1000366210938 	-1.60331972619829E-15 	
86.2000122070313 	-0.381700000001729 	86.2000122070313 	-1.58813828267534E-15 	
86.2999877929688 	-0.382900000000518 	86.2999877929688 	-1.57295683915239E-15 	
86.4000244140625 	-0.383200000003853 	86.4000244140625 	-1.55776612734889E-15 	
86.5 	-0.378300000000309 	86.5 	-1.54258468382594E-15 	
86.6000366210938 	-0.377500000002328 	86.6000366210938 	-1.52739397202245E-15 	
86.7000122070313 	-0.384400000002643 	86.7000122070313 	-1.51221252849949E-15 	
86.7999877929688 	-0.382700000001932 	86.7999877929688 	-1.49703108497654E-15 	
86.9000244140625 	-0.3791999999994 	86.9000244140625 	-1.48184037317305E-15 	
87 	-0.38010000000213 	87 	-1.46665892965009E-15 	
87.1000366210938 	-0.379800000002433 	87.1000366210938 	-1.4514682178466E-15 	
87.2000122070313 	-0.3679000000011 	87.2000122070313 	-1.43628677432365E-15 	
87.2999877929688 	-0.375299999999697 	87.2999877929688 	-1.42110533080069E-15 	
87.4000244140625 	-0.38799999999901 	87.4000244140625 	-1.4059146189972E-15 	
87.5 	-0.377899999999499 	87.5 	-1.39073317547425E-15 	
87.6000366210938 	-0.341600000003382 	87.6000366210938 	-1.37554246367075E-15 	
87.7000122070313 	-0.312800000003335 	87.7000122070313 	-1.3603610201478E-15 	
87.7999877929688 	-0.269599999999627 	87.7999877929688 	-1.34517957662485E-15 	
87.9000244140625 	-0.237200000003213 	87.9000244140625 	-1.32998886482135E-15 	
88 	-0.207500000000437 	88 	-1.3148074212984E-15 	
88.1000366210938 	-0.228300000002491 	88.1000366210938 	-1.29961670949491E-15 	
88.2000122070313 	-0.235500000002503 	88.2000122070313 	-1.28443526597195E-15 	
88.2999877929688 	-0.22820000000138 	88.2999877929688 	-1.269253822449E-15 	
88.4000244140625 	-0.254700000001321 	88.4000244140625 	-1.25406311064551E-15 	
88.5 	-0.266700000000128 	88.5 	-1.23888166712255E-15 	
88.6000366210938 	-0.28360000000248 	88.6000366210938 	-1.22369095531906E-15 	
88.7000122070313 	-0.279900000001362 	88.7000122070313 	-1.20850951179611E-15 	
88.7999877929688 	-0.280099999999948 	88.7999877929688 	-1.19332806827315E-15 	
88.9000244140625 	-0.288100000001577 	88.9000244140625 	-1.17813735646966E-15 	
89 	-0.314800000000105 	89 	-1.16295591294671E-15 	
89.1000366210938 	-0.302300000003015 	89.1000366210938 	-1.14776520114321E-15 	
89.2000122070313 	-0.305900000003021 	89.2000122070313 	-1.13258375762026E-15 	
89.2999877929688 	-0.306700000001001 	89.2999877929688 	-1.11740231409731E-15 	
89.4000244140625 	-0.284000000003289 	89.4000244140625 	-1.10221160229381E-15 	
89.5 	-0.3054000000011 	89.5 	-1.08703015877086E-15 	
89.6000366210938 	-0.32050000000163 	89.6000366210938 	-1.07183944696737E-15 	
89.7000122070313 	-0.35280000000057 	89.7000122070313 	-1.05665800344441E-15 	
89.7999877929688 	-0.358299999999872 	89.7999877929688 	-1.04147655992146E-15 	
89.9000244140625 	-0.361700000001292 	89.9000244140625 	-1.02628584811797E-15 	
90 	-0.357700000000477 	90 	-1.01110440459501E-15 	
90.1000366210938 	-0.309799999999086 	90.1000366210938 	-9.9591369279152E-16 	
90.2000122070313 	-0.289300000004005 	90.2000122070313 	-9.80732249268566E-16 	
90.2999877929688 	-0.242300000001705 	90.2999877929688 	-9.65550805745612E-16 	
90.4000244140625 	-0.210700000003271 	90.4000244140625 	-9.50360093942119E-16 	
90.5 	-0.198100000001432 	90.5 	-9.35178650419166E-16 	
90.6000366210938 	-0.22530000000188 	90.6000366210938 	-9.19987938615673E-16 	
90.7000122070313 	-0.279600000001665 	90.7000122070313 	-9.04806495092719E-16 	
90.7999877929688 	-0.304700000000594 	90.7999877929688 	-8.89625051569765E-16 	
90.9000244140625 	-0.313000000001921 	90.9000244140625 	-8.74434339766273E-16 	
91 	-0.316400000003341 	91 	-8.59252896243319E-16 	
91.1000366210938 	-0.310499999999593 	91.1000366210938 	-8.44062184439826E-16 	
91.2000122070313 	-0.318899999998393 	91.2000122070313 	-8.28880740916872E-16 	
91.2999877929688 	-0.331500000000233 	91.2999877929688 	-8.13699297393919E-16 	
91.4000244140625 	-0.330999999998312 	91.4000244140625 	-7.98508585590426E-16 	
91.5 	-0.328300000001036 	91.5 	-7.83327142067472E-16 	
91.6000366210938 	-0.337400000003981 	91.6000366210938 	-7.68136430263979E-16 	
91.7000122070313 	-0.335900000001857 	91.7000122070313 	-7.52954986741026E-16 	
91.7999877929688 	-0.33440000000337 	91.7999877929688 	-7.37773543218072E-16 	
91.9000244140625 	-0.349200000000565 	91.9000244140625 	-7.22582831414579E-16 	
92 	-0.366000000001804 	92 	-7.07401387891625E-16 	
92.1000366210938 	-0.374700000000303 	92.1000366210938 	-6.92210676088133E-16 	
92.2000122070313 	-0.364099999998871 	92.2000122070313 	-6.77029232565179E-16 	
92.2999877929688 	-0.351200000000972 	92.2999877929688 	-6.61847789042225E-16 	
92.4000244140625 	-0.352500000000873 	92.4000244140625 	-6.46657077238732E-16 	
92.5 	-0.359199999998964 	92.5 	-6.31475633715779E-16 	
92.6000366210938 	-0.365100000002712 	92.6000366210938 	-6.16284921912286E-16 	
92.7000122070313 	-0.393700000000536 	92.7000122070313 	-6.01103478389332E-16 	
92.7999877929688 	-0.392700000000332 	92.7999877929688 	-5.85922034866378E-16 	
92.9000244140625 	-0.403700000002573 	92.9000244140625 	-5.70731323062886E-16 	
93 	-0.414700000001176 	93 	-5.55549879539932E-16 	
93.1000366210938 	-0.430299999999988 	93.1000366210938 	-5.40359167736439E-16 	
93.2000122070313 	-0.434499999999389 	93.2000122070313 	-5.25177724213485E-16 	
93.2999877929688 	-0.443000000002939 	93.2999877929688 	-5.09996280690532E-16 	
93.4000244140625 	-0.433899999999994 	93.4000244140625 	-4.94805568887039E-16 	
93.5 	-0.434400000001915 	93.5 	-4.79624125364085E-16 	
93.6000366210938 	-0.434499999999389 	93.6000366210938 	-4.64433413560592E-16 	
93.7000122070313 	-0.438600000001315 	93.7000122070313 	-4.49251970037639E-16 	
93.7999877929688 	-0.448300000003655 	93.7999877929688 	-4.34070526514685E-16 	
93.9000244140625 	-0.433199999999488 	93.9000244140625 	-4.18879814711192E-16 	
94 	-0.426900000002206 	94 	-4.03698371188238E-16 	
94.1000366210938 	-0.417900000000373 	94.1000366210938 	-3.88507659384746E-16 	
94.2000122070313 	-0.416700000001583 	94.2000122070313 	-3.73326215861792E-16 	
94.2999877929688 	-0.401099999999133 	94.2999877929688 	-3.58144772338838E-16 	
94.4000244140625 	-0.399500000003172 	94.4000244140625 	-3.42954060535345E-16 	
94.5 	-0.388599999998405 	94.5 	-3.27772617012392E-16 	
94.6000366210938 	-0.389400000000023 	94.6000366210938 	-3.12581905208899E-16 	
94.7000122070313 	-0.394199999998818 	94.7000122070313 	-2.97400461685945E-16 	
94.7999877929688 	-0.380000000001019 	94.7999877929688 	-2.82219018162991E-16 	
94.9000244140625 	-0.378700000001118 	94.9000244140625 	-2.67028306359499E-16 	
95 	-0.381000000001222 	95 	-2.51846862836545E-16 	
95.1000366210938 	-0.377800000002026 	95.1000366210938 	-2.36656151033052E-16 	
95.2000122070313 	-0.381199999999808 	95.2000122070313 	-2.21474707510098E-16 	
95.2999877929688 	-0.38720000000103 	95.2999877929688 	-2.06293263987145E-16 	
95.4000244140625 	-0.384099999999307 	95.4000244140625 	-1.91102552183652E-16 	
95.5 	-0.393200000002253 	95.5 	-1.75921108660698E-16 	
95.6000366210938 	-0.378600000003644 	95.6000366210938 	-1.60730396857205E-16 	
95.7000122070313 	-0.367300000001705 	95.7000122070313 	-1.45548953334252E-16 	
95.7999877929688 	-0.37420000000202 	95.7999877929688 	-1.30367509811298E-16 	
95.9000244140625 	-0.358200000002398 	95.9000244140625 	-1.15176798007805E-16 	
96 	-0.360100000001694 	96 	-9.99953544848515E-17 	
96.1000366210938 	-0.356700000003912 	96.1000366210938 	-8.48046426813587E-17 	
96.2000122070313 	-0.357600000003004 	96.2000122070313 	-6.9623199158405E-17 	
96.2999877929688 	-0.366799999999785 	96.2999877929688 	-5.44417556354512E-17 	
96.4000244140625 	-0.390299999999115 	96.4000244140625 	-3.92510438319585E-17 	
96.5 	-0.411700000000565 	96.5 	-2.40696003090047E-17 	
96.6000366210938 	-0.420500000003813 	96.6000366210938 	-1.06616628013536E-17 	
96.7000122070313 	-0.435100000002421 	96.7000122070313 	-1.06551440694586E-17 	
96.7999877929688 	-0.43829999999798 	96.7999877929688 	-1.06486253375636E-17 	
96.9000244140625 	-0.432900000003428 	96.9000244140625 	-1.06421026259789E-17 	
97 	-0.456900000001042 	97 	-1.06355838940839E-17 	
97.1000366210938 	-0.483400000000984 	97.1000366210938 	-1.06290611824991E-17 	
97.2000122070313 	-0.506099999998696 	97.2000122070313 	-1.06225424506042E-17 	
97.2999877929688 	-0.507400000002235 	97.2999877929688 	-1.06160237187092E-17 	
97.4000244140625 	-0.468799999998737 	97.4000244140625 	-1.06095010071244E-17 	
97.5 	-0.439100000003236 	97.5 	-1.06029822752295E-17 	
97.6000366210938 	-0.424800000000687 	97.6000366210938 	-1.05964595636447E-17 	
97.7000122070313 	-0.430100000001403 	97.7000122070313 	-1.05899408317497E-17 	
97.7999877929688 	-0.439399999999296 	97.7999877929688 	-1.05834220998547E-17 	
97.9000244140625 	-0.452700000001641 	97.9000244140625 	-1.057689938827E-17 	
98 	-0.454400000002352 	98 	-1.0570380656375E-17 	
98.1000366210938 	-0.459000000002561 	98.1000366210938 	-1.05638579447902E-17 	
98.2000122070313 	-0.452799999999115 	98.2000122070313 	-1.05573392128953E-17 	
98.2999877929688 	-0.44800000000032 	98.2999877929688 	-1.05508204810003E-17 	
98.4000244140625 	-0.452499999999418 	98.4000244140625 	-1.05442977694155E-17 	
98.5 	-0.455500000000029 	98.5 	-1.05377790375205E-17 	
98.6000366210938 	-0.456500000003871 	98.6000366210938 	-1.05312563259358E-17 	
98.7000122070313 	-0.463400000004185 	98.7000122070313 	-1.05247375940408E-17 	
98.7999877929688 	-0.462999999999738 	98.7999877929688 	-1.05182188621458E-17 	
98.9000244140625 	-0.464500000001863 	98.9000244140625 	-1.05116961505611E-17 	
99 	-0.464900000002672 	99 	-1.05051774186661E-17 	
99.1000366210938 	-0.46480000000156 	99.1000366210938 	-1.04986547070813E-17 	
99.2000122070313 	-0.461899999998423 	99.2000122070313 	-1.04921359751864E-17 	
99.2999877929688 	-0.45600000000195 	99.2999877929688 	-1.04856172432914E-17 	
99.4000244140625 	-0.454100000002654 	99.4000244140625 	-1.04790945317066E-17 	
99.5 	-0.451900000000023 	99.5 	-1.04725757998116E-17 	
99.6000366210938 	-0.439800000000105 	99.6000366210938 	-1.04660530882269E-17 	
99.7000122070313 	-0.435300000001007 	99.7000122070313 	-1.04595343563319E-17 	
99.7999877929688 	-0.434900000000198 	99.7999877929688 	-1.04530156244369E-17 	
99.9000244140625 	-0.433600000003935 	99.9000244140625 	-1.04464929128522E-17 	
100 	-0.436200000003737 	100 	-1.04399741809572E-17 	
100.100036621094 	-0.437800000003335 	100.100036621094 	-1.04334514693724E-17 	
100.200012207031 	-0.437600000001112 	100.200012207031 	-1.04269327374774E-17 	
100.299987792969 	-0.440000000002328 	100.299987792969 	-1.04204140055825E-17 	
100.400024414063 	-0.43840000000273 	100.400024414063 	-1.04138912939977E-17 	
100.5 	-0.439900000001217 	100.5 	-1.04073725621027E-17 	
100.600036621094 	-0.437100000002829 	100.600036621094 	-1.0400849850518E-17 	
100.700012207031 	-0.433000000000902 	100.700012207031 	-1.0394331118623E-17 	
100.799987792969 	-0.432000000000698 	100.799987792969 	-1.0387812386728E-17 	
100.900024414063 	-0.426900000002206 	100.900024414063 	-1.03812896751432E-17 	
101 	-0.417300000000978 	101 	-1.03747709432483E-17 	
101.100036621094 	-0.409600000002683 	101.100036621094 	-1.03682482316635E-17 	
101.200012207031 	-0.410700000000361 	101.200012207031 	-1.03617294997685E-17 	
101.299987792969 	-0.40570000000298 	101.299987792969 	-1.03552107678736E-17 	
101.400024414063 	-0.403500000000349 	101.400024414063 	-1.03486880562888E-17 	
101.5 	-0.402900000000955 	101.5 	-1.03421693243938E-17 	
101.600036621094 	-0.39810000000216 	101.600036621094 	-1.03356466128091E-17 	
101.700012207031 	-0.396200000002864 	101.700012207031 	-1.03291278809141E-17 	
101.799987792969 	-0.393899999999121 	101.799987792969 	-1.03226091490191E-17 	
101.900024414063 	-0.393400000000838 	101.900024414063 	-1.03160864374343E-17 	
102 	-0.389100000000326 	102 	-1.03095677055394E-17 	
102.100036621094 	-0.385100000003149 	102.100036621094 	-1.03030449939546E-17 	
102.200012207031 	-0.385300000001735 	102.200012207031 	-1.02965262620596E-17 	
102.299987792969 	-0.380500000002939 	102.299987792969 	-1.02900075301647E-17 	
102.400024414063 	-0.379300000000512 	102.400024414063 	-1.02834848185799E-17 	
102.5 	-0.379400000001624 	102.5 	-1.02769660866849E-17 	
102.600036621094 	-0.380900000000111 	102.600036621094 	-1.02704433751001E-17 	
102.700012207031 	-0.378700000001118 	102.700012207031 	-1.02639246432052E-17 	
102.799987792969 	-0.378700000001118 	102.799987792969 	-1.02574059113102E-17 	
102.900024414063 	-0.381499999999505 	102.900024414063 	-1.02508831997254E-17 	
103 	-0.383099999999104 	103 	-1.02443644678305E-17 	
103.100036621094 	-0.384799999999814 	103.100036621094 	-1.02378417562457E-17 	
103.200012207031 	-0.388200000001234 	103.200012207031 	-1.02313230243507E-17 	
103.299987792969 	-0.391299999999319 	103.299987792969 	-1.02248042924558E-17 	
103.400024414063 	-0.391300000002957 	103.400024414063 	-1.0218281580871E-17 	
103.5 	-0.388800000000629 	103.5 	-1.0211762848976E-17 	
103.600036621094 	-0.390900000002148 	103.600036621094 	-1.02052401373912E-17 	
103.700012207031 	-0.393599999999424 	103.700012207031 	-1.01987214054963E-17 	
103.799987792969 	-0.388200000001234 	103.799987792969 	-1.01922026736013E-17 	
103.900024414063 	-0.386699999999109 	103.900024414063 	-1.01856799620165E-17 	
104 	-0.392900000002555 	104 	-1.01791612301216E-17 	
104.100036621094 	-0.391199999998207 	104.100036621094 	-1.01726385185368E-17 	
104.200012207031 	-0.390000000003056 	104.200012207031 	-1.01661197866418E-17 	
104.299987792969 	-0.391100000000733 	104.299987792969 	-1.01596010547468E-17 	
104.400024414063 	-0.390699999999924 	104.400024414063 	-1.01530783431621E-17 	
104.5 	-0.389999999999418 	104.5 	-1.01465596112671E-17 	
104.600036621094 	-0.389500000001135 	104.600036621094 	-1.01400368996823E-17 	
104.700012207031 	-0.387800000000425 	104.700012207031 	-1.01335181677874E-17 	
104.799987792969 	-0.385900000001129 	104.799987792969 	-1.01269994358924E-17 	
104.900024414063 	-0.386600000001636 	104.900024414063 	-1.01204767243076E-17 	
105 	-0.384600000001228 	105 	-1.01139579924127E-17 	
105.100036621094 	-0.382200000000012 	105.100036621094 	-1.01074352808279E-17 	
105.200012207031 	-0.376899999999296 	105.200012207031 	-1.01009165489329E-17 	
105.299987792969 	-0.380000000001019 	105.299987792969 	-1.00943978170379E-17 	
105.400024414063 	-0.382300000001123 	105.400024414063 	-1.00878751054532E-17 	
105.5 	-0.382799999999406 	105.5 	-1.00813563735582E-17 	
105.600036621094 	-0.382300000001123 	105.600036621094 	-1.00748336619734E-17 	
105.700012207031 	-0.382799999999406 	105.700012207031 	-1.00683149300785E-17 	
105.799987792969 	-0.384100000002945 	105.799987792969 	-1.00617961981835E-17 	
105.900024414063 	-0.384900000000926 	105.900024414063 	-1.00552734865987E-17 	
106 	-0.387500000000728 	106 	-1.00487547547037E-17 	
106.100036621094 	-0.384200000000419 	106.100036621094 	-1.0042232043119E-17 	
106.200012207031 	-0.385099999999511 	106.200012207031 	-1.0035713311224E-17 	
106.299987792969 	-0.385900000001129 	106.299987792969 	-1.0029194579329E-17 	
106.400024414063 	-0.390599999998813 	106.400024414063 	-1.00226718677443E-17 	
106.5 	-0.389900000001944 	106.5 	-1.00161531358493E-17 	
106.600036621094 	-0.390500000001339 	106.600036621094 	-1.00096304242645E-17 	
106.700012207031 	-0.394300000003568 	106.700012207031 	-1.00031116923695E-17 	
106.799987792969 	-0.399000000001251 	106.799987792969 	-9.99659296047458E-18 	
106.900024414063 	-0.398800000002666 	106.900024414063 	-9.99007024888981E-18 	
107 	-0.399300000000949 	107 	-9.98355151699484E-18 	
107.100036621094 	-0.398900000003778 	107.100036621094 	-9.97702880541006E-18 	
107.200012207031 	-0.402100000002974 	107.200012207031 	-9.97051007351509E-18 	
107.299987792969 	-0.401200000003882 	107.299987792969 	-9.96399134162012E-18 	
107.400024414063 	-0.396800000002258 	107.400024414063 	-9.95746863003535E-18 	
107.5 	-0.396100000001752 	107.5 	-9.95094989814038E-18 	
107.600036621094 	-0.397100000001956 	107.600036621094 	-9.94442718655561E-18 	
107.700012207031 	-0.399100000002363 	107.700012207031 	-9.93790845466064E-18 	
107.799987792969 	-0.397900000003574 	107.799987792969 	-9.93138972276567E-18 	
107.900024414063 	-0.398600000000442 	107.900024414063 	-9.9248670111809E-18 	
108 	-0.397100000001956 	108 	-9.91834827928593E-18 	
108.100036621094 	-0.397399999998015 	108.100036621094 	-9.91182556770116E-18 	
108.200012207031 	-0.400099999998929 	108.200012207031 	-9.90530683580619E-18 	
108.299987792969 	-0.398300000000745 	108.299987792969 	-9.89878810391122E-18 	
108.400024414063 	-0.395300000000134 	108.400024414063 	-9.89226539232644E-18 	
108.5 	-0.404900000001362 	108.5 	-9.88574666043148E-18 	
108.600036621094 	-0.405099999999948 	108.600036621094 	-9.8792239488467E-18 	
108.700012207031 	-0.398700000001554 	108.700012207031 	-9.87270521695173E-18 	
108.799987792969 	-0.407999999999447 	108.799987792969 	-9.86618648505676E-18 	
108.900024414063 	-0.42080000000351 	108.900024414063 	-9.85966377347199E-18 	
109 	-0.429200000002311 	109 	-9.85314504157702E-18 	
109.100036621094 	-0.425100000000384 	109.100036621094 	-9.84662232999225E-18 	
109.200012207031 	-0.436499999999796 	109.200012207031 	-9.84010359809728E-18 	
109.299987792969 	-0.441100000000006 	109.299987792969 	-9.83358486620231E-18 	
109.400024414063 	-0.445200000001932 	109.400024414063 	-9.82706215461754E-18 	
109.5 	-0.451700000001438 	109.5 	-9.82054342272257E-18 	
109.600036621094 	-0.45509999999922 	109.600036621094 	-9.8140207111378E-18 	
109.700012207031 	-0.457600000001548 	109.700012207031 	-9.80750197924283E-18 	
109.799987792969 	-0.461699999999837 	109.799987792969 	-9.80098324734786E-18 	
109.900024414063 	-0.465300000003481 	109.900024414063 	-9.79446053576308E-18 	
110 	-0.461500000001251 	110 	-9.78794180386811E-18 	
110.100036621094 	-0.46230000000287 	110.100036621094 	-9.78141909228334E-18 	
110.200012207031 	-0.46559999999954 	110.200012207031 	-9.77490036038837E-18 	
110.299987792969 	-0.463800000001356 	110.299987792969 	-9.7683816284934E-18 	
110.400024414063 	-0.47019999999975 	110.400024414063 	-9.76185891690863E-18 	
110.5 	-0.47019999999975 	110.5 	-9.75534018501366E-18 	
110.600036621094 	-0.480500000001484 	110.600036621094 	-9.74881747342889E-18 	
110.700012207031 	-0.485300000003917 	110.700012207031 	-9.74229874153392E-18 	
110.799987792969 	-0.485599999999977 	110.799987792969 	-9.73578000963895E-18 	
110.900024414063 	-0.481299999999464 	110.900024414063 	-9.72925729805418E-18 	
111 	-0.481400000000576 	111 	-9.72273856615921E-18 	
111.100036621094 	-0.472900000004302 	111.100036621094 	-9.71621585457444E-18 	
111.200012207031 	-0.465000000000146 	111.200012207031 	-9.70969712267947E-18 	
111.299987792969 	-0.462999999999738 	111.299987792969 	-9.7031783907845E-18 	
111.400024414063 	-0.467900000003283 	111.400024414063 	-9.69665567919972E-18 	
111.5 	-0.465200000002369 	111.5 	-9.69013694730475E-18 	
111.600036621094 	-0.466800000001967 	111.600036621094 	-9.68361423571998E-18 	
111.700012207031 	-0.466900000003079 	111.700012207031 	-9.67709550382501E-18 	
111.799987792969 	-0.456400000002759 	111.799987792969 	-9.67057677193004E-18 	
111.900024414063 	-0.454900000000634 	111.900024414063 	-9.66405406034527E-18 	
112 	-0.45350000000326 	112 	-9.6575353284503E-18 	
112.100036621094 	-0.448300000000017 	112.100036621094 	-9.65101261686553E-18 	
112.200012207031 	-0.451600000000326 	112.200012207031 	-9.64449388497056E-18 	
112.299987792969 	-0.456100000003062 	112.299987792969 	-9.63797515307559E-18 	
112.400024414063 	-0.455100000002858 	112.400024414063 	-9.63145244149082E-18 	
112.5 	-0.450400000001537 	112.5 	-9.62493370959585E-18 	
112.600036621094 	-0.454100000002654 	112.600036621094 	-9.61841099801108E-18 	
112.700012207031 	-0.453200000003562 	112.700012207031 	-9.6118922661161E-18 	
112.799987792969 	-0.456099999999424 	112.799987792969 	-9.60537353422114E-18 	
112.900024414063 	-0.452200000003359 	112.900024414063 	-9.59885082263636E-18 	
113 	-0.452799999999115 	113 	-9.59233209074139E-18 	
113.100036621094 	-0.453600000004371 	113.100036621094 	-9.58580937915662E-18 	
113.200012207031 	-0.450100000001839 	113.200012207031 	-9.57929064726165E-18 	
113.299987792969 	-0.456500000003871 	113.299987792969 	-9.57277191536668E-18 	
113.400024414063 	-0.452099999998609 	113.400024414063 	-9.56624920378191E-18 	
113.5 	-0.454000000001543 	113.5 	-9.55973047188694E-18 	
113.600036621094 	-0.450900000003458 	113.600036621094 	-9.55320776030217E-18 	
113.700012207031 	-0.449800000002142 	113.700012207031 	-9.5466890284072E-18 	
113.799987792969 	-0.449100000001636 	113.799987792969 	-9.54017029651223E-18 	
113.900024414063 	-0.447500000002037 	113.900024414063 	-9.53364758492746E-18 	
114 	-0.444900000002235 	114 	-9.52712885303249E-18 	
114.100036621094 	-0.441400000003341 	114.100036621094 	-9.52060614144771E-18 	
114.200012207031 	-0.43500000000131 	114.200012207031 	-9.51408740955274E-18 	
114.299987792969 	-0.434199999999691 	114.299987792969 	-9.50756867765777E-18 	
114.400024414063 	-0.434600000000501 	114.400024414063 	-9.501045966073E-18 	
114.5 	-0.44090000000142 	114.5 	-9.49452723417803E-18 	
114.600036621094 	-0.437000000001717 	114.600036621094 	-9.48800452259326E-18 	
114.700012207031 	-0.43920000000071 	114.700012207031 	-9.48148579069829E-18 	
114.799987792969 	-0.444199999998091 	114.799987792969 	-9.47496705880332E-18 	
114.900024414063 	-0.444999999999709 	114.900024414063 	-9.46844434721855E-18 	
115 	-0.446000000003551 	115 	-9.46192561532358E-18 	
115.100036621094 	-0.452900000000227 	115.100036621094 	-9.45540290373881E-18 	
115.200012207031 	-0.447300000003452 	115.200012207031 	-9.44888417184384E-18 	
115.299987792969 	-0.437799999999697 	115.299987792969 	-9.44236543994887E-18 	
115.400024414063 	-0.437900000000809 	115.400024414063 	-9.4358427283641E-18 	
115.5 	-0.449500000002445 	115.5 	-9.42932399646913E-18 	
115.600036621094 	-0.444500000001426 	115.600036621094 	-9.42280128488435E-18 	
115.700012207031 	-0.449500000002445 	115.700012207031 	-9.41628255298938E-18 	
115.799987792969 	-0.459000000002561 	115.799987792969 	-9.40976382109441E-18 	
115.900024414063 	-0.459000000002561 	115.900024414063 	-9.40324110950964E-18 	
116 	-0.449500000002445 	116 	-9.39672237761467E-18 	
116.100036621094 	-0.444500000001426 	116.100036621094 	-9.3901996660299E-18 	
116.200012207031 	-0.444500000001426 	116.200012207031 	-9.38368093413493E-18 	
116.299987792969 	 	116.299987792969 	-9.37716220223996E-18 	
116.400024414063 	 	116.400024414063 	-9.37063949065519E-18 	
116.5 	 	116.5 	-9.36412075876022E-18 	
116.600036621094 	 	116.600036621094 	-9.35759804717545E-18 	
116.700012207031 	 	116.700012207031 	-9.35107931528048E-18 	
116.799987792969 	 	116.799987792969 	-9.34456058338551E-18 	
116.900024414063 	 	116.900024414063 	-9.33803787180073E-18 	
117 	 	117 	-9.33151913990576E-18 	
117.100036621094 	 	117.100036621094 	-9.33151913990576E-18 	
117.200012207031 	 	117.200012207031 	0.652362571585507 	
117.299987792969 	 	117.299987792969 	0.804862802167151 	
117.400024414063 	 	117.400024414063 	0.840521814098026 	
117.5 	 	117.5 	0.848848049356329 	
117.600036621094 	 	117.600036621094 	0.850794959681644 	
117.700012207031 	 	117.700012207031 	0.851249562516079 	
117.799987792969 	 	117.799987792969 	0.851355831423722 	
117.900024414063 	 	117.900024414063 	0.851380678281443 	
118 	 	118 	0.851386485409981 	
118.100036621094 	 	118.100036621094 	0.851387846282229 	
118.200012207031 	 	118.200012207031 	0.851388142299909 	
118.299987792969 	 	118.299987792969 	0.851388237339794 	
118.400024414063 	 	118.400024414063 	0.851388253588032 	
118.5 	 	118.5 	0.851388263553901 	
118.600036621094 	 	118.600036621094 	0.851388271430998 	
118.700012207031 	 	118.700012207031 	0.851388267591293 	
118.799987792969 	4.95739999999932 	118.799987792969 	0.851388260430602 	
118.900024414063 	4.9484999999986 	118.900024414063 	0.851388258236496 	
119 	4.94150000000081 	119 	0.851388260324116 	
119.100036621094 	4.87410000000091 	119.100036621094 	0.851388262562452 	
119.200012207031 	4.83299999999872 	119.200012207031 	0.851388263029704 	
119.299987792969 	4.83299999999872 	119.299987792969 	0.851388262424803 	
119.400024414063 	4.8198999999986 	119.400024414063 	0.851388261763314 	
119.5 	4.81949999999779 	119.5 	0.851388261789414 	
119.600036621094 	4.85179999999673 	119.600036621094 	0.851388262229699 	
119.700012207031 	4.88739999999962 	119.700012207031 	0.851388262846205 	
119.799987792969 	4.85739999999714 	119.799987792969 	0.851388263733241 	
119.900024414063 	4.86379999999917 	119.900024414063 	0.851388267081347 	
120 	4.91929999999775 	120 	0.851388272093845 	
120.100036621094 	4.85719999999856 	120.100036621094 	0.851388276706885 	
120.200012207031 	4.85579999999754 	120.200012207031 	0.851388276293724 	
120.299987792969 	4.86889999999767 	120.299987792969 	0.851388271379562 	
120.400024414063 	4.87700000000041 	120.400024414063 	0.85138826962491 	
120.5 	4.87509999999747 	120.5 	0.851388266597269 	
120.600036621094 	4.86549999999988 	120.600036621094 	0.851388262885824 	
120.700012207031 	4.84769999999844 	120.700012207031 	0.851388259346462 	
120.799987792969 	4.8747000000003 	120.799987792969 	0.851388258289467 	
120.900024414063 	4.88149999999951 	120.900024414063 	0.851388259733682 	
121 	4.8797999999988 	121 	0.851388260721842 	
121.100036621094 	4.88130000000092 	121.100036621094 	0.851388262025191 	
121.200012207031 	4.88549999999668 	121.200012207031 	0.85138826330626 	
121.299987792969 	4.89150000000154 	121.299987792969 	0.851388264835142 	
121.400024414063 	4.88139999999839 	121.400024414063 	0.851388265036513 	
121.5 	4.88070000000153 	121.5 	0.851388263964944 	
121.600036621094 	4.88090000000011 	121.600036621094 	0.851388263099435 	
121.700012207031 	4.87710000000152 	121.700012207031 	0.851388262349013 	
121.799987792969 	4.8849999999984 	121.799987792969 	0.851388261850749 	
121.900024414063 	4.8830999999991 	121.900024414063 	0.851388261162524 	
122 	4.86650000000009 	122 	0.851388261207701 	
122.100036621094 	4.86549999999988 	122.100036621094 	0.851388261905248 	
122.200012207031 	4.86769999999888 	122.200012207031 	0.851388262508892 	
122.299987792969 	4.85959999999977 	122.299987792969 	0.85138826291771 	
122.400024414063 	4.84459999999672 	122.400024414063 	0.851388263085087 	
122.5 	4.84179999999833 	122.5 	0.851388263363142 	
122.600036621094 	4.83789999999863 	122.600036621094 	0.851388263263991 	
122.700012207031 	4.8366999999962 	122.700012207031 	0.851388262851513 	
122.799987792969 	4.8337999999967 	122.799987792969 	0.851388262472908 	
122.900024414063 	4.82679999999891 	122.900024414063 	0.851388262267865 	
123 	4.81869999999981 	123 	0.851388262241963 	
123.100036621094 	4.81300000000192 	123.100036621094 	0.851388262154562 	
123.200012207031 	4.80159999999887 	123.200012207031 	0.851388262246226 	
123.299987792969 	4.80649999999878 	123.299987792969 	0.851388262477184 	
123.400024414063 	4.79939999999988 	123.400024414063 	0.851388262700094 	
123.5 	4.80109999999695 	123.5 	0.851388262794423 	
123.600036621094 	4.79909999999654 	123.600036621094 	0.851388262926226 	
123.700012207031 	4.79489999999714 	123.700012207031 	0.851388263351613 	
123.799987792969 	4.78609999999753 	123.799987792969 	0.851388263781058 	
123.900024414063 	4.77809999999954 	123.900024414063 	0.851388264009499 	
124 	4.77869999999893 	124 	0.851388263706724 	
124.100036621094 	4.77679999999964 	124.100036621094 	0.851388263596793 	
124.200012207031 	4.76779999999781 	124.200012207031 	0.851388264021084 	
124.299987792969 	4.76180000000022 	124.299987792969 	0.851388264366775 	
124.400024414063 	4.7573999999986 	124.400024414063 	0.851388264420088 	
124.5 	4.75530000000072 	124.5 	0.85138826386647 	
124.600036621094 	4.75009999999747 	124.600036621094 	0.851388263551177 	
124.700012207031 	4.7461000000003 	124.700012207031 	0.851388263622589 	
124.799987792969 	4.7426000000014 	124.799987792969 	0.851388263636662 	
124.900024414063 	4.73999999999796 	124.900024414063 	0.851388263516586 	
125 	4.73869999999806 	125 	0.851388263154022 	
125.100036621094 	4.73689999999988 	125.100036621094 	0.851388262915247 	
125.200012207031 	4.73549999999886 	125.200012207031 	0.851388262800514 	
125.299987792969 	4.73239999999714 	125.299987792969 	0.851388262702 	
125.400024414063 	4.72999999999956 	125.400024414063 	0.851388262627833 	
125.5 	4.72350000000006 	125.5 	0.851388262586019 	
125.600036621094 	4.71929999999702 	125.600036621094 	0.851388262509618 	
125.700012207031 	4.71940000000177 	125.700012207031 	0.851388262421704 	
125.799987792969 	4.7181999999957 	125.799987792969 	0.851388262338863 	
125.900024414063 	4.71779999999853 	125.900024414063 	0.851388262265149 	
126 	4.71409999999742 	126 	0.851388262205652 	
126.100036621094 	4.70939999999973 	126.100036621094 	0.851388262166203 	
126.200012207031 	4.70669999999882 	126.200012207031 	0.851388262153649 	
126.299987792969 	4.70059999999648 	126.299987792969 	0.851388262175654 	
126.400024414063 	4.69659999999931 	126.400024414063 	0.851388262240866 	
126.5 	4.69399999999951 	126.5 	0.851388262358704 	
126.600036621094 	4.68920000000071 	126.600036621094 	0.851388262442981 	
126.700012207031 	4.68819999999687 	126.700012207031 	0.851388262436045 	
126.799987792969 	4.6859000000004 	126.799987792969 	0.851388262429304 	
126.900024414063 	4.6856000000007 	126.900024414063 	0.851388262423571 	
127 	4.68029999999635 	127 	0.851388262419956 	
127.100036621094 	4.67969999999696 	127.100036621094 	0.851388262419854 	
127.200012207031 	4.67919999999867 	127.200012207031 	0.851388262424951 	
127.299987792969 	4.67669999999998 	127.299987792969 	0.851388262437225 	
127.400024414063 	4.67479999999705 	127.400024414063 	0.851388262458958 	
127.5 	4.67109999999957 	127.5 	0.851388262492687 	
127.600036621094 	4.66819999999643 	127.600036621094 	0.851388262534201 	
127.700012207031 	4.66439999999784 	127.700012207031 	0.851388262534518 	
127.799987792969 	4.66239999999743 	127.799987792969 	0.851388262533736 	
127.900024414063 	4.65780000000086 	127.900024414063 	0.851388262532253 	
128 	4.65319999999701 	128 	0.851388262530572 	
128.100036621094 	4.64749999999913 	128.100036621094 	0.851388262529285 	
128.200012207031 	4.64180000000124 	128.200012207031 	0.851388262529089 	
128.299987792969 	4.63780000000042 	128.299987792969 	0.851388262530772 	
128.400024414063 	4.63460000000123 	128.400024414063 	0.851388262535224 	
128.5 	4.62989999999991 	128.5 	0.851388262543425 	
128.600036621094 	4.63009999999849 	128.600036621094 	0.851388262556468 	
128.700012207031 	4.62589999999909 	128.700012207031 	0.851388262548087 	
128.799987792969 	4.61889999999767 	128.799987792969 	0.851388262530869 	
128.900024414063 	4.61319999999978 	128.900024414063 	0.851388262511626 	
129 	4.61100000000079 	129 	0.851388262490951 	
129.100036621094 	4.60970000000088 	129.100036621094 	0.851388262469483 	
129.200012207031 	4.60649999999805 	129.200012207031 	0.851388262448006 	
129.299987792969 	4.60909999999785 	129.299987792969 	0.851388262427358 	
129.400024414063 	4.60689999999886 	129.400024414063 	0.851388262408474 	
129.5 	4.60239999999612 	129.5 	0.851388262392418 	
129.600036621094 	4.59820000000036 	129.600036621094 	0.851388262380306 	
129.700012207031 	4.59460000000036 	129.700012207031 	0.851388262373382 	
129.799987792969 	4.59049999999843 	129.799987792969 	0.851388262372959 	
129.900024414063 	4.58819999999832 	129.900024414063 	0.851388262380462 	
130 	4.58820000000196 	130 	0.851388262397394 	
130.100036621094 	4.5850999999966 	130.100036621094 	0.851388262425382 	
130.200012207031 	4.58030000000144 	130.200012207031 	0.851388262466092 	
130.299987792969 	4.58019999999669 	130.299987792969 	0.851388262521332 	
130.400024414063 	4.57869999999821 	130.400024414063 	0.851388262475397 	
130.5 	4.5766999999978 	130.5 	0.851388262412967 	
130.600036621094 	4.57549999999901 	130.600036621094 	0.851388262345469 	
130.700012207031 	4.57380000000194 	130.700012207031 	0.851388262273673 	
130.799987792969 	4.57300000000032 	130.799987792969 	0.851388262198321 	
130.900024414063 	4.571899999999 	130.900024414063 	0.851388262120249 	
131 	4.57369999999719 	131 	0.851388262040536 	
131.100036621094 	4.57019999999829 	131.100036621094 	0.851388261960167 	
131.200012207031 	4.56689999999799 	131.200012207031 	0.851388261880423 	
131.299987792969 	4.56629999999859 	131.299987792969 	0.851388261802534 	
131.400024414063 	4.56520000000091 	131.400024414063 	0.851388261727836 	
131.5 	4.5666999999994 	131.5 	0.8513882616579 	
131.600036621094 	4.56360000000132 	131.600036621094 	0.851388261594221 	
131.700012207031 	4.55789999999615 	131.700012207031 	0.851388261538555 	
131.799987792969 	4.55489999999918 	131.799987792969 	0.851388261492637 	
131.900024414063 	4.55140000000029 	131.900024414063 	0.851388261458328 	
132 	4.54999999999927 	132 	0.851388261437645 	
132.100036621094 	4.55019999999786 	132.100036621094 	0.85138826143264 	
132.200012207031 	4.54839999999967 	132.200012207031 	0.851388261445494 	
132.299987792969 	4.54490000000078 	132.299987792969 	0.851388261478472 	
132.400024414063 	4.54659999999785 	132.400024414063 	0.851388261533989 	
132.5 	4.54590000000098 	132.5 	0.851388261614449 	
132.600036621094 	4.54039999999804 	132.600036621094 	0.851388261722525 	
132.700012207031 	4.53410000000076 	132.700012207031 	0.851388261860756 	
132.799987792969 	4.53459999999541 	132.799987792969 	0.85138826203197 	
132.900024414063 	4.52920000000086 	132.900024414063 	0.851388262239173 	
133 	4.52569999999832 	133 	0.851388262380375 	
133.100036621094 	4.5222999999969 	133.100036621094 	0.85138826232657 	
133.200012207031 	4.51669999999649 	133.200012207031 	0.851388262271428 	
133.299987792969 	4.51669999999649 	133.299987792969 	0.851388262215419 	
133.400024414063 	4.51299999999901 	133.400024414063 	0.851388262159048 	
133.5 	4.51190000000133 	133.5 	0.851388262102966 	
133.600036621094 	4.50919999999678 	133.600036621094 	0.851388262047722 	
133.700012207031 	4.50720000000001 	133.700012207031 	0.85138826199404 	
133.799987792969 	4.5102999999981 	133.799987792969 	0.85138826194258 	
133.900024414063 	4.50790000000052 	133.900024414063 	0.851388261894047 	
134 	4.50820000000022 	134 	0.85138826184927 	
134.100036621094 	4.51039999999921 	134.100036621094 	0.851388261809006 	
134.200012207031 	4.50950000000012 	134.200012207031 	0.851388261774151 	
134.299987792969 	4.50909999999931 	134.299987792969 	0.851388261745564 	
134.400024414063 	4.50619999999981 	134.400024414063 	0.851388261724159 	
134.5 	4.5038999999997 	134.5 	0.851388261710926 	
134.600036621094 	4.50799999999799 	134.600036621094 	0.851388261706848 	
134.700012207031 	4.50539999999819 	134.700012207031 	0.851388261712971 	
134.799987792969 	4.50669999999809 	134.799987792969 	0.851388261730366 	
134.900024414063 	4.5054999999993 	134.900024414063 	0.85138826176017 	
135 	4.5044999999991 	135 	0.851388261803501 	
135.100036621094 	4.50619999999617 	135.100036621094 	0.851388261861605 	
135.200012207031 	4.5096999999987 	135.200012207031 	0.851388261935643 	
135.299987792969 	4.50859999999739 	135.299987792969 	0.851388262026912 	
135.400024414063 	4.50439999999799 	135.400024414063 	0.851388262136793 	
135.5 	4.50359999999637 	135.5 	0.851388262266496 	
135.600036621094 	4.5044999999991 	135.600036621094 	0.851388262417566 	
135.700012207031 	4.50340000000142 	135.700012207031 	0.851388262456432 	
135.799987792969 	4.50349999999889 	135.799987792969 	0.851388262456302 	
135.900024414063 	4.50409999999829 	135.900024414063 	0.851388262456137 	
136 	4.50169999999707 	136 	0.851388262455971 	
136.100036621094 	4.5002999999997 	136.100036621094 	0.851388262455838 	
136.200012207031 	4.49759999999878 	136.200012207031 	0.851388262455775 	
136.299987792969 	4.4948000000004 	136.299987792969 	0.851388262455823 	
136.400024414063 	4.49510000000009 	136.400024414063 	0.851388262456025 	
136.5 	4.49159999999756 	136.5 	0.851388262456424 	
136.600036621094 	4.48949999999604 	136.600036621094 	0.851388262457069 	
136.700012207031 	4.48669999999765 	136.700012207031 	0.851388262458011 	
136.799987792969 	4.48479999999836 	136.799987792969 	0.851388262459301 	
136.900024414063 	4.48119999999835 	136.900024414063 	0.851388262460996 	
137 	4.48079999999754 	137 	0.851388262463152 	
137.100036621094 	4.47940000000017 	137.100036621094 	0.851388262465833 	
137.200012207031 	4.47849999999744 	137.200012207031 	0.851388262469098 	
137.299987792969 	4.47799999999916 	137.299987792969 	0.851388262473013 	
137.400024414063 	4.47660000000178 	137.400024414063 	0.851388262477651 	
137.5 	4.47729999999865 	137.5 	0.851388262483077 	
137.600036621094 	4.47609999999622 	137.600036621094 	0.851388262489369 	
137.700012207031 	4.47450000000026 	137.700012207031 	0.851388262496598 	
137.799987792969 	4.47509999999602 	137.799987792969 	0.851388262504843 	
137.900024414063 	4.47550000000047 	137.900024414063 	0.851388262514193 	
138 	4.47730000000229 	138 	0.85138826252472 	
138.100036621094 	4.47569999999905 	138.100036621094 	0.851388262536522 	
138.200012207031 	4.47579999999653 	138.200012207031 	0.851388262549673 	
138.299987792969 	4.47539999999935 	138.299987792969 	0.851388262560693 	
138.400024414063 	4.47529999999824 	138.400024414063 	0.851388262557004 	
138.5 	4.47560000000158 	138.5 	0.851388262553025 	
138.600036621094 	4.47520000000077 	138.600036621094 	0.851388262548778 	
138.700012207031 	4.47399999999834 	138.700012207031 	0.851388262544296 	
138.799987792969 	4.47639999999956 	138.799987792969 	0.851388262539603 	
138.900024414063 	4.47589999999764 	138.900024414063 	0.851388262534721 	
139 	4.47859999999855 	139 	0.851388262529684 	
139.100036621094 	4.47859999999855 	139.100036621094 	0.851388262524512 	
139.200012207031 	4.48019999999815 	139.200012207031 	0.851388262519237 	
139.299987792969 	4.47929999999906 	139.299987792969 	0.851388262513883 	
139.400024414063 	4.47659999999814 	139.400024414063 	0.851388262508474 	
139.5 	4.47859999999855 	139.5 	0.851388262503043 	
139.600036621094 	4.48110000000088 	139.600036621094 	0.851388262497609 	
139.700012207031 	4.48199999999997 	139.700012207031 	0.851388262492206 	
139.799987792969 	4.48179999999775 	139.799987792969 	0.851388262486857 	
139.900024414063 	4.47819999999774 	139.900024414063 	0.851388262481585 	
140 	4.47460000000137 	140 	0.851388262476423 	
140.100036621094 	4.47179999999935 	140.100036621094 	0.851388262471392 	
140.200012207031 	4.47170000000187 	140.200012207031 	0.851388262466525 	
140.299987792969 	4.46999999999753 	140.299987792969 	0.851388262461844 	
140.400024414063 	4.47079999999914 	140.400024414063 	0.851388262457374 	
140.5 	4.46789999999964 	140.5 	0.851388262453146 	
140.600036621094 	4.46839999999793 	140.600036621094 	0.851388262449183 	
140.700012207031 	4.46579999999813 	140.700012207031 	0.851388262445515 	
140.799987792969 	4.46689999999944 	140.799987792969 	0.851388262442166 	
140.900024414063 	4.46789999999964 	140.900024414063 	0.851388262439162 	
141 	4.46659999999611 	141 	0.851388262436533 	
141.100036621094 	4.46240000000034 	141.100036621094 	0.851388262434301 	
141.200012207031 	4.46010000000024 	141.200012207031 	0.851388262432497 	
141.299987792969 	4.45880000000034 	141.299987792969 	0.851388262431145 	
141.400024414063 	4.46049999999741 	141.400024414063 	0.851388262430271 	
141.5 	4.46239999999671 	141.5 	0.851388262429904 	
141.600036621094 	4.46229999999923 	141.600036621094 	0.851388262430069 	
141.700012207031 	4.46069999999963 	141.700012207031 	0.851388262430793 	
141.799987792969 	4.46080000000075 	141.799987792969 	0.851388262432101 	
141.900024414063 	4.46099999999569 	141.900024414063 	0.851388262434023 	
142 	4.4619999999959 	142 	0.851388262436582 	
142.100036621094 	4.4626999999964 	142.100036621094 	0.851388262439808 	
142.200012207031 	4.46110000000044 	142.200012207031 	0.851388262443723 	
142.299987792969 	4.46249999999782 	142.299987792969 	0.851388262448357 	
142.400024414063 	4.46419999999853 	142.400024414063 	0.851388262453738 	
142.5 	4.46189999999842 	142.5 	0.851388262459887 	
142.600036621094 	4.46399999999994 	142.600036621094 	0.851388262466839 	
142.700012207031 	4.46830000000045 	142.700012207031 	0.85138826247461 	
142.799987792969 	4.46969999999783 	142.799987792969 	0.851388262483233 	
142.900024414063 	4.46979999999894 	142.900024414063 	0.851388262492738 	
143 	4.46819999999934 	143 	0.851388262503142 	
143.100036621094 	4.46829999999682 	143.100036621094 	0.851388262514483 	
143.200012207031 	4.46529999999984 	143.200012207031 	0.851388262526775 	
143.299987792969 	4.46659999999974 	143.299987792969 	0.85138826254005 	
143.400024414063 	4.46710000000166 	143.400024414063 	0.851388262554344 	
143.5 	4.47059999999692 	143.5 	0.851388262559728 	
143.600036621094 	4.46800000000076 	143.600036621094 	0.851388262556992 	
143.700012207031 	4.46839999999793 	143.700012207031 	0.851388262554271 	
143.799987792969 	4.46799999999712 	143.799987792969 	0.851388262551568 	
143.900024414063 	4.46389999999883 	143.900024414063 	0.851388262548887 	
144 	4.464299999996 	144 	0.85138826254624 	
144.100036621094 	4.46319999999832 	144.100036621094 	0.851388262543629 	
144.200012207031 	4.464299999996 	144.200012207031 	0.851388262541063 	
144.299987792969 	4.46349999999802 	144.299987792969 	0.851388262538547 	
144.400024414063 	4.46609999999782 	144.400024414063 	0.851388262536085 	
144.5 	4.46709999999803 	144.5 	0.851388262533688 	
144.600036621094 	4.46840000000157 	144.600036621094 	0.851388262531359 	
144.700012207031 	4.46509999999762 	144.700012207031 	0.851388262529106 	
144.799987792969 	4.46500000000015 	144.799987792969 	0.851388262526935 	
144.900024414063 	4.46349999999802 	144.900024414063 	0.85138826252485 	
145 	4.46449999999822 	145 	0.851388262522861 	
145.100036621094 	4.46280000000115 	145.100036621094 	0.851388262520971 	
145.200012207031 	4.46480000000156 	145.200012207031 	0.851388262519189 	
145.299987792969 	4.46449999999822 	145.299987792969 	0.85138826251752 	
145.400024414063 	4.46669999999722 	145.400024414063 	0.851388262515969 	
145.5 	4.46779999999853 	145.5 	0.851388262514545 	
145.600036621094 	4.46779999999853 	145.600036621094 	0.851388262513252 	
145.700012207031 	4.46459999999934 	145.700012207031 	0.851388262512098 	
145.799987792969 	4.46349999999802 	145.799987792969 	0.851388262511089 	
145.900024414063 	4.46800000000076 	145.900024414063 	0.85138826251023 	
146 	4.47079999999914 	146 	0.851388262509529 	
146.100036621094 	4.47290000000066 	146.100036621094 	0.851388262508991 	
146.200012207031 	4.47409999999945 	146.200012207031 	0.851388262508623 	
146.299987792969 	4.47229999999763 	146.299987792969 	0.851388262508432 	
146.400024414063 	4.46949999999924 	146.400024414063 	0.851388262508422 	
146.5 	4.46960000000036 	146.5 	0.851388262508601 	
146.600036621094 	4.47229999999763 	146.600036621094 	0.851388262508976 	
146.700012207031 	4.47409999999945 	146.700012207031 	0.851388262509552 	
146.799987792969 	4.47529999999824 	146.799987792969 	0.851388262510335 	
146.900024414063 	4.47509999999966 	146.900024414063 	0.851388262511332 	
147 	4.47179999999935 	147 	0.85138826251255 	
147.100036621094 	4.47220000000016 	147.100036621094 	0.851388262513994 	
147.200012207031 	4.47220000000016 	147.200012207031 	0.851388262515671 	
147.299987792969 	4.47119999999632 	147.299987792969 	0.851388262517587 	
147.400024414063 	4.47109999999884 	147.400024414063 	0.851388262519749 	
147.5 	4.46639999999752 	147.5 	0.851388262522162 	
147.600036621094 	4.46630000000005 	147.600036621094 	0.851388262524834 	
147.700012207031 	4.46700000000055 	147.700012207031 	0.851388262527769 	
147.799987792969 	4.46649999999863 	147.799987792969 	0.851388262530975 	
147.900024414063 	4.46380000000136 	147.900024414063 	0.85138826253446 	
148 	4.46370000000024 	148 	0.851388262538226 	
148.100036621094 	4.4652999999962 	148.100036621094 	0.851388262542284 	
148.200012207031 	4.46619999999893 	148.200012207031 	0.851388262546635 	
148.299987792969 	4.46220000000176 	148.299987792969 	0.851388262551289 	
148.400024414063 	4.46169999999984 	148.400024414063 	0.851388262556253 	
148.5 	4.46279999999751 	148.5 	0.85138826256153 	
148.600036621094 	4.46340000000055 	148.600036621094 	0.851388262567131 	
148.700012207031 	4.4619999999959 	148.700012207031 	0.851388262565798 	
148.799987792969 	4.46159999999873 	148.799987792969 	0.8513882625636 	
148.900024414063 	4.46119999999792 	148.900024414063 	0.851388262561372 	
149 	4.45769999999902 	149 	0.851388262559121 	
149.100036621094 	4.46119999999792 	149.100036621094 	0.851388262556846 	
149.200012207031 	4.46270000000004 	149.200012207031 	0.851388262554554 	
149.299987792969 	4.45999999999549 	149.299987792969 	0.851388262552247 	
149.400024414063 	4.45650000000023 	149.400024414063 	0.851388262549926 	
149.5 	4.45699999999852 	149.5 	0.851388262547598 	
149.600036621094 	4.45369999999821 	149.600036621094 	0.851388262545262 	
149.700012207031 	4.45290000000023 	149.700012207031 	0.851388262542924 	
149.799987792969 	4.4529999999977 	149.799987792969 	0.851388262540587 	
149.900024414063 	4.45079999999871 	149.900024414063 	0.851388262538252 	
150 	4.45149999999921 	150 	0.851388262535925 	
150.100036621094 	4.45209999999861 	150.100036621094 	0.851388262533606 	
150.200012207031 	4.4529999999977 	150.200012207031 	0.851388262531302 	
150.299987792969 	4.45089999999618 	150.299987792969 	0.851388262529014 	
150.400024414063 	4.45159999999669 	150.400024414063 	0.851388262526743 	
150.5 	4.45059999999648 	150.5 	0.851388262524496 	
150.600036621094 	4.4519999999975 	150.600036621094 	0.851388262522274 	
150.700012207031 	4.45079999999871 	150.700012207031 	0.851388262520082 	
150.799987792969 	4.44780000000173 	150.799987792969 	0.851388262517921 	
150.900024414063 	4.44759999999951 	150.900024414063 	0.851388262515794 	
151 	4.44999999999709 	151 	0.851388262513707 	
151.100036621094 	4.45109999999841 	151.100036621094 	0.851388262511659 	
151.200012207031 	4.44959999999992 	151.200012207031 	0.851388262509658 	
151.299987792969 	4.44830000000002 	151.299987792969 	0.851388262507703 	
151.400024414063 	4.4464999999982 	151.400024414063 	0.851388262505799 	
151.5 	4.44439999999668 	151.5 	0.85138826250395 	
151.600036621094 	4.44509999999718 	151.600036621094 	0.851388262502156 	
151.700012207031 	4.44789999999921 	151.700012207031 	0.851388262500424 	
151.799987792969 	4.45049999999901 	151.799987792969 	0.851388262498755 	
151.900024414063 	4.45109999999841 	151.900024414063 	0.851388262497152 	
152 	4.44659999999931 	152 	0.851388262495619 	
152.100036621094 	4.44349999999758 	152.100036621094 	0.851388262494159 	
152.200012207031 	4.44549999999799 	152.200012207031 	0.851388262492775 	
152.299987792969 	4.44450000000143 	152.299987792969 	0.85138826249147 	
152.400024414063 	4.4455999999991 	152.400024414063 	0.851388262490247 	
152.5 	4.44789999999921 	152.5 	0.85138826248911 	
152.600036621094 	4.44629999999961 	152.600036621094 	0.851388262488062 	
152.700012207031 	4.44639999999708 	152.700012207031 	0.851388262487105 	
152.799987792969 	4.44470000000001 	152.799987792969 	0.851388262486243 	
152.900024414063 	4.4471999999987 	152.900024414063 	0.851388262485479 	
153 	4.44440000000031 	153 	0.851388262484817 	
153.100036621094 	4.4474999999984 	153.100036621094 	0.851388262484258 	
153.200012207031 	4.4503999999979 	153.200012207031 	0.851388262483808 	
153.299987792969 	4.45159999999669 	153.299987792969 	0.851388262483468 	
153.400024414063 	4.45099999999729 	153.400024414063 	0.851388262483242 	
153.5 	4.45159999999669 	153.5 	0.851388262483132 	
153.600036621094 	4.45339999999851 	153.600036621094 	0.851388262483143 	
153.700012207031 	4.45379999999932 	153.700012207031 	0.851388262483278 	
153.799987792969 	4.45529999999781 	153.799987792969 	0.851388262483538 	
153.900024414063 	4.45160000000033 	153.900024414063 	0.851388262483929 	
154 	4.45160000000033 	154 	0.851388262484452 	
154.100036621094 	4.44830000000002 	154.100036621094 	0.851388262485111 	
154.200012207031 	4.44709999999759 	154.200012207031 	0.851388262485909 	
154.299987792969 	4.44850000000224 	154.299987792969 	0.851388262486849 	
154.400024414063 	4.44549999999799 	154.400024414063 	0.851388262487935 	
154.5 	4.44219999999768 	154.5 	0.851388262489169 	
154.600036621094 	4.4442999999992 	154.600036621094 	0.851388262490555 	
154.700012207031 	4.44220000000132 	154.700012207031 	0.851388262492096 	
154.799987792969 	4.44239999999991 	154.799987792969 	0.851388262493794 	
154.900024414063 	4.44679999999789 	154.900024414063 	0.851388262495655 	
155 	4.44540000000052 	155 	0.851388262497678 	
155.100036621094 	4.44340000000011 	155.100036621094 	0.851388262499871 	
155.200012207031 	4.44290000000183 	155.200012207031 	0.851388262502232 	
155.299987792969 	4.44629999999961 	155.299987792969 	0.851388262504768 	
155.400024414063 	4.44859999999971 	155.400024414063 	0.851388262507481 	
155.5 	4.45170000000144 	155.5 	0.851388262510374 	
155.600036621094 	4.45070000000123 	155.600036621094 	0.851388262513451 	
155.700012207031 	4.45099999999729 	155.700012207031 	0.851388262516713 	
155.799987792969 	4.45300000000134 	155.799987792969 	0.851388262520164 	
155.900024414063 	4.45339999999851 	155.900024414063 	0.85138826252381 	
156 	4.45289999999659 	156 	0.851388262527649 	
156.100036621094 	4.45309999999881 	156.100036621094 	0.85138826253169 	
156.200012207031 	4.4545999999973 	156.200012207031 	0.851388262535931 	
156.299987792969 	4.45430000000124 	156.299987792969 	0.851388262540377 	
156.400024414063 	4.454899999997 	156.400024414063 	0.851388262545034 	
156.5 	4.45790000000125 	156.5 	0.851388262549899 	
156.600036621094 	4.4561999999969 	156.600036621094 	0.851388262554983 	
156.700012207031 	4.46059999999852 	156.700012207031 	0.851388262560281 	
156.799987792969 	4.46129999999903 	156.799987792969 	0.851388262565801 	
156.900024414063 	4.46220000000176 	156.900024414063 	0.851388262565471 	
157 	4.45939999999973 	157 	0.851388262561856 	
157.100036621094 	4.45609999999942 	157.100036621094 	0.851388262558206 	
157.200012207031 	4.4568999999974 	157.200012207031 	0.851388262554528 	
157.299987792969 	4.45829999999842 	157.299987792969 	0.851388262550822 	
157.400024414063 	4.45989999999802 	157.400024414063 	0.851388262547087 	
157.5 	4.45910000000003 	157.5 	0.851388262543329 	
157.600036621094 	4.45939999999973 	157.600036621094 	0.851388262539546 	
157.700012207031 	4.46120000000155 	157.700012207031 	0.851388262535744 	
157.799987792969 	4.45999999999913 	157.799987792969 	0.851388262531923 	
157.900024414063 	4.45859999999811 	157.900024414063 	0.851388262528083 	
158 	4.45629999999801 	158 	0.85138826252423 	
158.100036621094 	4.45420000000013 	158.100036621094 	0.85138826252036 	
158.200012207031 	4.45499999999811 	158.200012207031 	0.851388262516482 	
158.299987792969 	4.4542999999976 	158.299987792969 	0.851388262512594 	
158.400024414063 	4.46010000000024 	158.400024414063 	0.851388262508696 	
158.5 	4.45890000000145 	158.5 	0.851388262504794 	
158.600036621094 	4.45910000000003 	158.600036621094 	0.851388262500885 	
158.700012207031 	4.45290000000023 	158.700012207031 	0.851388262496977 	
158.799987792969 	4.45089999999982 	158.799987792969 	0.851388262493069 	
158.900024414063 	4.4464999999982 	158.900024414063 	0.85138826248916 	
159 	4.44099999999889 	159 	0.851388262485256 	
159.100036621094 	4.43699999999808 	159.100036621094 	0.851388262481356 	
159.200012207031 	4.43679999999949 	159.200012207031 	0.851388262477465 	
159.299987792969 	4.43459999999686 	159.299987792969 	0.851388262473583 	
159.400024414063 	4.43869999999879 	159.400024414063 	0.85138826246971 	
159.5 	4.4372000000003 	159.5 	0.851388262465853 	
159.600036621094 	4.43849999999657 	159.600036621094 	0.851388262462007 	
159.700012207031 	4.44050000000061 	159.700012207031 	0.851388262458181 	
159.799987792969 	4.43969999999899 	159.799987792969 	0.851388262454373 	
159.900024414063 	4.44080000000031 	159.900024414063 	0.851388262450583 	
160 	4.43870000000243 	160 	0.851388262446818 	
160.100036621094 	4.43639999999868 	160.100036621094 	0.851388262443074 	
160.200012207031 	4.43769999999859 	160.200012207031 	0.851388262439359 	
160.299987792969 	4.43979999999647 	160.299987792969 	0.851388262435672 	
160.400024414063 	4.4385000000002 	160.400024414063 	0.851388262432013 	
160.5 	4.44190000000162 	160.5 	0.851388262428387 	
160.600036621094 	4.44420000000173 	160.600036621094 	0.851388262424793 	
160.700012207031 	4.44659999999931 	160.700012207031 	0.851388262421236 	
160.799987792969 	4.44380000000092 	160.799987792969 	0.851388262417717 	
160.900024414063 	4.44159999999829 	160.900024414063 	0.851388262414235 	
161 	4.4387999999999 	161 	0.851388262410796 	
161.100036621094 	4.43669999999838 	161.100036621094 	0.851388262407398 	
161.200012207031 	4.43869999999879 	161.200012207031 	0.851388262404047 	
161.299987792969 	4.43749999999636 	161.299987792969 	0.851388262400743 	
161.400024414063 	4.4336000000003 	161.400024414063 	0.851388262397485 	
161.5 	4.43370000000141 	161.5 	0.85138826239428 	
161.600036621094 	4.43459999999686 	161.600036621094 	0.851388262391125 	
161.700012207031 	4.43479999999909 	161.700012207031 	0.851388262388026 	
161.799987792969 	4.43239999999787 	161.799987792969 	0.851388262384984 	
161.900024414063 	4.43279999999868 	161.900024414063 	0.851388262381998 	
162 	4.43129999999655 	162 	0.851388262379074 	
162.100036621094 	4.43259999999646 	162.100036621094 	0.851388262376209 	
162.200012207031 	4.42649999999776 	162.200012207031 	0.85138826237341 	
162.299987792969 	4.42680000000109 	162.299987792969 	0.851388262370677 	
162.400024414063 	4.42849999999817 	162.400024414063 	0.851388262368009 	
162.5 	4.43269999999757 	162.5 	0.851388262365412 	
162.600036621094 	4.43329999999696 	162.600036621094 	0.851388262362885 	
162.700012207031 	4.43189999999595 	162.700012207031 	0.851388262360433 	
162.799987792969 	4.4323000000004 	162.799987792969 	0.851388262358056 	
162.900024414063 	4.42819999999847 	162.900024414063 	0.851388262355754 	
163 	4.42649999999776 	163 	0.851388262353532 	
163.100036621094 	4.42269999999917 	163.100036621094 	0.85138826235139 	
163.200012207031 	4.41529999999693 	163.200012207031 	0.851388262349331 	
163.299987792969 	4.40969999999652 	163.299987792969 	0.851388262347357 	
163.400024414063 	4.40650000000096 	163.400024414063 	0.851388262345467 	
163.5 	4.40689999999813 	163.5 	0.851388262343667 	
163.600036621094 	4.40329999999813 	163.600036621094 	0.851388262341956 	
163.700012207031 	4.40699999999924 	163.700012207031 	0.851388262340338 	
163.799987792969 	4.40979999999763 	163.799987792969 	0.851388262338814 	
163.900024414063 	4.41049999999814 	163.900024414063 	0.851388262337385 	
164 	4.41059999999925 	164 	0.851388262336054 	
164.100036621094 	4.41119999999864 	164.100036621094 	0.851388262334821 	
164.200012207031 	4.41189999999915 	164.200012207031 	0.851388262333691 	
164.299987792969 	4.41389999999956 	164.299987792969 	0.851388262332664 	
164.400024414063 	4.41609999999855 	164.400024414063 	0.851388262331742 	
164.5 	4.41679999999906 	164.5 	0.851388262330926 	
164.600036621094 	4.41639999999825 	164.600036621094 	0.85138826233022 	
164.700012207031 	4.41419999999925 	164.700012207031 	0.851388262329624 	
164.799987792969 	4.41270000000077 	164.799987792969 	0.851388262329142 	
164.900024414063 	4.41129999999976 	164.900024414063 	0.851388262328773 	
165 	4.41179999999804 	165 	0.851388262328521 	
165.100036621094 	4.41279999999824 	165.100036621094 	0.851388262328387 	
165.200012207031 	4.41179999999804 	165.200012207031 	0.851388262328373 	
165.299987792969 	4.41249999999854 	165.299987792969 	0.851388262328482 	
165.400024414063 	4.41279999999824 	165.400024414063 	0.851388262328714 	
165.5 	4.41279999999824 	165.5 	0.851388262329072 	
165.600036621094 	4.41259999999602 	165.600036621094 	0.851388262329558 	
165.700012207031 	4.41009999999733 	165.700012207031 	0.851388262330173 	
165.799987792969 	4.40899999999965 	165.799987792969 	0.85138826233092 	
165.900024414063 	4.40999999999985 	165.900024414063 	0.8513882623318 	
166 	4.41049999999814 	166 	0.851388262332815 	
166.100036621094 	4.40989999999874 	166.100036621094 	0.851388262333968 	
166.200012207031 	4.40560000000187 	166.200012207031 	0.851388262335259 	
166.299987792969 	4.40209999999934 	166.299987792969 	0.851388262336691 	
166.400024414063 	4.40339999999924 	166.400024414063 	0.851388262338267 	
166.5 	4.40299999999843 	166.5 	0.851388262339986 	
166.600036621094 	4.40459999999803 	166.600036621094 	0.851388262341853 	
166.700012207031 	4.40039999999863 	166.700012207031 	0.851388262343867 	
166.799987792969 	4.39890000000014 	166.799987792969 	0.851388262346031 	
166.900024414063 	4.39999999999782 	166.900024414063 	0.851388262348349 	
167 	4.40059999999721 	167 	0.851388262350819 	
167.100036621094 	4.40379999999641 	167.100036621094 	0.851388262353447 	
167.200012207031 	4.40169999999853 	167.200012207031 	0.851388262356231 	
167.299987792969 	4.40069999999832 	167.299987792969 	0.851388262359175 	
167.400024414063 	4.39959999999701 	167.400024414063 	0.851388262362282 	
167.5 	4.39999999999782 	167.5 	0.851388262365551 	
167.600036621094 	4.39799999999741 	167.600036621094 	0.851388262368987 	
167.700012207031 	4.39559999999619 	167.700012207031 	0.851388262372588 	
167.799987792969 	4.39399999999659 	167.799987792969 	0.851388262376358 	
167.900024414063 	4.39400000000023 	167.900024414063 	0.851388262380301 	
168 	4.3920999999973 	168 	0.851388262384415 	
168.100036621094 	4.3946999999971 	168.100036621094 	0.851388262388706 	
168.200012207031 	4.39329999999973 	168.200012207031 	0.851388262393171 	
168.299987792969 	4.3910999999971 	168.299987792969 	0.851388262397815 	
168.400024414063 	4.39119999999821 	168.400024414063 	0.851388262402642 	
168.5 	4.39219999999841 	168.5 	0.851388262407648 	
168.600036621094 	4.39340000000084 	168.600036621094 	0.851388262412841 	
168.700012207031 	4.39600000000064 	168.700012207031 	0.851388262418217 	
168.799987792969 	4.3933999999972 	168.799987792969 	0.851388262423781 	
168.900024414063 	4.3930999999975 	168.900024414063 	0.851388262429539 	
169 	4.39289999999892 	169 	0.851388262435484 	
169.100036621094 	4.39500000000044 	169.100036621094 	0.851388262441627 	
169.200012207031 	4.39640000000145 	169.200012207031 	0.851388262447961 	
169.299987792969 	4.39359999999942 	169.299987792969 	0.851388262454493 	
169.400024414063 	4.39299999999639 	169.400024414063 	0.851388262461228 	
169.5 	4.39189999999871 	169.5 	0.85138826246816 	
169.600036621094 	4.3943999999974 	169.600036621094 	0.851388262475299 	
169.700012207031 	4.39509999999791 	169.700012207031 	0.851388262482638 	
169.799987792969 	4.39340000000084 	169.799987792969 	0.851388262490185 	
169.900024414063 	4.39530000000013 	169.900024414063 	0.851388262497944 	
170 	4.3914999999979 	170 	0.851388262505909 	
170.100036621094 	4.38989999999831 	170.100036621094 	0.851388262514092 	
170.200012207031 	4.3875999999982 	170.200012207031 	0.851388262522484 	
170.299987792969 	4.38839999999982 	170.299987792969 	0.851388262531092 	
170.400024414063 	4.38849999999729 	170.400024414063 	0.851388262539923 	
170.5 	4.3894999999975 	170.5 	0.851388262548968 	
170.600036621094 	4.39219999999841 	170.600036621094 	0.851388262558242 	
170.700012207031 	4.39389999999912 	170.700012207031 	0.851388262564941 	
170.799987792969 	4.39389999999912 	170.799987792969 	0.851388262564125 	
170.900024414063 	4.39300000000003 	170.900024414063 	0.85138826256331 	
171 	4.3894999999975 	171 	0.851388262562497 	
171.100036621094 	4.3904999999977 	171.100036621094 	0.851388262561684 	
171.200012207031 	4.39219999999841 	171.200012207031 	0.851388262560873 	
171.299987792969 	4.38709999999992 	171.299987792969 	0.851388262560064 	
171.400024414063 	4.3849999999984 	171.400024414063 	0.851388262559256 	
171.5 	4.38860000000204 	171.5 	0.851388262558451 	
171.600036621094 	4.38769999999568 	171.600036621094 	0.851388262557648 	
171.700012207031 	4.38329999999769 	171.700012207031 	0.851388262556849 	
171.799987792969 	4.3791999999994 	171.799987792969 	0.851388262556053 	
171.900024414063 	4.38039999999819 	171.900024414063 	0.851388262555259 	
172 	4.38009999999849 	172 	0.85138826255447 	
172.100036621094 	4.37900000000081 	172.100036621094 	0.851388262553684 	
172.200012207031 	4.37839999999778 	172.200012207031 	0.851388262552902 	
172.299987792969 	4.37700000000041 	172.299987792969 	0.851388262552125 	
172.400024414063 	4.37809999999808 	172.400024414063 	0.851388262551352 	
172.5 	4.37429999999949 	172.5 	0.851388262550585 	
172.600036621094 	4.37379999999757 	172.600036621094 	0.851388262549822 	
172.700012207031 	4.3726999999999 	172.700012207031 	0.851388262549065 	
172.799987792969 	4.36809999999969 	172.799987792969 	0.851388262548313 	
172.900024414063 	4.37069999999949 	172.900024414063 	0.851388262547567 	
173 	4.37199999999575 	173 	0.851388262546828 	
173.100036621094 	4.37129999999888 	173.100036621094 	0.851388262546095 	
173.200012207031 	4.3698000000004 	173.200012207031 	0.851388262545369 	
173.299987792969 	4.37029999999868 	173.299987792969 	0.85138826254465 	
173.400024414063 	4.37139999999999 	173.400024414063 	0.851388262543937 	
173.5 	4.37229999999909 	173.5 	0.851388262543233 	
173.600036621094 	4.3739999999998 	173.600036621094 	0.851388262542536 	
173.700012207031 	4.37889999999607 	173.700012207031 	0.851388262541847 	
173.799987792969 	4.37829999999667 	173.799987792969 	0.851388262541167 	
173.900024414063 	4.3765999999996 	173.900024414063 	0.851388262540494 	
174 	4.37749999999869 	174 	0.851388262539831 	
174.100036621094 	4.37449999999808 	174.100036621094 	0.851388262539176 	
174.200012207031 	4.37289999999848 	174.200012207031 	0.851388262538531 	
174.299987792969 	4.37359999999899 	174.299987792969 	0.851388262537896 	
174.400024414063 	4.37129999999888 	174.400024414063 	0.85138826253727 	
174.5 	4.37250000000131 	174.5 	0.851388262536655 	
174.600036621094 	4.37289999999848 	174.600036621094 	0.851388262536049 	
174.700012207031 	4.37440000000061 	174.700012207031 	0.851388262535454 	
174.799987792969 	4.38130000000092 	174.799987792969 	0.851388262534871 	
174.900024414063 	4.38269999999829 	174.900024414063 	0.851388262534298 	
175 	4.3768999999993 	175 	0.851388262533736 	
175.100036621094 	4.37489999999889 	175.100036621094 	0.851388262533186 	
175.200012207031 	4.37639999999737 	175.200012207031 	0.851388262532649 	
175.299987792969 	4.38039999999819 	175.299987792969 	0.851388262532123 	
175.400024414063 	4.3823999999986 	175.400024414063 	0.851388262531609 	
175.5 	4.3875999999982 	175.5 	0.851388262531109 	
175.600036621094 	4.3875999999982 	175.600036621094 	0.85138826253062 	
175.700012207031 	4.39059999999881 	175.700012207031 	0.851388262530146 	
175.799987792969 	4.40089999999691 	175.799987792969 	0.851388262529685 	
175.900024414063 	4.40299999999843 	175.900024414063 	0.851388262529237 	
176 	4.40430000000197 	176 	0.851388262528804 	
176.100036621094 	4.40430000000197 	176.100036621094 	0.851388262528384 	
176.200012207031 	4.40299999999843 	176.200012207031 	0.851388262527979 	
176.299987792969 	 	176.299987792969 	0.851388262527589 	
176.400024414063 	 	176.400024414063 	0.851388262527214 	
176.5 	 	176.5 	0.851388262526854 	
176.600036621094 	 	176.600036621094 	0.851388262526509 	
176.700012207031 	 	176.700012207031 	0.85138826252618 	
176.799987792969 	 	176.799987792969 	0.851388262525868 	
176.900024414063 	 	176.900024414063 	0.851388262525571 	
177 	 	177 	0.851388262525291 	
177.100036621094 	 	177.100036621094 	0.851388262525291 	
177.200012207031 	 	177.200012207031 	0.205247333724602 	
177.299987792969 	 	177.299987792969 	0.0494797442889632 	
177.400024414063 	 	177.400024414063 	0.0119179119068407 	
177.5 	 	177.5 	0.0028730957080216 	
177.600036621094 	 	177.600036621094 	0.000692026940636514 	
177.700012207031 	 	177.700012207031 	0.00016682967744931 	
177.799987792969 	 	177.799987792969 	4.02184766542385E-05 	
177.900024414063 	 	177.900024414063 	9.6872879995024E-06 	
178 	 	178 	2.33550386078798E-06 	
178.100036621094 	 	178.100036621094 	5.62585553320324E-07 	
178.200012207031 	 	178.200012207031 	1.35744472106144E-07 	
178.299987792969 	 	178.299987792969 	3.27551868430402E-08 	
178.400024414063 	 	178.400024414063 	7.94698186350938E-09 	
178.5 	 	178.5 	1.9442199413534E-09 	
178.600036621094 	 	178.600036621094 	5.93838847176974E-10 	
178.700012207031 	 	178.700012207031 	2.13191175111057E-10 	
178.799987792969 	-1.92929999999978 	178.799987792969 	2.75178596423253E-11 	
178.900024414063 	-1.83850000000166 	178.900024414063 	3.06561456053979E-11 	
179 	-1.75090000000273 	179 	-4.9089068368627E-12 	
179.100036621094 	-1.71540000000095 	179.100036621094 	4.12795767487109E-12 	
179.200012207031 	-1.56880000000092 	179.200012207031 	1.57572047575066E-11 	
179.299987792969 	-1.56790000000183 	179.299987792969 	1.6460036187636E-11 	
179.400024414063 	-1.42649999999776 	179.400024414063 	1.12173507586736E-11 	
179.5 	-1.42649999999776 	179.5 	8.4249204347486E-12 	
179.600036621094 	-1.32270000000062 	179.600036621094 	6.31513285407896E-12 	
179.700012207031 	-1.27420000000347 	179.700012207031 	3.7137071351564E-12 	
179.799987792969 	-1.22100000000137 	179.799987792969 	1.19100223797143E-12 	
179.900024414063 	-1.23719999999958 	179.900024414063 	-1.76762975224138E-12 	
180 	-1.14530000000013 	180 	-2.96403542654139E-12 	
180.100036621094 	-1.09600000000137 	180.100036621094 	-7.02719200896193E-12 	
180.200012207031 	-1.04920000000129 	180.200012207031 	-1.4869128218068E-11 	
180.299987792969 	-1.0622000000003 	180.299987792969 	-1.96096004997203E-11 	
180.400024414063 	-1.02870000000257 	180.400024414063 	-1.29752061509423E-11 	
180.5 	-1.02630000000136 	180.5 	-1.95019186380921E-11 	
180.600036621094 	-0.985799999998562 	180.600036621094 	-2.54188104669375E-11 	
180.700012207031 	-0.952300000000832 	180.700012207031 	-2.45593970688506E-11 	
180.799987792969 	-0.957999999998719 	180.799987792969 	-1.38975597540798E-11 	
180.900024414063 	-0.951200000003155 	180.900024414063 	-1.30040140612134E-11 	
181 	-0.942399999999907 	181 	-1.10186924208357E-11 	
181.100036621094 	-0.962900000002264 	181.100036621094 	-7.47110006251933E-12 	
181.200012207031 	-0.953600000004371 	181.200012207031 	-3.04002074918023E-12 	
181.299987792969 	-0.939400000002934 	181.299987792969 	-2.64068420838804E-13 	
181.400024414063 	-0.911499999998341 	181.400024414063 	1.57644744676779E-12 	
181.5 	-0.905500000000757 	181.5 	1.82218407436249E-12 	
181.600036621094 	-0.895800000002055 	181.600036621094 	2.75073230917648E-12 	
181.700012207031 	-0.900300000001153 	181.700012207031 	5.14712904927705E-12 	
181.799987792969 	-0.879200000003038 	181.799987792969 	7.13334690236907E-12 	
181.900024414063 	-0.871800000000803 	181.900024414063 	8.37535371038215E-12 	
182 	-0.855899999998655 	182 	8.53696917261424E-12 	
182.100036621094 	-0.857100000001083 	182.100036621094 	7.28345344253593E-12 	
182.200012207031 	-0.85320000000138 	182.200012207031 	4.28167139642879E-12 	
182.299987792969 	-0.856500000001688 	182.299987792969 	3.31356695529406E-12 	
182.400024414063 	-0.863900000000285 	182.400024414063 	3.3818582831239E-12 	
182.5 	-0.860400000001391 	182.5 	3.30460348718314E-12 	
182.600036621094 	-0.869200000001001 	182.600036621094 	3.05065584784946E-12 	
182.700012207031 	-0.860899999999674 	182.700012207031 	2.58929811357639E-12 	
182.799987792969 	-0.85649999999805 	182.799987792969 	1.88942101913237E-12 	
182.900024414063 	-0.847000000001572 	182.900024414063 	9.19332745527063E-13 	
183 	-0.842700000001059 	183 	4.74531982476419E-13 	
183.100036621094 	-0.841599999999744 	183.100036621094 	1.50934643221612E-13 	
183.200012207031 	-0.843500000002678 	183.200012207031 	-1.08670038183314E-13 	
183.299987792969 	-0.842800000002171 	183.299987792969 	-2.86751794407559E-13 	
183.400024414063 	-0.843399999997928 	183.400024414063 	-3.65581248553459E-13 	
183.5 	-0.846800000002986 	183.5 	-3.2730962041954E-13 	
183.600036621094 	-0.857500000001892 	183.600036621094 	-1.81523009599076E-13 	
183.700012207031 	-0.876800000001822 	183.700012207031 	-4.43324282831572E-13 	
183.799987792969 	-0.887099999999919 	183.799987792969 	-7.03576716866294E-13 	
183.900024414063 	-0.889900000001944 	183.900024414063 	-9.5176417421071E-13 	
184 	-0.879400000001624 	184 	-1.17691671171052E-12 	
184.100036621094 	-0.846499999999651 	184.100036621094 	-1.36863346612759E-12 	
184.200012207031 	-0.808099999998376 	184.200012207031 	-1.51601340303602E-12 	
184.299987792969 	-0.798000000002503 	184.299987792969 	-1.60852315250418E-12 	
184.400024414063 	-0.796400000002905 	184.400024414063 	-1.635495331018E-12 	
184.5 	-0.785600000002887 	184.5 	-1.58622993475061E-12 	
184.600036621094 	-0.775300000001153 	184.600036621094 	-1.44999103583168E-12 	
184.700012207031 	-0.764999999999418 	184.700012207031 	-1.21627778977227E-12 	
184.799987792969 	-0.746400000003632 	184.799987792969 	-8.74373008030095E-13 	
184.900024414063 	-0.734700000000885 	184.900024414063 	-4.13295257744366E-13 	
185 	-0.726800000000367 	185 	-5.80623826617713E-13 	
185.100036621094 	-0.730100000004313 	185.100036621094 	-7.83443092732687E-13 	
185.200012207031 	-0.730300000002899 	185.200012207031 	-9.66179047771795E-13 	
185.299987792969 	-0.729599999998754 	185.299987792969 	-1.12896152827816E-12 	
185.400024414063 	-0.72439999999915 	185.400024414063 	-1.2718716369245E-12 	
185.5 	-0.726699999999255 	185.5 	-1.39473498675701E-12 	
185.600036621094 	-0.721700000001874 	185.600036621094 	-1.49770159407583E-12 	
185.700012207031 	-0.759900000000926 	185.700012207031 	-1.58064581323447E-12 	
185.799987792969 	-0.767299999999523 	185.799987792969 	-1.64363655786037E-12 	
185.900024414063 	-0.744099999999889 	185.900024414063 	-1.68669400771057E-12 	
186 	-0.750299999999697 	186 	-1.7097656216626E-12 	
186.100036621094 	-0.752300000003743 	186.100036621094 	-1.71287957018529E-12 	
186.200012207031 	-0.754100000001927 	186.200012207031 	-1.69603205346346E-12 	
186.299987792969 	-0.781899999998132 	186.299987792969 	-1.65923106220889E-12 	
186.400024414063 	-0.782400000000052 	186.400024414063 	-1.60243585326294E-12 	
186.5 	-0.813900000004651 	186.5 	-1.52571573133451E-12 	
186.600036621094 	-0.861500000002707 	186.600036621094 	-1.42897702106105E-12 	
186.700012207031 	-0.757000000001426 	186.700012207031 	-1.31233776845875E-12 	
186.799987792969 	0.444100000000617 	186.799987792969 	-1.17574504132372E-12 	
186.900024414063 	-0.508600000001024 	186.900024414063 	-1.01909717358162E-12 	
187 	-1.44400000000314 	187 	-8.42585315772724E-13 	
187.100036621094 	-0.709200000001147 	187.100036621094 	-6.45993946703116E-13 	
187.200012207031 	-0.244599999998172 	187.200012207031 	-4.29562958220354E-13 	
187.299987792969 	-0.354500000001281 	187.299987792969 	-1.93178495204851E-13 	
187.400024414063 	-0.0406000000002678 	187.400024414063 	-2.2288499826927E-13 	
187.5 	0.010999999998603 	187.5 	-2.72445080510982E-13 	
187.600036621094 	0.110099999998056 	187.600036621094 	-3.18829173835438E-13 	
187.700012207031 	0.155999999995402 	187.700012207031 	-3.61980677762684E-13 	
187.799987792969 	0.204699999998411 	187.799987792969 	-4.01928870344461E-13 	
187.900024414063 	0.247999999999593 	187.900024414063 	-4.38695205944478E-13 	
188 	0.321199999998498 	188 	-4.72234820211789E-13 	
188.100036621094 	0.325399999997899 	188.100036621094 	-5.02588665056366E-13 	
188.200012207031 	0.304799999998068 	188.200012207031 	-5.2971970100921E-13 	
188.299987792969 	0.293699999998353 	188.299987792969 	-5.53647425616587E-13 	
188.400024414063 	0.310699999998178 	188.400024414063 	-5.74383512736724E-13 	
188.5 	0.310099999998783 	188.5 	-5.91902659029634E-13 	
188.600036621094 	0.312599999997474 	188.600036621094 	-6.06226255394331E-13 	
188.700012207031 	0.227999999999156 	188.700012207031 	-6.17336823372774E-13 	
188.799987792969 	1.85900000000038 	188.799987792969 	-6.2524408000575E-13 	
188.900024414063 	1.63809999999648 	188.900024414063 	-6.29949918646007E-13 	
189 	1.33999999999651 	189 	-6.31448596964516E-13 	
189.100036621094 	1.27269999999771 	189.100036621094 	-6.29741944849333E-13 	
189.200012207031 	1.16359999999986 	189.200012207031 	-6.24832044853375E-13 	
189.299987792969 	1.12640000000101 	189.299987792969 	-6.16718833511949E-13 	
189.400024414063 	1.01469999999972 	189.400024414063 	-6.05394423672327E-13 	
189.5 	0.642699999996694 	189.5 	-5.90872634016434E-13 	
189.600036621094 	0.168199999996432 	189.600036621094 	-5.73135733421372E-13 	
189.700012207031 	-0.268100000001141 	189.700012207031 	-5.52205365451012E-13 	
189.799987792969 	-0.417300000000978 	189.799987792969 	-5.28071686135186E-13 	
189.900024414063 	-0.497100000004139 	189.900024414063 	-5.00717027815683E-13 	
190 	-0.595699999998033 	190 	-4.7017477018539E-13 	
190.100036621094 	-0.735700000001088 	190.100036621094 	-4.36407621110447E-13 	
190.200012207031 	-0.781800000000658 	190.200012207031 	-3.99456785165687E-13 	
190.299987792969 	-0.740800000003219 	190.299987792969 	-3.59302637875459E-13 	
190.400024414063 	-0.717000000000553 	190.400024414063 	-3.15917731076077E-13 	
190.5 	-0.69629999999961 	190.5 	-2.69355005471382E-13 	
190.600036621094 	-0.707900000001246 	190.600036621094 	-2.19557607916559E-13 	
190.700012207031 	-0.711900000002061 	190.700012207031 	-1.66586303997398E-13 	
190.799987792969 	-0.705600000001141 	190.799987792969 	-1.1041168873277E-13 	
190.900024414063 	-0.705000000001746 	190.900024414063 	-5.0996533453507E-14 	
191 	-0.701700000001438 	191 	-6.11432571742357E-14 	
191.100036621094 	-0.673900000001595 	191.100036621094 	-8.11732313984222E-14 	
191.200012207031 	-0.659599999999045 	191.200012207031 	-1.00530977863845E-13 	
191.299987792969 	-0.652999999998428 	191.299987792969 	-1.1922891882699E-13 	
191.400024414063 	-0.660900000002584 	191.400024414063 	-1.3727786505178E-13 	
191.5 	-0.64520000000266 	191.5 	-1.54655792198709E-13 	
191.600036621094 	-0.645100000001548 	191.600036621094 	-1.71383918738041E-13 	
191.700012207031 	-0.638700000003155 	191.700012207031 	-1.87441832068753E-13 	
191.799987792969 	-0.63300000000163 	191.799987792969 	-2.02839939897187E-13 	
191.900024414063 	-0.63130000000092 	191.900024414063 	-2.17587038437123E-13 	
192 	-0.626299999999901 	192 	-2.31665132449341E-13 	
192.100036621094 	-0.623700000000099 	192.100036621094 	-2.45091411303819E-13 	
192.200012207031 	-0.619900000001508 	192.200012207031 	-2.5784949149982E-13 	
192.299987792969 	-0.612600000000384 	192.299987792969 	-2.69947766193543E-13 	
192.400024414063 	-0.606200000001991 	192.400024414063 	-2.81393017048625E-13 	
192.5 	-0.599900000001071 	192.5 	-2.92171277926132E-13 	
192.600036621094 	-0.595300000000861 	192.600036621094 	-3.02295709095756E-13 	
192.700012207031 	-0.595699999998033 	192.700012207031 	-3.11753956157046E-13 	
192.799987792969 	-0.596500000003289 	192.799987792969 	-3.20552397716059E-13 	
192.900024414063 	-0.598999999998341 	192.900024414063 	-3.28695800886286E-13 	
193 	-0.603100000000268 	193 	-3.36174228629082E-13 	
193.100036621094 	-0.603900000001886 	193.100036621094 	-3.42996812113852E-13 	
193.200012207031 	-0.605899999998655 	193.200012207031 	-3.49155226040431E-13 	
193.299987792969 	-0.605800000001182 	193.299987792969 	-3.54653834464733E-13 	
193.400024414063 	-0.608600000003207 	193.400024414063 	-3.59495389950106E-13 	
193.5 	-0.613600000000588 	193.5 	-3.63673984558191E-13 	
193.600036621094 	-0.617500000000291 	193.600036621094 	-3.67194720358107E-13 	
193.700012207031 	-0.61710000000312 	193.700012207031 	-3.70053301149976E-13 	
193.799987792969 	-0.616099999999278 	193.799987792969 	-3.72252076439567E-13 	
193.900024414063 	-0.615799999999581 	193.900024414063 	-3.73791784240086E-13 	
194 	-0.618900000001304 	194 	-3.7467054571346E-13 	
194.100036621094 	-0.619800000000396 	194.100036621094 	-3.74889433828521E-13 	
194.200012207031 	-0.620300000002317 	194.200012207031 	-3.74448181485679E-13 	
194.299987792969 	-0.616300000001502 	194.299987792969 	-3.73347123640559E-13 	
194.400024414063 	-0.617600000001403 	194.400024414063 	-3.71584983756224E-13 	
194.5 	-0.618200000000797 	194.5 	-3.69163912094888E-13 	
194.600036621094 	-0.617399999999179 	194.600036621094 	-3.66080952525095E-13 	
194.700012207031 	-0.618999999998778 	194.700012207031 	-3.62339867047542E-13 	
194.799987792969 	-0.622800000001007 	194.799987792969 	-3.57938976067711E-13 	
194.900024414063 	-0.623700000000099 	194.900024414063 	-3.52874988498522E-13 	
195 	-0.621699999999691 	195 	-3.47154083702474E-13 	
195.100036621094 	-0.620700000003126 	195.100036621094 	-3.40769276447828E-13 	
195.200012207031 	-0.619700000002922 	195.200012207031 	-3.33728357835563E-13 	
195.299987792969 	-0.622899999998481 	195.299987792969 	-3.26027633721022E-13 	
195.400024414063 	-0.622800000001007 	195.400024414063 	-3.17661798466978E-13 	
195.5 	-0.61869999999908 	195.5 	-3.0864106053622E-13 	
195.600036621094 	-0.619399999999587 	195.600036621094 	-2.98954405596719E-13 	
195.700012207031 	-0.618300000001909 	195.700012207031 	-2.88613653849744E-13 	
195.799987792969 	-0.619900000001508 	195.799987792969 	-2.77613096600492E-13 	
195.900024414063 	-0.620599999998376 	195.900024414063 	-2.65945413661594E-13 	
196 	-0.619999999998981 	196 	-2.53624842596125E-13 	
196.100036621094 	-0.618200000000797 	196.100036621094 	-2.4063633997177E-13 	
196.200012207031 	-0.620100000000093 	196.200012207031 	-2.26995755090084E-13 	
196.299987792969 	-0.620600000002014 	196.299987792969 	-2.12695364706121E-13 	
196.400024414063 	-0.621299999998882 	196.400024414063 	-1.97725834082369E-13 	
196.5 	-0.619900000001508 	196.5 	-1.82105429882189E-13 	
196.600036621094 	-0.620100000000093 	196.600036621094 	-1.6581507957298E-13 	
196.700012207031 	-0.621900000001915 	196.700012207031 	-1.48874661556583E-13 	
196.799987792969 	-0.622499999997672 	196.799987792969 	-1.31274438037909E-13 	
196.900024414063 	-0.623600000002625 	196.900024414063 	-1.13003059729303E-13 	
197 	-0.621500000001106 	197 	-9.40828223944127E-14 	
197.100036621094 	-0.621200000001409 	197.100036621094 	-7.44906244003494E-14 	
197.200012207031 	-0.618600000001607 	197.200012207031 	-5.42503732492418E-14 	
197.299987792969 	-0.619300000002113 	197.299987792969 	-3.33503165958568E-14 	
197.400024414063 	-0.621100000000297 	197.400024414063 	-1.53033040255903E-14 	
197.5 	-0.622100000000501 	197.5 	-1.525166426829E-14 	
197.600036621094 	-0.62250000000131 	197.600036621094 	-1.51999929848863E-14 	
197.700012207031 	-0.622200000001612 	197.700012207031 	-1.51483532275859E-14 	
197.799987792969 	-0.623700000000099 	197.799987792969 	-1.50967134702856E-14 	
197.900024414063 	-0.623300000002928 	197.900024414063 	-1.50450421868819E-14 	
198 	-0.624599999999191 	198 	-1.49934024295815E-14 	
198.100036621094 	-0.621000000002823 	198.100036621094 	-1.49417311461778E-14 	
198.200012207031 	-0.6208000000006 	198.200012207031 	-1.48900913888775E-14 	
198.299987792969 	-0.61869999999908 	198.299987792969 	-1.48384516315771E-14 	
198.400024414063 	-0.619000000002416 	198.400024414063 	-1.47867803481734E-14 	
198.5 	-0.617700000002515 	198.5 	-1.47351405908731E-14 	
198.600036621094 	-0.616900000000896 	198.600036621094 	-1.46834693074694E-14 	
198.700012207031 	-0.615200000000186 	198.700012207031 	-1.46318295501691E-14 	
198.799987792969 	-0.612600000000384 	198.799987792969 	-1.45801897928687E-14 	
198.900024414063 	-0.608800000001793 	198.900024414063 	-1.4528518509465E-14 	
199 	-0.604500000001281 	199 	-1.44768787521647E-14 	
199.100036621094 	-0.600299999998242 	199.100036621094 	-1.4425207468761E-14 	
199.200012207031 	-0.598400000002584 	199.200012207031 	-1.43735677114606E-14 	
199.299987792969 	-0.595600000000559 	199.299987792969 	-1.43219279541603E-14 	
199.400024414063 	-0.595399999998335 	199.400024414063 	-1.42702566707566E-14 	
199.5 	-0.597600000000966 	199.5 	-1.42186169134562E-14 	
199.600036621094 	-0.594300000000658 	199.600036621094 	-1.41669456300525E-14 	
199.700012207031 	-0.592300000003888 	199.700012207031 	-1.41153058727522E-14 	
199.799987792969 	-0.591700000000856 	199.799987792969 	-1.40636661154519E-14 	
199.900024414063 	-0.592100000001665 	199.900024414063 	-1.40119948320482E-14 	
200 	-0.594300000000658 	200 	-1.39603550747478E-14 	
200.100036621094 	-0.594100000002072 	200.100036621094 	-1.39086837913441E-14 	
200.200012207031 	-0.593300000000454 	200.200012207031 	-1.38570440340438E-14 	
200.299987792969 	-0.593300000000454 	200.299987792969 	-1.38054042767434E-14 	
200.400024414063 	-0.592400000001362 	200.400024414063 	-1.37537329933397E-14 	
200.5 	-0.595100000002276 	200.5 	-1.37020932360394E-14 	
200.600036621094 	-0.592700000001059 	200.600036621094 	-1.36504219526357E-14 	
200.700012207031 	-0.591300000000047 	200.700012207031 	-1.35987821953353E-14 	
200.799987792969 	-0.59150000000227 	200.799987792969 	-1.3547142438035E-14 	
200.900024414063 	-0.596399999998539 	200.900024414063 	-1.34954711546313E-14 	
201 	-0.597900000000664 	201 	-1.3443831397331E-14 	
201.100036621094 	-0.596699999998236 	201.100036621094 	-1.33921601139273E-14 	
201.200012207031 	-0.598800000003394 	201.200012207031 	-1.33405203566269E-14 	
201.299987792969 	-0.60109999999986 	201.299987792969 	-1.32888805993266E-14 	
201.400024414063 	-0.598200000000361 	201.400024414063 	-1.32372093159229E-14 	
201.5 	-0.599200000000565 	201.5 	-1.31855695586225E-14 	
201.600036621094 	-0.600000000002183 	201.600036621094 	-1.31338982752188E-14 	
201.700012207031 	-0.600800000000163 	201.700012207031 	-1.30822585179185E-14 	
201.799987792969 	-0.601900000001478 	201.799987792969 	-1.30306187606181E-14 	
201.900024414063 	-0.600800000003801 	201.900024414063 	-1.29789474772144E-14 	
202 	-0.603699999999662 	202 	-1.29273077199141E-14 	
202.100036621094 	-0.604300000002695 	202.100036621094 	-1.28756364365104E-14 	
202.200012207031 	-0.607300000003306 	202.200012207031 	-1.28239966792101E-14 	
202.299987792969 	-0.610300000000279 	202.299987792969 	-1.27723569219097E-14 	
202.400024414063 	-0.61279999999897 	202.400024414063 	-1.2720685638506E-14 	
202.5 	-0.615900000000693 	202.5 	-1.26690458812057E-14 	
202.600036621094 	-0.612600000004022 	202.600036621094 	-1.2617374597802E-14 	
202.700012207031 	-0.615800000003219 	202.700012207031 	-1.25657348405016E-14 	
202.799987792969 	-0.617500000000291 	202.799987792969 	-1.25140950832013E-14 	
202.900024414063 	-0.622900000002119 	202.900024414063 	-1.24624237997976E-14 	
203 	-0.621400000003632 	203 	-1.24107840424973E-14 	
203.100036621094 	-0.625700000000506 	203.100036621094 	-1.23591127590936E-14 	
203.200012207031 	-0.623900000002322 	203.200012207031 	-1.23074730017932E-14 	
203.299987792969 	-0.624599999999191 	203.299987792969 	-1.22558332444929E-14 	
203.400024414063 	-0.627199999998993 	203.400024414063 	-1.22041619610892E-14 	
203.5 	-0.637400000003254 	203.5 	-1.21525222037888E-14 	
203.600036621094 	-0.644300000003568 	203.600036621094 	-1.21008509203851E-14 	
203.700012207031 	-0.645600000003469 	203.700012207031 	-1.20492111630848E-14 	
203.799987792969 	-0.648499999999331 	203.799987792969 	-1.19975714057844E-14 	
203.900024414063 	-0.662200000002485 	203.900024414063 	-1.19459001223807E-14 	
204 	-0.6762000000017 	204 	-1.18942603650804E-14 	
204.100036621094 	-0.689099999999598 	204.100036621094 	-1.18425890816767E-14 	
204.200012207031 	-0.68840000000273 	204.200012207031 	-1.17909493243764E-14 	
204.299987792969 	-0.677700000000186 	204.299987792969 	-1.1739309567076E-14 	
204.400024414063 	-0.648000000001048 	204.400024414063 	-1.16876382836723E-14 	
204.5 	-0.628700000001118 	204.5 	-1.1635998526372E-14 	
204.600036621094 	-0.613799999999173 	204.600036621094 	-1.15843272429683E-14 	
204.700012207031 	-0.58810000000085 	204.700012207031 	-1.15326874856679E-14 	
204.799987792969 	-0.561499999999796 	204.799987792969 	-1.14810477283676E-14 	
204.900024414063 	-0.55000000000291 	204.900024414063 	-1.14293764449639E-14 	
205 	-0.545399999999063 	205 	-1.13777366876635E-14 	
205.100036621094 	-0.52730000000156 	205.100036621094 	-1.13260654042598E-14 	
205.200012207031 	-0.512099999999919 	205.200012207031 	-1.12744256469595E-14 	
205.299987792969 	-0.498999999999796 	205.299987792969 	-1.12227858896592E-14 	
205.400024414063 	-0.493300000001909 	205.400024414063 	-1.11711146062555E-14 	
205.5 	-0.526200000000244 	205.5 	-1.11194748489551E-14 	
205.600036621094 	-0.555800000001909 	205.600036621094 	-1.10678035655514E-14 	
205.700012207031 	-0.624300000003132 	205.700012207031 	-1.10161638082511E-14 	
205.799987792969 	-0.686900000004243 	205.799987792969 	-1.09645240509507E-14 	
205.900024414063 	-0.698600000003353 	205.900024414063 	-1.0912852767547E-14 	
206 	-0.680899999999383 	206 	-1.08612130102467E-14 	
206.100036621094 	-0.649499999999534 	206.100036621094 	-1.0809541726843E-14 	
206.200012207031 	-0.606999999999971 	206.200012207031 	-1.07579019695426E-14 	
206.299987792969 	-0.586299999999028 	206.299987792969 	-1.07062622122423E-14 	
206.400024414063 	-0.614800000003015 	206.400024414063 	-1.06545909288386E-14 	
206.5 	-0.571900000002643 	206.5 	-1.06029511715383E-14 	
206.600036621094 	-0.453300000001036 	206.600036621094 	-1.05512798881346E-14 	
206.700012207031 	-0.408699999999953 	206.700012207031 	-1.04996401308342E-14 	
206.799987792969 	-0.417500000003201 	206.799987792969 	-1.04480003735339E-14 	
206.900024414063 	-0.419700000002194 	206.900024414063 	-1.03963290901302E-14 	
207 	-0.496699999999691 	207 	-1.03446893328298E-14 	
207.100036621094 	-0.510500000003958 	207.100036621094 	-1.02930180494261E-14 	
207.200012207031 	-0.538000000000466 	207.200012207031 	-1.02413782921258E-14 	
207.299987792969 	-0.50970000000234 	207.299987792969 	-1.01897385348255E-14 	
207.400024414063 	-0.526700000002165 	207.400024414063 	-1.01380672514218E-14 	
207.5 	-0.534100000000763 	207.5 	-1.00864274941214E-14 	
207.600036621094 	-0.535700000000361 	207.600036621094 	-1.00347562107177E-14 	
207.700012207031 	-0.553199999998469 	207.700012207031 	-9.98311645341737E-15 	
207.799987792969 	-0.547999999998865 	207.799987792969 	-9.93147669611702E-15 	
207.900024414063 	-0.535000000003492 	207.900024414063 	-9.87980541271332E-15 	
208 	-0.557600000000093 	208 	-9.82816565541298E-15 	
208.100036621094 	-0.551800000001094 	208.100036621094 	-9.77649437200928E-15 	
208.200012207031 	-0.53950000000259 	208.200012207031 	-9.72485461470894E-15 	
208.299987792969 	-0.498400000000402 	208.299987792969 	-9.6732148574086E-15 	
208.400024414063 	-0.458200000000943 	208.400024414063 	-9.6215435740049E-15 	
208.5 	-0.451300000000629 	208.5 	-9.56990381670455E-15 	
208.600036621094 	-0.48149999999805 	208.600036621094 	-9.51823253330085E-15 	
208.700012207031 	-0.510300000001735 	208.700012207031 	-9.46659277600051E-15 	
208.799987792969 	-0.557499999998981 	208.799987792969 	-9.41495301870017E-15 	
208.900024414063 	-0.610300000003917 	208.900024414063 	-9.36328173529647E-15 	
209 	-0.648500000002969 	209 	-9.31164197799613E-15 	
209.100036621094 	-0.694700000000012 	209.100036621094 	-9.25997069459243E-15 	
209.200012207031 	-0.736500000002707 	209.200012207031 	-9.20833093729209E-15 	
209.299987792969 	-0.754400000001624 	209.299987792969 	-9.15669117999174E-15 	
209.400024414063 	-0.727300000002288 	209.400024414063 	-9.10501989658804E-15 	
209.5 	-0.690700000002835 	209.5 	-9.0533801392877E-15 	
209.600036621094 	-0.653399999999237 	209.600036621094 	-9.001708855884E-15 	
209.700012207031 	-0.625100000001112 	209.700012207031 	-8.95006909858366E-15 	
209.799987792969 	-0.630199999999604 	209.799987792969 	-8.89842934128331E-15 	
209.900024414063 	-0.636099999999715 	209.900024414063 	-8.84675805787962E-15 	
210 	-0.641199999998207 	210 	-8.79511830057927E-15 	
210.100036621094 	-0.651200000000244 	210.100036621094 	-8.74344701717557E-15 	
210.200012207031 	-0.655500000000757 	210.200012207031 	-8.69180725987523E-15 	
210.299987792969 	-0.649099999998725 	210.299987792969 	-8.64016750257489E-15 	
210.400024414063 	-0.650700000001962 	210.400024414063 	-8.58849621917119E-15 	
210.5 	-0.64770000000135 	210.5 	-8.53685646187085E-15 	
210.600036621094 	-0.64520000000266 	210.600036621094 	-8.48518517846714E-15 	
210.700012207031 	-0.644000000000233 	210.700012207031 	-8.4335454211668E-15 	
210.799987792969 	-0.64770000000135 	210.799987792969 	-8.38190566386646E-15 	
210.900024414063 	-0.642000000003463 	210.900024414063 	-8.33023438046276E-15 	
211 	-0.638700000003155 	211 	-8.27859462316242E-15 	
211.100036621094 	-0.632500000003347 	211.100036621094 	-8.22692333975872E-15 	
211.200012207031 	-0.637600000001839 	211.200012207031 	-8.17528358245838E-15 	
211.299987792969 	-0.645100000001548 	211.299987792969 	-8.12364382515803E-15 	
211.400024414063 	-0.665000000000873 	211.400024414063 	-8.07197254175433E-15 	
211.5 	-0.654100000003382 	211.5 	-8.02033278445399E-15 	
211.600036621094 	-0.651900000000751 	211.600036621094 	-7.96866150105029E-15 	
211.700012207031 	-0.654399999999441 	211.700012207031 	-7.91702174374995E-15 	
211.799987792969 	-0.64690000000337 	211.799987792969 	-7.86538198644961E-15 	
211.900024414063 	-0.648700000001554 	211.900024414063 	-7.81371070304591E-15 	
212 	-0.642200000002049 	212 	-7.76207094574556E-15 	
212.100036621094 	-0.633099999999104 	212.100036621094 	-7.71039966234186E-15 	
212.200012207031 	-0.618399999999383 	212.200012207031 	-7.65875990504152E-15 	
212.299987792969 	-0.608500000002095 	212.299987792969 	-7.60712014774118E-15 	
212.400024414063 	-0.615200000000186 	212.400024414063 	-7.55544886433748E-15 	
212.5 	-0.614300000001094 	212.5 	-7.50380910703714E-15 	
212.600036621094 	-0.613199999999779 	212.600036621094 	-7.45213782363344E-15 	
212.700012207031 	-0.60229999999865 	212.700012207031 	-7.4004980663331E-15 	
212.799987792969 	-0.60740000000078 	212.799987792969 	-7.34885830903275E-15 	
212.900024414063 	-0.603899999998248 	212.900024414063 	-7.29718702562905E-15 	
213 	-0.624299999999494 	213 	-7.24554726832871E-15 	
213.100036621094 	-0.634400000002643 	213.100036621094 	-7.19387598492501E-15 	
213.200012207031 	-0.660900000002584 	213.200012207031 	-7.14223622762467E-15 	
213.299987792969 	-0.696600000002945 	213.299987792969 	-7.09059647032433E-15 	
213.400024414063 	-0.715900000002875 	213.400024414063 	-7.03892518692063E-15 	
213.5 	-0.71310000000085 	213.5 	-6.98728542962028E-15 	
213.600036621094 	-0.735200000002806 	213.600036621094 	-6.93561414621658E-15 	
213.700012207031 	-0.750800000001618 	213.700012207031 	-6.88397438891624E-15 	
213.799987792969 	-0.770800000002055 	213.799987792969 	-6.8323346316159E-15 	
213.900024414063 	-0.759600000001228 	213.900024414063 	-6.7806633482122E-15 	
214 	-0.715199999998731 	214 	-6.72902359091186E-15 	
214.100036621094 	-0.696700000000419 	214.100036621094 	-6.67735230750816E-15 	
214.200012207031 	-0.705500000003667 	214.200012207031 	-6.62571255020781E-15 	
214.299987792969 	-0.676600000002509 	214.299987792969 	-6.57407279290747E-15 	
214.400024414063 	-0.681599999999889 	214.400024414063 	-6.52240150950377E-15 	
214.5 	-0.696500000001834 	214.5 	-6.47076175220343E-15 	
214.600036621094 	-0.69090000000142 	214.600036621094 	-6.41909046879973E-15 	
214.700012207031 	-0.690500000000611 	214.700012207031 	-6.36745071149939E-15 	
214.799987792969 	-0.675500000001193 	214.799987792969 	-6.31581095419904E-15 	
214.900024414063 	-0.671400000002905 	214.900024414063 	-6.26413967079534E-15 	
215 	-0.661499999998341 	215 	-6.212499913495E-15 	
215.100036621094 	-0.660400000000664 	215.100036621094 	-6.1608286300913E-15 	
215.200012207031 	-0.656600000002072 	215.200012207031 	-6.10918887279096E-15 	
215.299987792969 	-0.659599999999045 	215.299987792969 	-6.05754911549062E-15 	
215.400024414063 	-0.658800000001065 	215.400024414063 	-6.00587783208692E-15 	
215.5 	-0.662200000002485 	215.5 	-5.95423807478657E-15 	
215.600036621094 	-0.658900000002177 	215.600036621094 	-5.90256679138287E-15 	
215.700012207031 	-0.649300000000949 	215.700012207031 	-5.85092703408253E-15 	
215.799987792969 	-0.656399999999849 	215.799987792969 	-5.79928727678219E-15 	
215.900024414063 	-0.651200000000244 	215.900024414063 	-5.74761599337849E-15 	
216 	-0.649900000000343 	216 	-5.69597623607815E-15 	
216.100036621094 	-0.637900000001537 	216.100036621094 	-5.64430495267445E-15 	
216.200012207031 	-0.632499999999709 	216.200012207031 	-5.5926651953741E-15 	
216.299987792969 	-0.631499999999505 	216.299987792969 	-5.54102543807376E-15 	
216.400024414063 	-0.630500000002939 	216.400024414063 	-5.48935415467006E-15 	
216.5 	-0.63130000000092 	216.5 	-5.43771439736972E-15 	
216.600036621094 	-0.635400000002846 	216.600036621094 	-5.38604311396602E-15 	
216.700012207031 	-0.640299999999115 	216.700012207031 	-5.33440335666568E-15 	
216.799987792969 	-0.63890000000174 	216.799987792969 	-5.28276359936534E-15 	
216.900024414063 	-0.639599999998609 	216.900024414063 	-5.23109231596163E-15 	
217 	-0.633399999998801 	217 	-5.17945255866129E-15 	
217.100036621094 	-0.627799999998388 	217.100036621094 	-5.12778127525759E-15 	
217.200012207031 	-0.628500000002532 	217.200012207031 	-5.07614151795725E-15 	
217.299987792969 	-0.628500000002532 	217.299987792969 	-5.02450176065691E-15 	
217.400024414063 	-0.626700000004348 	217.400024414063 	-4.97283047725321E-15 	
217.5 	-0.626100000001315 	217.5 	-4.92119071995287E-15 	
217.600036621094 	-0.627100000001519 	217.600036621094 	-4.86951943654917E-15 	
217.700012207031 	-0.631099999998696 	217.700012207031 	-4.81787967924882E-15 	
217.799987792969 	-0.630600000004051 	217.799987792969 	-4.76623992194848E-15 	
217.900024414063 	-0.626800000001822 	217.900024414063 	-4.71456863854478E-15 	
218 	-0.627100000001519 	218 	-4.66292888124444E-15 	
218.100036621094 	-0.627599999999802 	218.100036621094 	-4.61125759784074E-15 	
218.200012207031 	-0.62749999999869 	218.200012207031 	-4.5596178405404E-15 	
218.299987792969 	-0.627900000003137 	218.299987792969 	-4.50797808324005E-15 	
218.400024414063 	-0.623999999999796 	218.400024414063 	-4.45630679983635E-15 	
218.5 	-0.625700000000506 	218.5 	-4.40466704253601E-15 	
218.600036621094 	-0.629100000001927 	218.600036621094 	-4.35299575913231E-15 	
218.700012207031 	-0.627900000003137 	218.700012207031 	-4.30135600183197E-15 	
218.799987792969 	-0.633300000001327 	218.799987792969 	-4.24971624453163E-15 	
218.900024414063 	-0.638299999998708 	218.900024414063 	-4.19804496112793E-15 	
219 	-0.633099999999104 	219 	-4.14640520382758E-15 	
219.100036621094 	-0.631900000000314 	219.100036621094 	-4.09473392042388E-15 	
219.200012207031 	-0.631900000000314 	219.200012207031 	-4.04309416312354E-15 	
219.299987792969 	-0.631399999998393 	219.299987792969 	-3.9914544058232E-15 	
219.400024414063 	-0.628899999999703 	219.400024414063 	-3.9397831224195E-15 	
219.5 	-0.627899999999499 	219.5 	-3.88814336511916E-15 	
219.600036621094 	-0.626500000002125 	219.600036621094 	-3.83647208171546E-15 	
219.700012207031 	-0.627500000002328 	219.700012207031 	-3.78483232441511E-15 	
219.799987792969 	-0.629100000001927 	219.799987792969 	-3.73319256711477E-15 	
219.900024414063 	-0.632600000000821 	219.900024414063 	-3.68152128371107E-15 	
220 	-0.629400000001624 	220 	-3.62988152641073E-15 	
220.100036621094 	-0.634800000003452 	220.100036621094 	-3.57821024300703E-15 	
220.200012207031 	-0.630900000000111 	220.200012207031 	-3.52657048570669E-15 	
220.299987792969 	-0.634000000001834 	220.299987792969 	-3.47493072840635E-15 	
220.400024414063 	-0.639700000003359 	220.400024414063 	-3.42325944500265E-15 	
220.5 	-0.639900000001944 	220.5 	-3.3716196877023E-15 	
220.600036621094 	-0.638700000003155 	220.600036621094 	-3.3199484042986E-15 	
220.700012207031 	-0.63839999999982 	220.700012207031 	-3.26830864699826E-15 	
220.799987792969 	-0.640200000001641 	220.799987792969 	-3.21666888969792E-15 	
220.900024414063 	-0.641600000002654 	220.900024414063 	-3.16499760629422E-15 	
221 	-0.640699999999924 	221 	-3.11335784899388E-15 	
221.100036621094 	-0.644100000001345 	221.100036621094 	-3.06168656559018E-15 	
221.200012207031 	-0.646200000002864 	221.200012207031 	-3.01004680828983E-15 	
221.299987792969 	-0.643800000001647 	221.299987792969 	-2.95840705098949E-15 	
221.400024414063 	-0.642500000001746 	221.400024414063 	-2.90673576758579E-15 	
221.5 	-0.642500000001746 	221.5 	-2.85509601028545E-15 	
221.600036621094 	-0.642400000000634 	221.600036621094 	-2.80342472688175E-15 	
221.700012207031 	-0.643000000000029 	221.700012207031 	-2.75178496958141E-15 	
221.799987792969 	-0.641700000000128 	221.799987792969 	-2.70014521228106E-15 	
221.900024414063 	-0.638100000000122 	221.900024414063 	-2.64847392887736E-15 	
222 	-0.638200000001234 	222 	-2.59683417157702E-15 	
222.100036621094 	-0.637300000002142 	222.100036621094 	-2.54516288817332E-15 	
222.200012207031 	-0.635800000000017 	222.200012207031 	-2.49352313087298E-15 	
222.299987792969 	-0.635800000003655 	222.299987792969 	-2.44188337357264E-15 	
222.400024414063 	-0.635599999997794 	222.400024414063 	-2.39021209016894E-15 	
222.5 	-0.63720000000103 	222.5 	-2.33857233286859E-15 	
222.600036621094 	-0.638600000002043 	222.600036621094 	-2.28690104946489E-15 	
222.700012207031 	-0.640499999997701 	222.700012207031 	-2.23526129216455E-15 	
222.799987792969 	-0.641400000004069 	222.799987792969 	-2.18362153486421E-15 	
222.900024414063 	-0.639699999999721 	222.900024414063 	-2.13195025146051E-15 	
223 	-0.639900000001944 	223 	-2.08031049416017E-15 	
223.100036621094 	-0.639800000000832 	223.100036621094 	-2.02863921075647E-15 	
223.200012207031 	-0.639500000001135 	223.200012207031 	-1.97699945345612E-15 	
223.299987792969 	-0.638700000003155 	223.299987792969 	-1.92535969615578E-15 	
223.400024414063 	-0.637500000000728 	223.400024414063 	-1.87368841275208E-15 	
223.5 	-0.643800000001647 	223.5 	-1.82204865545174E-15 	
223.600036621094 	-0.644599999999627 	223.600036621094 	-1.77037737204804E-15 	
223.700012207031 	-0.643800000001647 	223.700012207031 	-1.7187376147477E-15 	
223.799987792969 	-0.647300000000541 	223.799987792969 	-1.66709785744736E-15 	
223.900024414063 	-0.647699999997712 	223.900024414063 	-1.61542657404366E-15 	
224 	-0.64890000000014 	224 	-1.56378681674331E-15 	
224.100036621094 	-0.649700000001758 	224.100036621094 	-1.51211553333961E-15 	
224.200012207031 	-0.651300000001356 	224.200012207031 	-1.46047577603927E-15 	
224.299987792969 	-0.65230000000156 	224.299987792969 	-1.40883601873893E-15 	
224.400024414063 	-0.652999999998428 	224.400024414063 	-1.35716473533523E-15 	
224.5 	-0.655200000001059 	224.5 	-1.30552497803489E-15 	
224.600036621094 	-0.658900000002177 	224.600036621094 	-1.25385369463119E-15 	
224.700012207031 	-0.659300000002986 	224.700012207031 	-1.20221393733084E-15 	
224.799987792969 	-0.662000000000262 	224.799987792969 	-1.1505741800305E-15 	
224.900024414063 	-0.663100000001577 	224.900024414063 	-1.0989028966268E-15 	
225 	-0.668400000002293 	225 	-1.04726313932646E-15 	
225.100036621094 	-0.673100000003615 	225.100036621094 	-9.95591855922758E-16 	
225.200012207031 	-0.675200000001496 	225.200012207031 	-9.43952098622416E-16 	
225.299987792969 	-0.679500000002008 	225.299987792969 	-8.92312341322074E-16 	
225.400024414063 	-0.683400000001711 	225.400024414063 	-8.40641057918374E-16 	
225.5 	-0.687900000000809 	225.5 	-7.89001300618032E-16 	
225.600036621094 	-0.685199999999895 	225.600036621094 	-7.37330017214331E-16 	
225.700012207031 	-0.68920000000071 	225.700012207031 	-6.85690259913989E-16 	
225.799987792969 	-0.691399999999703 	225.799987792969 	-6.34050502613647E-16 	
225.900024414063 	-0.699300000000221 	225.900024414063 	-5.82379219209947E-16 	
226 	-0.703099999998813 	226 	-5.30739461909604E-16 	
226.100036621094 	-0.697899999999208 	226.100036621094 	-4.79068178505904E-16 	
226.200012207031 	-0.690800000000309 	226.200012207031 	-4.27428421205562E-16 	
226.299987792969 	-0.680900000003021 	226.299987792969 	-3.7578866390522E-16 	
226.400024414063 	-0.681400000001304 	226.400024414063 	-3.2411738050152E-16 	
226.5 	-0.675199999997858 	226.5 	-2.72477623201177E-16 	
226.600036621094 	-0.668499999999767 	226.600036621094 	-2.20806339797477E-16 	
226.700012207031 	-0.671800000000076 	226.700012207031 	-1.69166582497135E-16 	
226.799987792969 	-0.663700000000972 	226.799987792969 	-1.17526825196793E-16 	
226.900024414063 	-0.664000000000669 	226.900024414063 	-6.58555417930924E-17 	
227 	-0.66570000000138 	227 	-3.61984595900708E-17 	
227.100036621094 	-0.658800000001065 	227.100036621094 	-3.61576135030225E-17 	
227.200012207031 	-0.65480000000025 	227.200012207031 	-3.61167923373209E-17 	
227.299987792969 	-0.655600000001868 	227.299987792969 	-3.60759711716193E-17 	
227.400024414063 	-0.656999999999243 	227.400024414063 	-3.60351250845711E-17 	
227.5 	-0.662200000002485 	227.5 	-3.59943039188695E-17 	
227.600036621094 	-0.667199999999866 	227.600036621094 	-3.59534578318213E-17 	
227.700012207031 	-0.664400000001478 	227.700012207031 	-3.59126366661196E-17 	
227.799987792969 	-0.663400000001275 	227.799987792969 	-3.5871815500418E-17 	
227.900024414063 	-0.66570000000138 	227.900024414063 	-3.58309694133698E-17 	
228 	-0.649399999998423 	228 	-3.57901482476682E-17 	
228.100036621094 	-0.640200000001641 	228.100036621094 	-3.574930216062E-17 	
228.200012207031 	-0.635000000002037 	228.200012207031 	-3.57084809949184E-17 	
228.299987792969 	-0.632400000002235 	228.299987792969 	-3.56676598292167E-17 	
228.400024414063 	-0.630499999999302 	228.400024414063 	-3.56268137421685E-17 	
228.5 	-0.626000000003842 	228.5 	-3.55859925764669E-17 	
228.600036621094 	-0.621500000001106 	228.600036621094 	-3.55451464894187E-17 	
228.700012207031 	-0.617200000000594 	228.700012207031 	-3.55043253237171E-17 	
228.799987792969 	-0.62159999999858 	228.799987792969 	-3.54635041580154E-17 	
228.900024414063 	-0.629000000000815 	228.900024414063 	-3.54226580709672E-17 	
229 	-0.633200000000215 	229 	-3.53818369052656E-17 	
229.100036621094 	-0.63550000000032 	229.100036621094 	-3.53409908182174E-17 	
229.200012207031 	-0.632600000000821 	229.200012207031 	-3.53001696525158E-17 	
229.299987792969 	-0.634900000000926 	229.299987792969 	-3.52593484868141E-17 	
229.400024414063 	-0.629499999999098 	229.400024414063 	-3.52185023997659E-17 	
229.5 	-0.631799999999203 	229.5 	-3.51776812340643E-17 	
229.600036621094 	-0.632700000001932 	229.600036621094 	-3.51368351470161E-17 	
229.700012207031 	-0.633900000000722 	229.700012207031 	-3.50960139813145E-17 	
229.799987792969 	-0.633500000003551 	229.799987792969 	-3.50551928156129E-17 	
229.900024414063 	-0.638800000000629 	229.900024414063 	-3.50143467285647E-17 	
230 	-0.635600000001432 	230 	-3.4973525562863E-17 	
230.100036621094 	-0.636300000001938 	230.100036621094 	-3.49326794758148E-17 	
230.200012207031 	-0.642299999999523 	230.200012207031 	-3.48918583101132E-17 	
230.299987792969 	-0.647400000001653 	230.299987792969 	-3.48510371444116E-17 	
230.400024414063 	-0.647800000002462 	230.400024414063 	-3.48101910573634E-17 	
230.5 	-0.650100000002567 	230.5 	-3.47693698916617E-17 	
230.600036621094 	-0.651499999999942 	230.600036621094 	-3.47285238046135E-17 	
230.700012207031 	-0.650699999998324 	230.700012207031 	-3.46877026389119E-17 	
230.799987792969 	-0.647600000003877 	230.799987792969 	-3.46468814732103E-17 	
230.900024414063 	-0.651499999999942 	230.900024414063 	-3.46060353861621E-17 	
231 	-0.649300000000949 	231 	-3.45652142204604E-17 	
231.100036621094 	-0.643800000001647 	231.100036621094 	-3.45243681334122E-17 	
231.200012207031 	-0.647099999998318 	231.200012207031 	-3.44835469677106E-17 	
231.299987792969 	-0.647300000004179 	231.299987792969 	-3.4442725802009E-17 	
231.400024414063 	-0.65060000000085 	231.400024414063 	-3.44018797149608E-17 	
231.5 	-0.649499999999534 	231.5 	-3.43610585492592E-17 	
231.600036621094 	-0.645800000002055 	231.600036621094 	-3.43202124622109E-17 	
231.700012207031 	-0.637099999999919 	231.700012207031 	-3.42793912965093E-17 	
231.799987792969 	-0.63550000000032 	231.799987792969 	-3.42385701308077E-17 	
231.900024414063 	-0.637800000000425 	231.900024414063 	-3.41977240437595E-17 	
232 	-0.638800000000629 	232 	-3.41569028780579E-17 	
232.100036621094 	-0.645700000000943 	232.100036621094 	-3.41160567910097E-17 	
232.200012207031 	-0.654100000003382 	232.200012207031 	-3.4075235625308E-17 	
232.299987792969 	-0.653800000000047 	232.299987792969 	-3.40344144596064E-17 	
232.400024414063 	-0.644599999999627 	232.400024414063 	-3.39935683725582E-17 	
232.5 	-0.646899999999732 	232.5 	-3.39527472068566E-17 	
232.600036621094 	-0.640000000003056 	232.600036621094 	-3.39119011198084E-17 	
232.700012207031 	-0.635600000001432 	232.700012207031 	-3.38710799541067E-17 	
232.799987792969 	-0.60570000000007 	232.799987792969 	-3.38302587884051E-17 	
232.900024414063 	-0.585500000001048 	232.900024414063 	-3.37894127013569E-17 	
233 	-0.563600000001315 	233 	-3.37485915356553E-17 	
233.100036621094 	-0.56710000000021 	233.100036621094 	-3.37077454486071E-17 	
233.200012207031 	-0.56710000000021 	233.200012207031 	-3.36669242829054E-17 	
233.299987792969 	 	233.299987792969 	-3.36261031172038E-17 	
233.400024414063 	 	233.400024414063 	-3.35852570301556E-17 	
233.5 	 	233.5 	-3.3544435864454E-17 	
233.600036621094 	 	233.600036621094 	-3.35035897774058E-17 	
233.700012207031 	 	233.700012207031 	-3.34627686117042E-17 	
233.799987792969 	 	233.799987792969 	-3.34219474460025E-17 	
233.900024414063 	 	233.900024414063 	-3.33811013589543E-17 	
234 	 	234 	-3.33402801932527E-17 	
234.100036621094 	 	234.100036621094 	-3.33402801932527E-17 	
234.200012207031 	 	234.200012207031 	5.88372438698203 	
234.299987792969 	 	234.299987792969 	6.92632402060293 	
234.400024414063 	 	234.400024414063 	7.11111548847212 	
234.5 	 	234.5 	7.14381859922088 	
234.600036621094 	 	234.600036621094 	7.14961492728619 	
234.700012207031 	 	234.700012207031 	7.1506408052169 	
234.799987792969 	 	234.799987792969 	7.1508225684252 	
234.900024414063 	 	234.900024414063 	7.15085482529986 	
235 	 	235 	7.1508605002603 	
235.100036621094 	 	235.100036621094 	7.15086150609755 	
235.200012207031 	 	235.200012207031 	7.1508615347217 	
235.299987792969 	 	235.299987792969 	7.15086178815321 	
235.400024414063 	 	235.400024414063 	7.1508616848655 	
235.5 	 	235.5 	7.15086166242085 	
235.600036621094 	 	235.600036621094 	7.15086175931899 	
235.700012207031 	 	235.700012207031 	7.15086176905961 	
235.799987792969 	7.17889999999898 	235.799987792969 	7.15086176880491 	
235.900024414063 	7.10659999999916 	235.900024414063 	7.15086180496647 	
236 	7.07129999999597 	236 	7.15086185352419 	
236.100036621094 	7.01849999999831 	236.100036621094 	7.15086188249521 	
236.200012207031 	6.96419999999853 	236.200012207031 	7.15086186884446 	
236.299987792969 	6.96419999999853 	236.299987792969 	7.15086181144267 	
236.400024414063 	6.96419999999853 	236.400024414063 	7.15086176944322 	
236.5 	6.96419999999853 	236.5 	7.15086175484592 	
236.600036621094 	6.7735999999968 	236.600036621094 	7.15086175225231 	
236.700012207031 	6.78199999999924 	236.700012207031 	7.15086175903296 	
236.799987792969 	6.6971999999987 	236.799987792969 	7.15086176594099 	
236.900024414063 	6.8198999999986 	236.900024414063 	7.15086177221988 	
237 	6.84769999999844 	237 	7.15086177580806 	
237.100036621094 	6.84850000000006 	237.100036621094 	7.15086177715743 	
237.200012207031 	6.8781999999992 	237.200012207031 	7.15086177768696 	
237.299987792969 	6.86749999999665 	237.299987792969 	7.15086177516478 	
237.400024414063 	6.90249999999651 	237.400024414063 	7.15086177250986 	
237.5 	6.8946999999971 	237.5 	7.15086177310933 	
237.600036621094 	6.92759999999907 	237.600036621094 	7.15086177301523 	
237.700012207031 	6.93409999999858 	237.700012207031 	7.15086177147251 	
237.799987792969 	6.95470000000205 	237.799987792969 	7.15086177230509 	
237.900024414063 	6.95539999999892 	237.900024414063 	7.15086177515178 	
238 	6.96519999999873 	238 	7.15086177604848 	
238.100036621094 	6.95500000000175 	238.100036621094 	7.15086177703516 	
238.200012207031 	6.95089999999982 	238.200012207031 	7.15086177794136 	
238.299987792969 	6.94210000000021 	238.299987792969 	7.15086177915252 	
238.400024414063 	6.93739999999889 	238.400024414063 	7.15086178026204 	
238.5 	6.93759999999747 	238.5 	7.15086178113492 	
238.600036621094 	6.93839999999909 	238.600036621094 	7.15086178163847 	
238.700012207031 	6.93379999999888 	238.700012207031 	7.15086178163842 	
238.799987792969 	6.9301000000014 	238.799987792969 	7.15086178100162 	
238.900024414063 	6.91440000000148 	238.900024414063 	7.15086177959338 	
239 	6.90229999999792 	239 	7.15086178075507 	
239.100036621094 	6.90099999999802 	239.100036621094 	7.15086178236679 	
239.200012207031 	6.89259999999922 	239.200012207031 	7.1508617839714 	
239.299987792969 	6.8933999999972 	239.299987792969 	7.15086178548635 	
239.400024414063 	6.88379999999961 	239.400024414063 	7.15086178682889 	
239.5 	6.8852999999981 	239.5 	7.15086178791382 	
239.600036621094 	6.88709999999992 	239.600036621094 	7.15086178865884 	
239.700012207031 	6.8836999999985 	239.700012207031 	7.1508617889795 	
239.799987792969 	6.88160000000062 	239.799987792969 	7.15086178879286 	
239.900024414063 	6.88190000000031 	239.900024414063 	7.15086178801472 	
240 	6.87960000000021 	240 	7.15086178656248 	
240.100036621094 	6.87749999999869 	240.100036621094 	7.15086178435076 	
240.200012207031 	6.8724000000002 	240.200012207031 	7.15086178129869 	
240.299987792969 	6.87049999999726 	240.299987792969 	7.15086178067421 	
240.400024414063 	6.86369999999806 	240.400024414063 	7.15086178098854 	
240.5 	6.86449999999604 	240.5 	7.15086178126505 	
240.600036621094 	6.86409999999887 	240.600036621094 	7.15086178149135 	
240.700012207031 	6.85800000000017 	240.700012207031 	7.15086178165442 	
240.799987792969 	6.85449999999764 	240.799987792969 	7.15086178174173 	
240.900024414063 	6.84669999999824 	240.900024414063 	7.15086178174053 	
241 	6.84500000000116 	241 	7.15086178163809 	
241.100036621094 	6.83759999999893 	241.100036621094 	7.15086178142157 	
241.200012207031 	6.83149999999659 	241.200012207031 	7.15086178107852 	
241.299987792969 	6.82649999999921 	241.299987792969 	7.15086178059611 	
241.400024414063 	6.82660000000033 	241.400024414063 	7.15086177996121 	
241.5 	6.82869999999821 	241.5 	7.15086177916187 	
241.600036621094 	6.82689999999639 	241.600036621094 	7.1508617787359 	
241.700012207031 	6.82739999999831 	241.700012207031 	7.15086177861345 	
241.799987792969 	6.82499999999709 	241.799987792969 	7.15086177849942 	
241.900024414063 	6.82589999999982 	241.900024414063 	7.15086177839536 	
242 	6.8289999999979 	242 	7.15086177830301 	
242.100036621094 	6.82870000000185 	242.100036621094 	7.15086177822386 	
242.200012207031 	6.8253999999979 	242.200012207031 	7.15086177815961 	
242.299987792969 	6.8224999999984 	242.299987792969 	7.15086177811181 	
242.400024414063 	6.8224999999984 	242.400024414063 	7.15086177808207 	
242.5 	6.81939999999668 	242.5 	7.15086177807203 	
242.600036621094 	6.8140999999996 	242.600036621094 	7.15086177808327 	
242.700012207031 	6.818299999999 	242.700012207031 	7.1508617781174 	
242.799987792969 	6.81269999999859 	242.799987792969 	7.15086177817602 	
242.900024414063 	6.80799999999726 	242.900024414063 	7.15086177814353 	
243 	6.80779999999868 	243 	7.15086177800232 	
243.100036621094 	6.80149999999776 	243.100036621094 	7.15086177786874 	
243.200012207031 	6.79509999999937 	243.200012207031 	7.15086177774294 	
243.299987792969 	6.79349999999977 	243.299987792969 	7.15086177762486 	
243.400024414063 	6.78759999999966 	243.400024414063 	7.1508617775144 	
243.5 	6.78319999999803 	243.5 	7.15086177741173 	
243.600036621094 	6.77929999999833 	243.600036621094 	7.15086177731671 	
243.700012207031 	6.77469999999812 	243.700012207031 	7.15086177722945 	
243.799987792969 	6.77349999999933 	243.799987792969 	7.15086177714989 	
243.900024414063 	6.77219999999943 	243.900024414063 	7.150861777078 	
244 	6.76840000000084 	244 	7.15086177701386 	
244.100036621094 	6.76459999999861 	244.100036621094 	7.15086177695739 	
244.200012207031 	6.7596999999987 	244.200012207031 	7.15086177690867 	
244.299987792969 	6.75749999999607 	244.299987792969 	7.15086177686765 	
244.400024414063 	6.75070000000051 	244.400024414063 	7.15086177683432 	
244.5 	6.7455000000009 	244.5 	7.15086177680872 	
244.600036621094 	6.7518999999993 	244.600036621094 	7.15086177679081 	
244.700012207031 	6.75 	244.700012207031 	7.15086177678062 	
244.799987792969 	6.74569999999949 	244.799987792969 	7.15086177677814 	
244.900024414063 	6.74439999999959 	244.900024414063 	7.15086177678336 	
245 	6.73990000000049 	245 	7.15086177679629 	
245.100036621094 	6.74219999999696 	245.100036621094 	7.15086177681695 	
245.200012207031 	6.74019999999655 	245.200012207031 	7.15086177684529 	
245.299987792969 	6.73559999999634 	245.299987792969 	7.15086177688134 	
245.400024414063 	6.73050000000148 	245.400024414063 	7.15086177692513 	
245.5 	6.72459999999774 	245.5 	7.1508617769766 	
245.600036621094 	6.72589999999764 	245.600036621094 	7.15086177703581 	
245.700012207031 	6.71699999999691 	245.700012207031 	7.15086177710269 	
245.799987792969 	6.70769999999902 	245.799987792969 	7.15086177717728 	
245.900024414063 	6.70249999999942 	245.900024414063 	7.15086177725962 	
246 	6.70349999999962 	246 	7.15086177734962 	
246.100036621094 	6.70240000000194 	246.100036621094 	7.15086177744739 	
246.200012207031 	6.69800000000032 	246.200012207031 	7.15086177755281 	
246.299987792969 	6.69479999999749 	246.299987792969 	7.15086177766593 	
246.400024414063 	6.69420000000173 	246.400024414063 	7.15086177778684 	
246.5 	6.69089999999778 	246.5 	7.15086177791538 	
246.600036621094 	6.69179999999687 	246.600036621094 	7.1508617780517 	
246.700012207031 	6.69029999999839 	246.700012207031 	7.15086177817453 	
246.799987792969 	6.68779999999606 	246.799987792969 	7.15086177812524 	
246.900024414063 	6.68470000000161 	246.900024414063 	7.1508617780775 	
247 	6.68409999999858 	247 	7.15086177803138 	
247.100036621094 	6.68599999999788 	247.100036621094 	7.15086177798681 	
247.200012207031 	6.6859000000004 	247.200012207031 	7.15086177794386 	
247.299987792969 	6.68659999999727 	247.299987792969 	7.1508617779025 	
247.400024414063 	6.69029999999839 	247.400024414063 	7.1508617778627 	
247.5 	6.68639999999868 	247.5 	7.15086177782451 	
247.600036621094 	6.68259999999646 	247.600036621094 	7.15086177778788 	
247.700012207031 	6.67679999999746 	247.700012207031 	7.15086177775286 	
247.799987792969 	6.66790000000037 	247.799987792969 	7.15086177771943 	
247.900024414063 	6.67029999999795 	247.900024414063 	7.15086177768756 	
248 	6.67569999999978 	248 	7.1508617776573 	
248.100036621094 	6.67719999999827 	248.100036621094 	7.15086177762861 	
248.200012207031 	6.67519999999786 	248.200012207031 	7.15086177760152 	
248.299987792969 	6.67199999999866 	248.299987792969 	7.15086177757602 	
248.400024414063 	6.66879999999946 	248.400024414063 	7.15086177755209 	
248.5 	6.67000000000189 	248.5 	7.15086177752976 	
248.600036621094 	6.67009999999937 	248.600036621094 	7.150861777509 	
248.700012207031 	6.67410000000018 	248.700012207031 	7.15086177748984 	
248.799987792969 	6.67239999999947 	248.799987792969 	7.15086177747227 	
248.900024414063 	6.66939999999886 	248.900024414063 	7.15086177745627 	
249 	6.66589999999997 	249 	7.15086177744187 	
249.100036621094 	6.66179999999804 	249.100036621094 	7.15086177742905 	
249.200012207031 	6.65889999999854 	249.200012207031 	7.15086177741782 	
249.299987792969 	6.65929999999935 	249.299987792969 	7.15086177740818 	
249.400024414063 	6.65380000000005 	249.400024414063 	7.15086177740012 	
249.5 	6.65169999999853 	249.5 	7.15086177739365 	
249.600036621094 	6.64559999999619 	249.600036621094 	7.15086177738876 	
249.700012207031 	6.63929999999891 	249.700012207031 	7.15086177738547 	
249.799987792969 	6.636599999998 	249.799987792969 	7.15086177738375 	
249.900024414063 	6.63520000000062 	249.900024414063 	7.15086177738363 	
250 	6.6346999999987 	250 	7.15086177738509 	
250.100036621094 	6.62769999999728 	250.100036621094 	7.15086177738814 	
250.200012207031 	6.62999999999738 	250.200012207031 	7.15086177739277 	
250.299987792969 	6.62519999999859 	250.299987792969 	7.15086177739899 	
250.400024414063 	6.62119999999777 	250.400024414063 	7.1508617774068 	
250.5 	6.61839999999938 	250.5 	7.15086177741619 	
250.600036621094 	6.61829999999827 	250.600036621094 	7.15086177742717 	
250.700012207031 	6.61549999999988 	250.700012207031 	7.15086177743974 	
250.799987792969 	6.6082000000024 	250.799987792969 	7.15086177745389 	
250.900024414063 	6.60239999999612 	250.900024414063 	7.15086177746963 	
251 	6.60320000000138 	251 	7.15086177748695 	
251.100036621094 	6.60629999999946 	251.100036621094 	7.15086177750587 	
251.200012207031 	6.60849999999846 	251.200012207031 	7.15086177752637 	
251.299987792969 	6.61010000000169 	251.299987792969 	7.15086177754845 	
251.400024414063 	6.60799999999654 	251.400024414063 	7.15086177757213 	
251.5 	6.60510000000068 	251.5 	7.15086177759738 	
251.600036621094 	6.60320000000138 	251.600036621094 	7.15086177762423 	
251.700012207031 	6.59949999999662 	251.700012207031 	7.15086177765266 	
251.799987792969 	6.60389999999825 	251.799987792969 	7.15086177768267 	
251.900024414063 	6.60180000000037 	251.900024414063 	7.15086177771428 	
252 	6.59949999999662 	252 	7.15086177774746 	
252.100036621094 	6.59960000000137 	252.100036621094 	7.15086177778225 	
252.200012207031 	6.59709999999905 	252.200012207031 	7.15086177781861 	
252.299987792969 	6.59179999999833 	252.299987792969 	7.15086177785655 	
252.400024414063 	6.59559999999692 	252.400024414063 	7.1508617778961 	
252.5 	6.59439999999813 	252.5 	7.15086177793721 	
252.600036621094 	6.59509999999864 	252.600036621094 	7.15086177797993 	
252.700012207031 	6.59949999999662 	252.700012207031 	7.15086177802422 	
252.799987792969 	6.60510000000068 	252.799987792969 	7.15086177807009 	
252.900024414063 	6.60989999999947 	252.900024414063 	7.15086177811758 	
253 	6.60659999999916 	253 	7.15086177816662 	
253.100036621094 	6.60189999999784 	253.100036621094 	7.15086177821728 	
253.200012207031 	6.60089999999764 	253.200012207031 	7.15086177822661 	
253.299987792969 	6.59830000000147 	253.299987792969 	7.15086177821443 	
253.400024414063 	6.59709999999905 	253.400024414063 	7.1508617782025 	
253.5 	6.59209999999803 	253.5 	7.15086177819085 	
253.600036621094 	6.59370000000126 	253.600036621094 	7.15086177817944 	
253.700012207031 	6.59029999999984 	253.700012207031 	7.15086177816831 	
253.799987792969 	6.59069999999701 	253.799987792969 	7.15086177815743 	
253.900024414063 	6.58859999999913 	253.900024414063 	7.15086177814681 	
254 	6.5837999999967 	254 	7.15086177813646 	
254.100036621094 	6.58169999999882 	254.100036621094 	7.15086177812637 	
254.200012207031 	6.57860000000073 	254.200012207031 	7.15086177811654 	
254.299987792969 	6.57779999999912 	254.299987792969 	7.15086177810697 	
254.400024414063 	6.56920000000173 	254.400024414063 	7.15086177809766 	
254.5 	6.56459999999788 	254.5 	7.15086177808862 	
254.600036621094 	6.5640999999996 	254.600036621094 	7.15086177807983 	
254.700012207031 	6.56160000000091 	254.700012207031 	7.15086177807131 	
254.799987792969 	6.56189999999697 	254.799987792969 	7.15086177806305 	
254.900024414063 	6.5606000000007 	254.900024414063 	7.15086177805504 	
255 	6.5601999999999 	255 	7.1508617780473 	
255.100036621094 	6.56179999999949 	255.100036621094 	7.15086177803982 	
255.200012207031 	6.55710000000181 	255.200012207031 	7.15086177803261 	
255.299987792969 	6.55689999999959 	255.299987792969 	7.15086177802566 	
255.400024414063 	6.55749999999898 	255.400024414063 	7.15086177801896 	
255.5 	6.55370000000039 	255.5 	7.15086177801253 	
255.600036621094 	6.5544000000009 	255.600036621094 	7.15086177800636 	
255.700012207031 	6.54519999999684 	255.700012207031 	7.15086177800045 	
255.799987792969 	6.53829999999653 	255.799987792969 	7.1508617779948 	
255.900024414063 	6.54149999999936 	255.900024414063 	7.15086177798941 	
256 	6.53609999999753 	256 	7.15086177798429 	
256.100036621094 	6.53319999999803 	256.100036621094 	7.15086177797943 	
256.200012207031 	6.53209999999672 	256.200012207031 	7.15086177797482 	
256.299987792969 	6.53369999999995 	256.299987792969 	7.15086177797049 	
256.400024414063 	6.53069999999934 	256.400024414063 	7.1508617779664 	
256.5 	6.52979999999661 	256.5 	7.15086177796259 	
256.600036621094 	6.52819999999701 	256.600036621094 	7.15086177795903 	
256.700012207031 	6.52999999999884 	256.700012207031 	7.15086177795574 	
256.799987792969 	6.53119999999763 	256.799987792969 	7.1508617779527 	
256.900024414063 	6.53180000000066 	256.900024414063 	7.15086177794993 	
257 	6.52980000000025 	257 	7.15086177794742 	
257.100036621094 	6.53349999999773 	257.100036621094 	7.15086177794517 	
257.200012207031 	6.53659999999945 	257.200012207031 	7.15086177794319 	
257.299987792969 	6.54199999999764 	257.299987792969 	7.15086177794146 	
257.400024414063 	6.54069999999774 	257.400024414063 	7.15086177793999 	
257.5 	6.53939999999784 	257.5 	7.15086177793879 	
257.600036621094 	6.54149999999936 	257.600036621094 	7.15086177793785 	
257.700012207031 	6.54660000000149 	257.700012207031 	7.15086177793717 	
257.799987792969 	6.54579999999987 	257.799987792969 	7.15086177793675 	
257.900024414063 	6.54369999999835 	257.900024414063 	7.15086177793659 	
258 	6.54659999999785 	258 	7.1508617779367 	
258.100036621094 	6.54539999999906 	258.100036621094 	7.15086177793706 	
258.200012207031 	6.54859999999826 	258.200012207031 	7.15086177793769 	
258.299987792969 	6.54629999999815 	258.299987792969 	7.15086177793858 	
258.400024414063 	6.54669999999896 	258.400024414063 	7.15086177793973 	
258.5 	6.55229999999938 	258.5 	7.15086177794114 	
258.600036621094 	6.55279999999766 	258.600036621094 	7.15086177794281 	
258.700012207031 	6.55580000000191 	258.700012207031 	7.15086177794475 	
258.799987792969 	6.55240000000049 	258.799987792969 	7.15086177794694 	
258.900024414063 	6.55339999999705 	258.900024414063 	7.1508617779494 	
259 	6.55419999999867 	259 	7.15086177795212 	
259.100036621094 	6.55249999999796 	259.100036621094 	7.1508617779551 	
259.200012207031 	6.56209999999919 	259.200012207031 	7.15086177795834 	
259.299987792969 	6.55970000000161 	259.299987792969 	7.15086177796184 	
259.400024414063 	6.5614999999998 	259.400024414063 	7.15086177796561 	
259.5 	6.56129999999757 	259.5 	7.15086177796963 	
259.600036621094 	6.568299999999 	259.600036621094 	7.15086177797392 	
259.700012207031 	6.56910000000062 	259.700012207031 	7.15086177797847 	
259.799987792969 	6.57129999999961 	259.799987792969 	7.15086177798328 	
259.900024414063 	6.57029999999941 	259.900024414063 	7.15086177798835 	
260 	6.56790000000183 	260 	7.15086177799368 	
260.100036621094 	6.56710000000021 	260.100036621094 	7.15086177799928 	
260.200012207031 	6.56009999999878 	260.200012207031 	7.15086177800514 	
260.299987792969 	6.55519999999888 	260.299987792969 	7.15086177801125 	
260.400024414063 	6.54829999999856 	260.400024414063 	7.15086177801763 	
260.5 	6.54889999999796 	260.5 	7.15086177802427 	
260.600036621094 	6.54490000000078 	260.600036621094 	7.15086177803118 	
260.700012207031 	6.54329999999754 	260.700012207031 	7.15086177803834 	
260.799987792969 	6.53849999999875 	260.799987792969 	7.15086177804576 	
260.900024414063 	6.53699999999662 	260.900024414063 	7.15086177805345 	
261 	6.53779999999824 	261 	7.15086177806139 	
261.100036621094 	6.53689999999915 	261.100036621094 	7.15086177806961 	
261.200012207031 	6.54059999999663 	261.200012207031 	7.15086177807808 	
261.299987792969 	6.53659999999945 	261.299987792969 	7.1508617780868 	
261.400024414063 	6.53299999999581 	261.400024414063 	7.1508617780958 	
261.5 	6.53029999999853 	261.5 	7.15086177810505 	
261.600036621094 	6.52369999999792 	261.600036621094 	7.15086177811457 	
261.700012207031 	6.52430000000095 	261.700012207031 	7.15086177812435 	
261.799987792969 	6.51889999999912 	261.799987792969 	7.15086177813439 	
261.900024414063 	6.51780000000144 	261.900024414063 	7.15086177814469 	
262 	6.5128999999979 	262 	7.15086177815525 	
262.100036621094 	6.51119999999719 	262.100036621094 	7.15086177816608 	
262.200012207031 	6.51209999999628 	262.200012207031 	7.15086177817716 	
262.299987792969 	6.51119999999719 	262.299987792969 	7.1508617781885 	
262.400024414063 	6.50270000000091 	262.400024414063 	7.15086177820012 	
262.5 	6.49250000000029 	262.5 	7.15086177821198 	
262.600036621094 	6.49049999999988 	262.600036621094 	7.15086177822412 	
262.700012207031 	6.48990000000049 	262.700012207031 	7.15086177823651 	
262.799987792969 	6.48269999999684 	262.799987792969 	7.15086177824916 	
262.900024414063 	6.48280000000159 	262.900024414063 	7.15086177825736 	
263 	6.47479999999996 	263 	7.15086177825738 	
263.100036621094 	6.47509999999966 	263.100036621094 	7.15086177825739 	
263.200012207031 	6.47359999999753 	263.200012207031 	7.15086177825741 	
263.299987792969 	6.47159999999712 	263.299987792969 	7.15086177825743 	
263.400024414063 	6.46989999999641 	263.400024414063 	7.15086177825745 	
263.5 	6.47239999999874 	263.5 	7.15086177825747 	
263.600036621094 	6.47049999999581 	263.600036621094 	7.15086177825749 	
263.700012207031 	6.46340000000055 	263.700012207031 	7.15086177825751 	
263.799987792969 	6.46259999999893 	263.799987792969 	7.15086177825753 	
263.900024414063 	6.46500000000015 	263.900024414063 	7.15086177825755 	
264 	6.46659999999974 	264 	7.15086177825757 	
264.100036621094 	6.46240000000034 	264.100036621094 	7.15086177825758 	
264.200012207031 	6.45360000000073 	264.200012207031 	7.1508617782576 	
264.299987792969 	6.44800000000032 	264.299987792969 	7.15086177825762 	
264.400024414063 	6.44599999999991 	264.400024414063 	7.15086177825764 	
264.5 	6.44579999999769 	264.5 	7.15086177825766 	
264.600036621094 	6.4458999999988 	264.600036621094 	7.15086177825768 	
264.700012207031 	6.43629999999757 	264.700012207031 	7.1508617782577 	
264.799987792969 	6.44349999999758 	264.799987792969 	7.15086177825772 	
264.900024414063 	6.45029999999679 	264.900024414063 	7.15086177825774 	
265 	6.45759999999791 	265 	7.15086177825776 	
265.100036621094 	6.45799999999872 	265.100036621094 	7.15086177825777 	
265.200012207031 	6.45449999999983 	265.200012207031 	7.15086177825779 	
265.299987792969 	6.44919999999911 	265.299987792969 	7.15086177825781 	
265.400024414063 	6.44629999999961 	265.400024414063 	7.15086177825783 	
265.5 	6.4506999999976 	265.5 	7.15086177825785 	
265.600036621094 	6.45049999999901 	265.600036621094 	7.15086177825787 	
265.700012207031 	6.44759999999951 	265.700012207031 	7.15086177825789 	
265.799987792969 	6.45290000000023 	265.799987792969 	7.15086177825791 	
265.900024414063 	6.45379999999932 	265.900024414063 	7.15086177825793 	
266 	6.45460000000094 	266 	7.15086177825795 	
266.100036621094 	6.45669999999882 	266.100036621094 	7.15086177825796 	
266.200012207031 	6.45859999999811 	266.200012207031 	7.15086177825798 	
266.299987792969 	6.4574999999968 	266.299987792969 	7.150861778258 	
266.400024414063 	6.45890000000145 	266.400024414063 	7.15086177825802 	
266.5 	6.45939999999973 	266.5 	7.15086177825804 	
266.600036621094 	6.45889999999781 	266.600036621094 	7.15086177825806 	
266.700012207031 	6.46350000000166 	266.700012207031 	7.15086177825808 	
266.799987792969 	6.46129999999903 	266.799987792969 	7.1508617782581 	
266.900024414063 	6.46080000000075 	266.900024414063 	7.15086177825812 	
267 	6.4577999999965 	267 	7.15086177825814 	
267.100036621094 	6.46389999999883 	267.100036621094 	7.15086177825815 	
267.200012207031 	6.46689999999944 	267.200012207031 	7.15086177825817 	
267.299987792969 	6.46749999999884 	267.299987792969 	7.15086177825819 	
267.400024414063 	6.46670000000086 	267.400024414063 	7.15086177825821 	
267.5 	6.46369999999661 	267.5 	7.15086177825823 	
267.600036621094 	6.46559999999954 	267.600036621094 	7.15086177825825 	
267.700012207031 	6.46140000000014 	267.700012207031 	7.15086177825827 	
267.799987792969 	6.46250000000146 	267.799987792969 	7.15086177825829 	
267.900024414063 	6.4655999999959 	267.900024414063 	7.15086177825831 	
268 	6.47049999999945 	268 	7.15086177825833 	
268.100036621094 	6.47170000000187 	268.100036621094 	7.15086177825834 	
268.200012207031 	6.47100000000137 	268.200012207031 	7.15086177825836 	
268.299987792969 	6.46440000000075 	268.299987792969 	7.15086177825838 	
268.400024414063 	6.46489999999903 	268.400024414063 	7.1508617782584 	
268.5 	6.45629999999801 	268.5 	7.15086177825842 	
268.600036621094 	6.45290000000023 	268.600036621094 	7.15086177825844 	
268.700012207031 	6.45499999999811 	268.700012207031 	7.15086177825846 	
268.799987792969 	6.45239999999831 	268.799987792969 	7.15086177825848 	
268.900024414063 	6.44900000000052 	268.900024414063 	7.1508617782585 	
269 	6.44770000000062 	269 	7.15086177825852 	
269.100036621094 	6.4458999999988 	269.100036621094 	7.15086177825853 	
269.200012207031 	6.44989999999598 	269.200012207031 	7.15086177825855 	
269.299987792969 	6.45079999999871 	269.299987792969 	7.15086177825857 	
269.400024414063 	6.4503999999979 	269.400024414063 	7.15086177825859 	
269.5 	6.446899999999 	269.5 	7.15086177825861 	
269.600036621094 	6.4435999999987 	269.600036621094 	7.15086177825863 	
269.700012207031 	6.44250000000102 	269.700012207031 	7.15086177825865 	
269.799987792969 	6.4422999999988 	269.799987792969 	7.15086177825867 	
269.900024414063 	6.43579999999929 	269.900024414063 	7.15086177825869 	
270 	6.42829999999958 	270 	7.15086177825871 	
270.100036621094 	6.42469999999958 	270.100036621094 	7.15086177825872 	
270.200012207031 	6.42569999999614 	270.200012207031 	7.15086177825874 	
270.299987792969 	6.4236000000019 	270.299987792969 	7.15086177825876 	
270.400024414063 	6.42290000000139 	270.400024414063 	7.15086177825878 	
270.5 	6.41939999999886 	270.5 	7.1508617782588 	
270.600036621094 	6.41399999999703 	270.600036621094 	7.15086177825882 	
270.700012207031 	6.40819999999803 	270.700012207031 	7.15086177825884 	
270.799987792969 	6.40840000000026 	270.799987792969 	7.15086177825886 	
270.900024414063 	6.40759999999864 	270.900024414063 	7.15086177825888 	
271 	6.40450000000055 	271 	7.1508617782589 	
271.100036621094 	6.40129999999772 	271.100036621094 	7.15086177825892 	
271.200012207031 	6.40020000000004 	271.200012207031 	7.15086177825893 	
271.299987792969 	6.39549999999872 	271.299987792969 	7.15086177825895 	
271.400024414063 	6.39359999999942 	271.400024414063 	7.15086177825897 	
271.5 	6.390199999998 	271.5 	7.15086177825899 	
271.600036621094 	6.38519999999698 	271.600036621094 	7.15086177825901 	
271.700012207031 	6.3791999999994 	271.700012207031 	7.15086177825903 	
271.799987792969 	6.37299999999959 	271.799987792969 	7.15086177825905 	
271.900024414063 	6.37359999999899 	271.900024414063 	7.15086177825907 	
272 	6.37039999999979 	272 	7.15086177825909 	
272.100036621094 	6.37089999999807 	272.100036621094 	7.15086177825911 	
272.200012207031 	6.36799999999857 	272.200012207031 	7.15086177825912 	
272.299987792969 	6.3627000000015 	272.299987792969 	7.15086177825914 	
272.400024414063 	6.36299999999756 	272.400024414063 	7.15086177825916 	
272.5 	6.36379999999917 	272.5 	7.15086177825918 	
272.600036621094 	6.36279999999897 	272.600036621094 	7.1508617782592 	
272.700012207031 	6.35749999999825 	272.700012207031 	7.15086177825922 	
272.799987792969 	6.35509999999704 	272.799987792969 	7.15086177825924 	
272.900024414063 	6.35199999999895 	272.900024414063 	7.15086177825926 	
273 	6.35839999999735 	273 	7.15086177825928 	
273.100036621094 	6.35869999999704 	273.100036621094 	7.1508617782593 	
273.200012207031 	6.35499999999956 	273.200012207031 	7.15086177825931 	
273.299987792969 	6.35059999999794 	273.299987792969 	7.15086177825933 	
273.400024414063 	6.35209999999643 	273.400024414063 	7.15086177825935 	
273.5 	6.35159999999814 	273.5 	7.15086177825937 	
273.600036621094 	6.34999999999854 	273.600036621094 	7.15086177825939 	
273.700012207031 	6.34720000000016 	273.700012207031 	7.15086177825941 	
273.799987792969 	6.34729999999763 	273.799987792969 	7.15086177825943 	
273.900024414063 	6.34509999999864 	273.900024414063 	7.15086177825945 	
274 	6.34439999999813 	274 	7.15086177825947 	
274.100036621094 	6.34909999999581 	274.100036621094 	7.15086177825949 	
274.200012207031 	6.35189999999784 	274.200012207031 	7.1508617782595 	
274.299987792969 	6.35450000000128 	274.299987792969 	7.15086177825952 	
274.400024414063 	6.35139999999956 	274.400024414063 	7.15086177825954 	
274.5 	6.35380000000077 	274.5 	7.15086177825956 	
274.600036621094 	6.35380000000077 	274.600036621094 	7.15086177825958 	
274.700012207031 	6.35580000000118 	274.700012207031 	7.1508617782596 	
274.799987792969 	6.35529999999926 	274.799987792969 	7.15086177825962 	
274.900024414063 	6.35540000000037 	274.900024414063 	7.15086177825964 	
275 	6.35469999999623 	275 	7.15086177825966 	
275.100036621094 	6.35689999999886 	275.100036621094 	7.15086177825968 	
275.200012207031 	6.35269999999946 	275.200012207031 	7.15086177825969 	
275.299987792969 	6.35609999999724 	275.299987792969 	7.15086177825971 	
275.400024414063 	6.35729999999967 	275.400024414063 	7.15086177825973 	
275.5 	6.35609999999724 	275.5 	7.15086177825975 	
275.600036621094 	6.35419999999795 	275.600036621094 	7.15086177825977 	
275.700012207031 	6.35349999999744 	275.700012207031 	7.15086177825979 	
275.799987792969 	6.34939999999915 	275.799987792969 	7.15086177825981 	
275.900024414063 	6.34989999999743 	275.900024414063 	7.15086177825983 	
276 	6.35029999999824 	276 	7.15086177825985 	
276.100036621094 	6.35229999999865 	276.100036621094 	7.15086177825987 	
276.200012207031 	6.35089999999764 	276.200012207031 	7.15086177825988 	
276.299987792969 	6.35009999999966 	276.299987792969 	7.1508617782599 	
276.400024414063 	6.34760000000097 	276.400024414063 	7.15086177825992 	
276.5 	6.34629999999743 	276.5 	7.15086177825994 	
276.600036621094 	6.34670000000187 	276.600036621094 	7.15086177825996 	
276.700012207031 	6.34460000000036 	276.700012207031 	7.15086177825998 	
276.799987792969 	6.34409999999843 	276.799987792969 	7.15086177826 	
276.900024414063 	6.34689999999682 	276.900024414063 	7.15086177826002 	
277 	6.34490000000005 	277 	7.15086177826004 	
277.100036621094 	6.34499999999753 	277.100036621094 	7.15086177826006 	
277.200012207031 	6.34609999999884 	277.200012207031 	7.15086177826007 	
277.299987792969 	6.34839999999895 	277.299987792969 	7.15086177826009 	
277.400024414063 	6.34639999999854 	277.400024414063 	7.15086177826011 	
277.5 	6.34579999999914 	277.5 	7.15086177826013 	
277.600036621094 	6.34309999999823 	277.600036621094 	7.15086177826015 	
277.700012207031 	6.34019999999873 	277.700012207031 	7.15086177826017 	
277.799987792969 	6.33969999999681 	277.799987792969 	7.15086177826019 	
277.900024414063 	6.33880000000136 	277.900024414063 	7.15086177826021 	
278 	6.33929999999964 	278 	7.15086177826023 	
278.100036621094 	6.3369999999959 	278.100036621094 	7.15086177826025 	
278.200012207031 	6.33259999999791 	278.200012207031 	7.15086177826027 	
278.299987792969 	6.32939999999871 	278.299987792969 	7.15086177826028 	
278.400024414063 	6.33009999999922 	278.400024414063 	7.1508617782603 	
278.5 	6.32459999999992 	278.5 	7.15086177826032 	
278.600036621094 	6.32240000000093 	278.600036621094 	7.15086177826034 	
278.700012207031 	6.3198999999986 	278.700012207031 	7.15086177826036 	
278.799987792969 	6.31409999999596 	278.799987792969 	7.15086177826038 	
278.900024414063 	6.31429999999818 	278.900024414063 	7.1508617782604 	
279 	6.31200000000172 	279 	7.15086177826042 	
279.100036621094 	6.31719999999768 	279.100036621094 	7.15086177826044 	
279.200012207031 	6.31229999999778 	279.200012207031 	7.15086177826046 	
279.299987792969 	6.31290000000081 	279.299987792969 	7.15086177826047 	
279.400024414063 	6.31030000000101 	279.400024414063 	7.15086177826049 	
279.5 	6.3112000000001 	279.5 	7.15086177826051 	
279.600036621094 	6.30879999999888 	279.600036621094 	7.15086177826053 	
279.700012207031 	6.30999999999767 	279.700012207031 	7.15086177826055 	
279.799987792969 	6.29929999999877 	279.799987792969 	7.15086177826057 	
279.900024414063 	6.30040000000008 	279.900024414063 	7.15086177826059 	
280 	6.30319999999847 	280 	7.15086177826061 	
280.100036621094 	6.30419999999867 	280.100036621094 	7.15086177826063 	
280.200012207031 	6.30329999999594 	280.200012207031 	7.15086177826065 	
280.299987792969 	6.30839999999807 	280.299987792969 	7.15086177826066 	
280.400024414063 	6.3096000000005 	280.400024414063 	7.15086177826068 	
280.5 	6.31019999999626 	280.5 	7.1508617782607 	
280.600036621094 	6.31219999999666 	280.600036621094 	7.15086177826072 	
280.700012207031 	6.31229999999778 	280.700012207031 	7.15086177826074 	
280.799987792969 	6.3099000000002 	280.799987792969 	7.15086177826076 	
280.900024414063 	6.31360000000132 	280.900024414063 	7.15086177826078 	
281 	6.31549999999697 	281 	7.1508617782608 	
281.100036621094 	6.3135000000002 	281.100036621094 	7.15086177826082 	
281.200012207031 	6.31459999999788 	281.200012207031 	7.15086177826084 	
281.299987792969 	6.31550000000061 	281.299987792969 	7.15086177826085 	
281.400024414063 	6.31190000000061 	281.400024414063 	7.15086177826087 	
281.5 	6.31089999999676 	281.5 	7.15086177826089 	
281.600036621094 	6.3086000000003 	281.600036621094 	7.15086177826091 	
281.700012207031 	6.30849999999919 	281.700012207031 	7.15086177826093 	
281.799987792969 	6.30819999999949 	281.799987792969 	7.15086177826095 	
281.900024414063 	6.30699999999706 	281.900024414063 	7.15086177826097 	
282 	6.30889999999636 	282 	7.15086177826099 	
282.100036621094 	6.30849999999919 	282.100036621094 	7.15086177826101 	
282.200012207031 	6.30239999999685 	282.200012207031 	7.15086177826103 	
282.299987792969 	6.30189999999857 	282.299987792969 	7.15086177826104 	
282.400024414063 	6.30159999999887 	282.400024414063 	7.15086177826106 	
282.5 	6.30080000000089 	282.5 	7.15086177826108 	
282.600036621094 	6.30559999999969 	282.600036621094 	7.1508617782611 	
282.700012207031 	6.30879999999888 	282.700012207031 	7.15086177826112 	
282.799987792969 	6.30519999999888 	282.799987792969 	7.15086177826114 	
282.900024414063 	6.30349999999817 	282.900024414063 	7.15086177826116 	
283 	6.29509999999937 	283 	7.15086177826118 	
283.100036621094 	6.29459999999744 	283.100036621094 	7.1508617782612 	
283.200012207031 	6.29320000000007 	283.200012207031 	7.15086177826121 	
283.299987792969 	6.29589999999735 	283.299987792969 	7.15086177826123 	
283.400024414063 	6.29119999999966 	283.400024414063 	7.15086177826125 	
283.5 	6.29339999999866 	283.5 	7.15086177826127 	
283.600036621094 	6.29459999999744 	283.600036621094 	7.15086177826129 	
283.700012207031 	6.29149999999936 	283.700012207031 	7.15086177826131 	
283.799987792969 	6.29060000000027 	283.799987792969 	7.15086177826133 	
283.900024414063 	6.28809999999794 	283.900024414063 	7.15086177826135 	
284 	6.28729999999996 	284 	7.15086177826137 	
284.100036621094 	6.29729999999836 	284.100036621094 	7.15086177826139 	
284.200012207031 	6.29739999999947 	284.200012207031 	7.1508617782614 	
284.299987792969 	6.29279999999562 	284.299987792969 	7.15086177826142 	
284.400024414063 	6.29349999999977 	284.400024414063 	7.15086177826144 	
284.5 	6.28939999999784 	284.5 	7.15086177826146 	
284.600036621094 	6.28519999999844 	284.600036621094 	7.15086177826148 	
284.700012207031 	6.28650000000198 	284.700012207031 	7.1508617782615 	
284.799987792969 	6.28149999999732 	284.799987792969 	7.15086177826152 	
284.900024414063 	6.27820000000065 	284.900024414063 	7.15086177826154 	
285 	6.27869999999893 	285 	7.15086177826156 	
285.100036621094 	6.28039999999964 	285.100036621094 	7.15086177826158 	
285.200012207031 	6.27750000000015 	285.200012207031 	7.15086177826159 	
285.299987792969 	6.28189999999813 	285.299987792969 	7.15086177826161 	
285.400024414063 	6.28149999999732 	285.400024414063 	7.15086177826163 	
285.5 	6.27989999999772 	285.5 	7.15086177826165 	
285.600036621094 	6.28089999999793 	285.600036621094 	7.15086177826167 	
285.700012207031 	6.28030000000217 	285.700012207031 	7.15086177826169 	
285.799987792969 	6.27979999999661 	285.799987792969 	7.15086177826171 	
285.900024414063 	6.28219999999783 	285.900024414063 	7.15086177826173 	
286 	6.28249999999753 	286 	7.15086177826175 	
286.100036621094 	6.28159999999843 	286.100036621094 	7.15086177826177 	
286.200012207031 	6.28149999999732 	286.200012207031 	7.15086177826178 	
286.299987792969 	6.28139999999985 	286.299987792969 	7.1508617782618 	
286.400024414063 	6.28039999999964 	286.400024414063 	7.15086177826182 	
286.5 	6.28029999999853 	286.5 	7.15086177826184 	
286.600036621094 	6.27929999999833 	286.600036621094 	7.15086177826186 	
286.700012207031 	6.27920000000086 	286.700012207031 	7.15086177826188 	
286.799987792969 	6.27660000000105 	286.799987792969 	7.1508617782619 	
286.900024414063 	6.27709999999934 	286.900024414063 	7.15086177826192 	
287 	6.27850000000035 	287 	7.15086177826194 	
287.100036621094 	6.27669999999853 	287.100036621094 	7.15086177826196 	
287.200012207031 	6.27999999999884 	287.200012207031 	7.15086177826197 	
287.299987792969 	6.27979999999661 	287.299987792969 	7.15086177826199 	
287.400024414063 	6.28069999999934 	287.400024414063 	7.15086177826201 	
287.5 	6.27749999999651 	287.5 	7.15086177826203 	
287.600036621094 	6.27729999999792 	287.600036621094 	7.15086177826205 	
287.700012207031 	6.27709999999934 	287.700012207031 	7.15086177826207 	
287.799987792969 	6.27989999999772 	287.799987792969 	7.15086177826209 	
287.900024414063 	6.28139999999985 	287.900024414063 	7.15086177826211 	
288 	6.28029999999853 	288 	7.15086177826213 	
288.100036621094 	6.28329999999914 	288.100036621094 	7.15086177826215 	
288.200012207031 	6.28349999999773 	288.200012207031 	7.15086177826216 	
288.299987792969 	6.27999999999884 	288.299987792969 	7.15086177826218 	
288.400024414063 	6.28219999999783 	288.400024414063 	7.1508617782622 	
288.5 	6.28129999999874 	288.5 	7.15086177826222 	
288.600036621094 	6.28229999999894 	288.600036621094 	7.15086177826224 	
288.700012207031 	6.28159999999843 	288.700012207031 	7.15086177826226 	
288.799987792969 	6.27619999999661 	288.799987792969 	7.15086177826228 	
288.900024414063 	6.27430000000095 	288.900024414063 	7.1508617782623 	
289 	6.27899999999863 	289 	7.15086177826232 	
289.100036621094 	6.28029999999853 	289.100036621094 	7.15086177826234 	
289.200012207031 	6.28380000000107 	289.200012207031 	7.15086177826235 	
289.299987792969 	6.28399999999965 	289.299987792969 	7.15086177826237 	
289.400024414063 	6.28399999999601 	289.400024414063 	7.15086177826239 	
289.5 	6.28749999999854 	289.5 	7.15086177826241 	
289.600036621094 	6.28849999999875 	289.600036621094 	7.15086177826243 	
289.700012207031 	6.28479999999763 	289.700012207031 	7.15086177826245 	
289.799987792969 	6.28479999999763 	289.799987792969 	7.15086177826247 	
289.900024414063 	6.27980000000025 	289.900024414063 	7.15086177826249 	
290 	6.27729999999792 	290 	7.15086177826251 	
290.100036621094 	6.27559999999721 	290.100036621094 	7.15086177826253 	
290.200012207031 	6.27429999999731 	290.200012207031 	7.15086177826254 	
290.299987792969 	6.27319999999963 	290.299987792969 	7.15086177826256 	
290.400024414063 	6.27079999999842 	290.400024414063 	7.15086177826258 	
290.5 	6.27109999999811 	290.5 	7.1508617782626 	
290.600036621094 	6.26740000000063 	290.600036621094 	7.15086177826262 	
290.700012207031 	6.26569999999629 	290.700012207031 	7.15086177826264 	
290.799987792969 	6.26510000000053 	290.799987792969 	7.15086177826266 	
290.900024414063 	6.26379999999699 	290.900024414063 	7.15086177826268 	
291 	6.26380000000063 	291 	7.1508617782627 	
291.100036621094 	6.26639999999679 	291.100036621094 	7.15086177826272 	
291.200012207031 	6.26629999999932 	291.200012207031 	7.15086177826274 	
291.299987792969 	6.26489999999831 	291.299987792969 	7.15086177826275 	
291.400024414063 	6.2599999999984 	291.400024414063 	7.15086177826277 	
291.5 	6.26399999999921 	291.5 	7.15086177826279 	
291.600036621094 	6.2657999999974 	291.600036621094 	7.15086177826281 	
291.700012207031 	6.26469999999972 	291.700012207031 	7.15086177826283 	
291.799987792969 	6.2631999999976 	291.799987792969 	7.15086177826285 	
291.900024414063 	6.26109999999971 	291.900024414063 	7.15086177826287 	
292 	6.25829999999769 	292 	7.15086177826289 	
292.100036621094 	6.25790000000052 	292.100036621094 	7.15086177826291 	
292.200012207031 	6.24959999999919 	292.200012207031 	7.15086177826293 	
292.299987792969 	6.23649999999907 	292.299987792969 	7.15086177826294 	
292.400024414063 	6.23349999999846 	292.400024414063 	7.15086177826296 	
292.5 	6.23059999999896 	292.5 	7.15086177826298 	
292.600036621094 	6.22409999999945 	292.600036621094 	7.150861778263 	
292.700012207031 	6.22409999999945 	292.700012207031 	7.15086177826302 	
292.799987792969 	6.22299999999814 	292.799987792969 	7.15086177826304 	
292.900024414063 	6.22299999999814 	292.900024414063 	7.15086177826306 	
293 	6.22409999999945 	293 	7.15086177826308 	
293.100036621094 	6.22589999999764 	293.100036621094 	7.1508617782631 	
293.200012207031 	6.22589999999764 	293.200012207031 	7.15086177826312 	
293.299987792969 	 	293.299987792969 	7.15086177826313 	
293.400024414063 	 	293.400024414063 	7.15086177826315 	
293.5 	 	293.5 	7.15086177826317 	
293.600036621094 	 	293.600036621094 	7.15086177826319 	
293.700012207031 	 	293.700012207031 	7.15086177826321 	
293.799987792969 	 	293.799987792969 	7.15086177826323 	
293.900024414063 	 	293.900024414063 	7.15086177826325 	
294 	 	294 	7.15086177826327 	
294.100036621094 	 	294.100036621094 	7.15086177826327 	
294.200012207031 	 	294.200012207031 	1.72388497774921 	
294.299987792969 	 	294.299987792969 	0.415583568079796 	
294.400024414063 	 	294.400024414063 	0.100099349007862 	
294.5 	 	294.5 	0.0241313343221909 	
294.600036621094 	 	294.600036621094 	0.00581238297872105 	
294.700012207031 	 	294.700012207031 	0.00140121347706519 	
294.799987792969 	 	294.799987792969 	0.000337795911833632 	
294.900024414063 	 	294.900024414063 	8.13632805906013E-05 	
295 	 	295 	1.96146319634272E-05 	
295.100036621094 	 	295.100036621094 	4.72463175253462E-06 	
295.200012207031 	 	295.200012207031 	1.13903074450223E-06 	
295.299987792969 	 	295.299987792969 	2.74694137258571E-07 	
295.400024414063 	 	295.400024414063 	6.62034214717226E-08 	
295.5 	 	295.5 	1.60752002558614E-08 	
295.600036621094 	 	295.600036621094 	3.99046272642052E-09 	
295.700012207031 	 	295.700012207031 	1.27094206025328E-09 	
295.799987792969 	-2.68210000000181 	295.799987792969 	3.01713831183206E-10 	
295.900024414063 	-2.2996000000021 	295.900024414063 	1.09601033122416E-10 	
296 	-2.27620000000024 	296 	1.37439484208912E-11 	
296.100036621094 	-2.18510000000242 	296.100036621094 	8.99373731380979E-12 	
296.200012207031 	-2.1221000000005 	296.200012207031 	9.78966631925464E-14 	
296.299987792969 	-1.88270000000193 	296.299987792969 	-1.10020361563603E-10 	
296.400024414063 	-1.71290000000226 	296.400024414063 	-2.84508705376435E-10 	
296.5 	-1.71290000000226 	296.5 	-1.90410428924103E-10 	
296.600036621094 	-1.54580000000351 	296.600036621094 	-5.06294152871808E-11 	
296.700012207031 	-1.39040000000386 	296.700012207031 	3.11461217813537E-11 	
296.799987792969 	-1.38000000000102 	296.799987792969 	7.44687646832166E-11 	
296.900024414063 	-1.36230000000069 	296.900024414063 	4.47347011185345E-11 	
297 	-1.41769999999815 	297 	1.35724040770467E-11 	
297.100036621094 	-1.44950000000244 	297.100036621094 	-1.07630379681684E-11 	
297.200012207031 	-1.39689999999973 	297.200012207031 	-1.06446164204312E-11 	
297.299987792969 	-1.41690000000017 	297.299987792969 	-3.84521479195711E-12 	
297.400024414063 	-1.3650000000016 	297.400024414063 	5.05100917661084E-12 	
297.5 	-1.32730000000083 	297.5 	1.22959366146883E-11 	
297.600036621094 	-1.23949999999968 	297.600036621094 	2.35004328629212E-11 	
297.700012207031 	-1.21800000000076 	297.700012207031 	1.67902426575222E-11 	
297.799987792969 	-1.15330000000176 	297.799987792969 	2.21937646248929E-11 	
297.900024414063 	-1.06670000000304 	297.900024414063 	2.09459803835975E-11 	
298 	-1.10320000000138 	298 	1.67835760760793E-11 	
298.100036621094 	-1.1063000000031 	298.100036621094 	3.10476192196988E-11 	
298.200012207031 	-1.10930000000371 	298.200012207031 	4.70300851222744E-11 	
298.299987792969 	-1.09580000000278 	298.299987792969 	4.73415266591921E-11 	
298.400024414063 	-1.06470000000263 	298.400024414063 	4.5303062873246E-11 	
298.5 	-1.05099999999948 	298.5 	7.50922803676159E-11 	
298.600036621094 	-1.04400000000169 	298.600036621094 	9.52219386372596E-11 	
298.700012207031 	-1.03870000000097 	298.700012207031 	8.05049962954395E-11 	
298.799987792969 	-1.00790000000052 	298.799987792969 	5.84131683782518E-11 	
298.900024414063 	-0.996700000003329 	298.900024414063 	6.1601882661549E-11 	
299 	-0.995000000002619 	299 	5.70728553959262E-11 	
299.100036621094 	-0.961900000002061 	299.100036621094 	3.80179445108464E-11 	
299.200012207031 	-0.975200000000768 	299.200012207031 	1.76751051608663E-11 	
299.299987792969 	-0.97700000000259 	299.299987792969 	4.55475996305316E-12 	
299.400024414063 	-0.976000000002387 	299.400024414063 	-5.0445498154473E-12 	
299.5 	-0.967700000001059 	299.5 	-6.76821755606639E-12 	
299.600036621094 	-0.973900000000867 	299.600036621094 	-7.23860635949337E-12 	
299.700012207031 	-0.965100000001257 	299.700012207031 	-7.34808543760948E-12 	
299.799987792969 	-0.967200000002777 	299.799987792969 	-5.23022609279671E-12 	
299.900024414063 	-0.96559999999954 	299.900024414063 	-2.23195739330449E-12 	
300 	-0.963200000001962 	300 	2.6034024848567E-12 	
300.100036621094 	-0.962900000002264 	300.100036621094 	7.4103053441759E-12 	
300.200012207031 	-0.965300000003481 	300.200012207031 	9.59546447415655E-12 	
300.299987792969 	-0.964499999998225 	300.299987792969 	6.27378459542447E-12 	
300.400024414063 	-0.962500000001455 	300.400024414063 	4.63591308143519E-12 	
300.5 	-0.965000000000146 	300.5 	2.59384094746729E-12 	
300.600036621094 	-0.966100000001461 	300.600036621094 	4.24915562357462E-13 	
300.700012207031 	-0.965299999999843 	300.700012207031 	-3.81516260410289E-13 	
300.799987792969 	-0.977399999999761 	300.799987792969 	-3.10015645417069E-12 	
300.900024414063 	-0.9887000000017 	300.900024414063 	-5.11059146968509E-12 	
301 	-0.998200000001816 	301 	-5.3950534648234E-12 	
301.100036621094 	-0.997100000000501 	301.100036621094 	-3.26300259501283E-12 	
301.200012207031 	-0.97360000000117 	301.200012207031 	-6.03969017962922E-12 	
301.299987792969 	-0.949300000000221 	301.299987792969 	-9.23101044531315E-12 	
301.400024414063 	-0.930900000003021 	301.400024414063 	-1.22470106690306E-11 	
301.5 	-0.909999999999854 	301.5 	-1.42703518046733E-11 	
301.600036621094 	-0.898800000002666 	301.600036621094 	-1.42672295186549E-11 	
301.700012207031 	-0.888100000000122 	301.700012207031 	-1.09804425590858E-11 	
301.799987792969 	-0.883900000000722 	301.799987792969 	-6.96057575818904E-12 	
301.900024414063 	-0.872699999999895 	301.900024414063 	-9.08423769849288E-12 	
302 	-0.8679000000011 	302 	-1.10204694095023E-11 	
302.100036621094 	-0.844600000000355 	302.100036621094 	-1.23541542678713E-11 	
302.200012207031 	-0.827800000002753 	302.200012207031 	-1.25763612071151E-11 	
302.299987792969 	-0.826199999999517 	302.299987792969 	-1.10909728651555E-11 	
302.400024414063 	-0.836800000000949 	302.400024414063 	-7.20748379502998E-12 	
302.5 	-0.841400000001158 	302.5 	-4.54216441842982E-12 	
302.600036621094 	-0.856100000000879 	302.600036621094 	-4.20913684759679E-12 	
302.700012207031 	-0.870900000001711 	302.700012207031 	-3.81748098464666E-12 	
302.799987792969 	-0.873900000002322 	302.799987792969 	-3.33848196874727E-12 	
302.900024414063 	-0.854699999999866 	302.900024414063 	-2.73655773034088E-12 	
303 	-0.849100000003091 	303 	-1.97060580448166E-12 	
303.100036621094 	-0.852700000003097 	303.100036621094 	-9.9116469961111E-13 	
303.200012207031 	-0.833299999998417 	303.200012207031 	-3.82987052910571E-13 	
303.299987792969 	-0.801900000002206 	303.299987792969 	5.36834537066828E-14 	
303.400024414063 	-0.790499999999156 	303.400024414063 	3.92133732950166E-13 	
303.5 	-0.790899999999965 	303.5 	6.07413021461038E-13 	
303.600036621094 	-0.718800000002375 	303.600036621094 	6.73879887041389E-13 	
303.700012207031 	-0.974700000002485 	303.700012207031 	5.64224555634418E-13 	
303.799987792969 	0.880099999998492 	303.799987792969 	2.94894261832785E-13 	
303.900024414063 	-1.89980000000287 	303.900024414063 	3.996479461358E-13 	
304 	-1.1849000000002 	304 	4.99417599861901E-13 	
304.100036621094 	-0.44970000000103 	304.100036621094 	5.9345296656255E-13 	
304.200012207031 	-0.335100000003877 	304.200012207031 	6.79103963013412E-13 	
304.299987792969 	-0.166900000000169 	304.299987792969 	7.52232733128963E-13 	
304.400024414063 	-0.0316000000020722 	304.400024414063 	8.07005850967268E-13 	
304.5 	0.0427999999992608 	304.5 	8.35829740999381E-13 	
304.600036621094 	0.130300000000716 	304.600036621094 	8.2954140690852E-13 	
304.700012207031 	0.20969999999943 	304.700012207031 	7.77293843729863E-13 	
304.799987792969 	0.245899999998073 	304.799987792969 	6.66582666325129E-13 	
304.900024414063 	0.285299999999552 	304.900024414063 	4.8309571359535E-13 	
305 	0.348399999998946 	305 	2.27693857514002E-13 	
305.100036621094 	0.382600000000821 	305.100036621094 	3.44591668604577E-13 	
305.200012207031 	0.416199999999662 	305.200012207031 	4.66819997852159E-13 	
305.299987792969 	0.439299999998184 	305.299987792969 	5.91640897636263E-13 	
305.400024414063 	0.455399999998917 	305.400024414063 	7.16322752366266E-13 	
305.5 	0.462999999999738 	305.5 	8.37904939349138E-13 	
305.600036621094 	0.472300000001269 	305.600036621094 	9.53725145366923E-13 	
305.700012207031 	0.821799999997893 	305.700012207031 	1.06083356120885E-12 	
305.799987792969 	3.0685999999987 	305.799987792969 	1.15649586708879E-12 	
305.900024414063 	1.54149999999936 	305.900024414063 	1.23794978752601E-12 	
306 	1.49039999999877 	306 	1.30228744898466E-12 	
306.100036621094 	1.75629999999728 	306.100036621094 	1.34677664261121E-12 	
306.200012207031 	1.02429999999731 	306.200012207031 	1.36855460130886E-12 	
306.299987792969 	-0.396899999999732 	306.299987792969 	1.36484776954599E-12 	
306.400024414063 	-0.339100000001054 	306.400024414063 	1.33282034837199E-12 	
306.5 	-0.546300000001793 	306.5 	1.26970294056779E-12 	
306.600036621094 	-0.624599999999191 	306.600036621094 	1.17260771448466E-12 	
306.700012207031 	-0.697100000001228 	306.700012207031 	1.0388446722994E-12 	
306.799987792969 	-0.807200000002922 	306.799987792969 	8.65558159155108E-13 	
306.900024414063 	-0.803100000000995 	306.900024414063 	6.49795989051443E-13 	
307 	-0.810900000000402 	307 	3.89012968245755E-13 	
307.100036621094 	-0.877000000000407 	307.100036621094 	2.98529522676376E-13 	
307.200012207031 	-0.891899999998714 	307.200012207031 	4.86225861989382E-13 	
307.299987792969 	-0.859700000000885 	307.299987792969 	6.78371375175419E-13 	
307.400024414063 	-0.875100000001112 	307.400024414063 	8.7349001371375E-13 	
307.5 	-0.87250000000131 	307.5 	1.06974722886356E-12 	
307.600036621094 	-0.872800000001007 	307.600036621094 	1.26578489727523E-12 	
307.700012207031 	-0.881399999998393 	307.700012207031 	1.45976734875602E-12 	
307.799987792969 	-0.890999999999622 	307.799987792969 	1.65021881523371E-12 	
307.900024414063 	-0.898700000001554 	307.900024414063 	1.83565490464606E-12 	
308 	-0.904400000003079 	308 	2.01425288344338E-12 	
308.100036621094 	-0.878000000000611 	308.100036621094 	2.18463306632691E-12 	
308.200012207031 	-0.845799999999144 	308.200012207031 	2.34499109181107E-12 	
308.299987792969 	-0.824800000002142 	308.299987792969 	2.49383797341599E-12 	
308.400024414063 	-0.807300000000396 	308.400024414063 	2.62965661013002E-12 	
308.5 	-0.798500000000786 	308.5 	2.75068481441044E-12 	
308.600036621094 	-0.7870000000039 	308.600036621094 	2.8554726081935E-12 	
308.700012207031 	-0.771300000000338 	308.700012207031 	2.94229566951661E-12 	
308.799987792969 	-0.77310000000216 	308.799987792969 	3.00962742808436E-12 	
308.900024414063 	-0.766300000002957 	308.900024414063 	3.05589370852775E-12 	
309 	-0.764800000000832 	309 	3.07944160012685E-12 	
309.100036621094 	-0.748900000002322 	309.100036621094 	3.0787021012371E-12 	
309.200012207031 	-0.746399999999994 	309.200012207031 	3.05207966023475E-12 	
309.299987792969 	-0.73949999999968 	309.299987792969 	2.99798575760091E-12 	
309.400024414063 	-0.737100000002101 	309.400024414063 	2.91476477820133E-12 	
309.5 	-0.732500000001892 	309.5 	2.80092181895469E-12 	
309.600036621094 	-0.739000000001397 	309.600036621094 	2.65472012381981E-12 	
309.700012207031 	-0.745300000002317 	309.700012207031 	2.4747416423276E-12 	
309.799987792969 	-0.746500000001106 	309.799987792969 	2.25931154032774E-12 	
309.900024414063 	-0.744900000001508 	309.900024414063 	2.00666839751286E-12 	
310 	-0.741700000002311 	310 	1.71552404925608E-12 	
310.100036621094 	-0.746400000003632 	310.100036621094 	1.38392525430374E-12 	
310.200012207031 	-0.744800000000396 	310.200012207031 	1.01068019415724E-12 	
310.299987792969 	-0.746399999999994 	310.299987792969 	5.94003354626958E-13 	
310.400024414063 	-0.744500000000698 	310.400024414063 	3.42389453673278E-13 	
310.5 	-0.745699999999488 	310.5 	3.78571257790224E-13 	
310.600036621094 	-0.750800000001618 	310.600036621094 	4.14132090969413E-13 	
310.700012207031 	-0.75090000000273 	310.700012207031 	4.48814289461333E-13 	
310.799987792969 	-0.756099999998696 	310.799987792969 	4.82425606397015E-13 	
310.900024414063 	-0.756300000004558 	310.900024414063 	5.14771179412983E-13 	
311 	-0.759799999999814 	311 	5.45597268201047E-13 	
311.100036621094 	-0.763999999999214 	311.100036621094 	5.74727066598787E-13 	
311.200012207031 	-0.767200000002049 	311.200012207031 	6.01910758367104E-13 	
311.299987792969 	-0.766100000000733 	311.299987792969 	6.26952499825884E-13 	
311.400024414063 	-0.764600000002247 	311.400024414063 	6.496512158488E-13 	
311.5 	-0.762500000000728 	311.5 	6.69764937765241E-13 	
311.600036621094 	-0.761500000000524 	311.600036621094 	6.87103779599752E-13 	
311.700012207031 	-0.763299999998708 	311.700012207031 	7.01432313101721E-13 	
311.799987792969 	-0.764500000001135 	311.799987792969 	7.12547827540856E-13 	
311.900024414063 	-0.762900000001537 	311.900024414063 	7.20239764788941E-13 	
312 	-0.762300000002142 	312 	7.24284468291014E-13 	
312.100036621094 	-0.761099999999715 	312.100036621094 	7.24472431780517E-13 	
312.200012207031 	-0.763200000001234 	312.200012207031 	7.20589155473396E-13 	
312.299987792969 	-0.765300000002753 	312.299987792969 	7.12421791350143E-13 	
312.400024414063 	-0.765500000001339 	312.400024414063 	6.99747028041617E-13 	
312.5 	-0.768100000001141 	312.5 	6.82366061586579E-13 	
312.600036621094 	-0.768299999999726 	312.600036621094 	6.60043224949294E-13 	
312.700012207031 	-0.771500000002561 	312.700012207031 	6.32591487290339E-13 	
312.799987792969 	-0.773300000000745 	312.799987792969 	5.99784593061955E-13 	
312.900024414063 	-0.771499999998923 	312.900024414063 	5.61383207415038E-13 	
313 	-0.772400000001653 	313 	5.17219919460147E-13 	
313.100036621094 	-0.774000000001251 	313.100036621094 	4.67026360914293E-13 	
313.200012207031 	-0.768800000001647 	313.200012207031 	4.10649510360761E-13 	
313.299987792969 	-0.771899999999732 	313.299987792969 	3.47846434484504E-13 	
313.400024414063 	-0.768800000001647 	313.400024414063 	2.78358504717415E-13 	
313.5 	-0.77270000000135 	313.5 	2.02056243719927E-13 	
313.600036621094 	-0.771400000001449 	313.600036621094 	1.18632041483725E-13 	
313.700012207031 	-0.77270000000135 	313.700012207031 	6.1221300147759E-14 	
313.799987792969 	-0.773600000000442 	313.799987792969 	5.35081599204651E-14 	
313.900024414063 	-0.775000000001455 	313.900024414063 	4.5990339397559E-14 	
314 	-0.777000000001863 	314 	3.86927111097702E-14 	
314.100036621094 	-0.781299999998737 	314.100036621094 	3.16220762874577E-14 	
314.200012207031 	-0.785800000001473 	314.200012207031 	2.48027617802034E-14 	
314.299987792969 	-0.785700000000361 	314.299987792969 	1.82460722916813E-14 	
314.400024414063 	-0.784700000000157 	314.400024414063 	1.19639539543859E-14 	
314.5 	-0.78150000000096 	314.5 	5.97977142572675E-15 	
314.600036621094 	-0.783000000003085 	314.600036621094 	3.01929654938593E-16 	
314.700012207031 	-0.785299999999552 	314.700012207031 	-5.04694407282816E-15 	
314.799987792969 	-0.788300000003801 	314.799987792969 	-1.00547192257607E-14 	
314.900024414063 	-0.785500000001775 	314.900024414063 	-1.47084321813623E-14 	
315 	-0.78610000000117 	315 	-1.89867053540741E-14 	
315.100036621094 	-0.789600000000064 	315.100036621094 	-2.28790508772547E-14 	
315.200012207031 	-0.788199999999051 	315.200012207031 	-2.63650202287162E-14 	
315.299987792969 	-0.784100000000763 	315.299987792969 	-2.94314174492415E-14 	
315.400024414063 	-0.783400000000256 	315.400024414063 	-3.20640218270661E-14 	
315.5 	-0.786400000000867 	315.5 	-3.42439220470127E-14 	
315.600036621094 	-0.78610000000117 	315.600036621094 	-3.59580681265026E-14 	
315.700012207031 	-0.787500000002183 	315.700012207031 	-3.71886695048411E-14 	
315.799987792969 	-0.790699999997742 	315.799987792969 	-3.79212251961414E-14 	
315.900024414063 	-0.793499999999767 	315.900024414063 	-3.81400178001058E-14 	
316 	-0.791300000000774 	316 	-3.78290814704695E-14 	
316.100036621094 	-0.7912000000033 	316.100036621094 	-3.69723249101856E-14 	
316.200012207031 	-0.790800000002491 	316.200012207031 	-3.55550947185834E-14 	
316.299987792969 	-0.79240000000209 	316.299987792969 	-3.3561345283841E-14 	
316.400024414063 	-0.790600000000268 	316.400024414063 	-3.09736229178619E-14 	
316.5 	-0.787000000000262 	316.5 	-2.7779386441825E-14 	
316.600036621094 	-0.788700000000972 	316.600036621094 	-2.39590240456841E-14 	
316.700012207031 	-0.789199999999255 	316.700012207031 	-1.95014986873234E-14 	
316.799987792969 	-0.789600000000064 	316.799987792969 	-1.43889805297205E-14 	
316.900024414063 	-0.786299999999756 	316.900024414063 	-8.60203999771486E-15 	
317 	-0.78440000000046 	317 	-1.32013826727823E-14 	
317.100036621094 	-0.780099999999948 	317.100036621094 	-3.62413144862042E-14 	
317.200012207031 	-0.780000000002474 	317.200012207031 	-5.90380710210579E-14 	
317.299987792969 	-0.776600000001054 	317.299987792969 	-8.16057795047711E-14 	
317.400024414063 	-0.77560000000085 	317.400024414063 	-1.03958007743505E-13 	
317.5 	-0.77310000000216 	317.5 	-1.26067480290964E-13 	
317.600036621094 	-0.774099999998725 	317.600036621094 	-1.47961192840125E-13 	
317.700012207031 	-0.771600000003673 	317.700012207031 	-1.69612429451331E-13 	
317.799987792969 	-0.771500000002561 	317.799987792969 	-1.91034618011396E-13 	
317.900024414063 	-0.771600000000035 	317.900024414063 	-2.12240626985869E-13 	
318 	-0.771300000000338 	318 	-2.3320457960968E-13 	
318.100036621094 	-0.765700000003562 	318.100036621094 	-2.5395207289458E-13 	
318.200012207031 	-0.767300000003161 	318.200012207031 	-2.74457789582136E-13 	
318.299987792969 	-0.76850000000195 	318.299987792969 	-2.94734458218553E-13 	
318.400024414063 	-0.768299999999726 	318.400024414063 	-3.14794247928766E-13 	
318.5 	-0.764600000002247 	318.5 	-3.34612680628928E-13 	
318.600036621094 	-0.765299999999115 	318.600036621094 	-3.54213954649568E-13 	
318.700012207031 	-0.768300000003364 	318.700012207031 	-3.73574151413476E-13 	
318.799987792969 	-0.767400000000634 	318.799987792969 	-3.92705300126246E-13 	
318.900024414063 	-0.770600000003469 	318.900024414063 	-4.11618870572196E-13 	
319 	-0.768700000000536 	319 	-4.30291783348711E-13 	
319.100036621094 	-0.768300000003364 	319.100036621094 	-4.48746838105089E-13 	
319.200012207031 	-0.768600000003062 	319.200012207031 	-4.6696151494535E-13 	
319.299987792969 	-0.769000000000233 	319.299987792969 	-4.84947143734471E-13 	
319.400024414063 	-0.769599999999627 	319.400024414063 	-5.02714494916161E-13 	
319.5 	-0.769599999999627 	319.5 	-5.20241887769028E-13 	
319.600036621094 	-0.764200000001438 	319.600036621094 	-5.37550723261145E-13 	
319.700012207031 	-0.758600000001024 	319.700012207031 	-5.54619880177758E-13 	
319.799987792969 	-0.752899999999499 	319.799987792969 	-5.7145998904323E-13 	
319.900024414063 	-0.748499999997875 	319.900024414063 	-5.8808112096066E-13 	
320 	-0.746999999999389 	320 	-6.04462993889878E-13 	
320.100036621094 	-0.745500000000902 	320.100036621094 	-6.20625610117735E-13 	
320.200012207031 	-0.741400000002614 	320.200012207031 	-6.36549247110699E-13 	
320.299987792969 	-0.741600000001199 	320.299987792969 	-6.52243836052524E-13 	
320.400024414063 	-0.75 	320.400024414063 	-6.67718748705692E-13 	
320.5 	-0.730700000003708 	320.5 	-6.82955101711262E-13 	
320.600036621094 	-0.719600000003993 	320.600036621094 	-6.97971498674857E-13 	
320.700012207031 	-0.7387000000017 	320.700012207031 	-7.12749615744174E-13 	
320.799987792969 	-0.736000000000786 	320.799987792969 	-7.2729868476235E-13 	
320.900024414063 	-0.711499999997613 	320.900024414063 	-7.41627378151258E-13 	
321 	-0.687299999997776 	321 	-7.5571821123318E-13 	
321.100036621094 	-0.673600000001898 	321.100036621094 	-7.69588388932514E-13 	
321.200012207031 	-0.660599999999249 	321.200012207031 	-7.83220986078182E-13 	
321.299987792969 	-0.646600000000035 	321.299987792969 	-7.96624535172711E-13 	
321.400024414063 	-0.659800000001269 	321.400024414063 	-8.09807009297357E-13 	
321.5 	-0.667600000000675 	321.5 	-8.22752322455631E-13 	
321.600036621094 	-0.652500000000146 	321.600036621094 	-8.35476280890705E-13 	
321.700012207031 	-0.630800000002637 	321.700012207031 	-8.47963358112724E-13 	
321.799987792969 	-0.621699999999691 	321.799987792969 	-8.60221387283605E-13 	
321.900024414063 	-0.619200000001001 	321.900024414063 	-8.72257642143991E-13 	
322 	-0.602399999999761 	322 	-8.84057435378616E-13 	
322.100036621094 	-0.611400000001595 	322.100036621094 	-8.95635174549429E-13 	
322.200012207031 	-0.622100000004139 	322.200012207031 	-9.06976731847801E-13 	
322.299987792969 	-0.607599999999366 	322.299987792969 	-9.18089241095033E-13 	
322.400024414063 	-0.66280000000188 	322.400024414063 	-9.28979276691158E-13 	
322.5 	-0.723800000003394 	322.5 	-9.39633550002135E-13 	
322.600036621094 	-0.752700000000914 	322.600036621094 	-9.50065069908687E-13 	
322.700012207031 	-0.772800000002462 	322.700012207031 	-9.60261107283411E-13 	
322.799987792969 	-0.749899999998888 	322.799987792969 	-9.70228096606994E-13 	
322.900024414063 	-0.681000000000495 	322.900024414063 	-9.79971912938858E-13 	
323 	-0.674600000002101 	323 	-9.89480666326188E-13 	
323.100036621094 	-0.691800000000512 	323.100036621094 	-9.98765966968479E-13 	
323.200012207031 	-0.694499999997788 	323.200012207031 	-1.00781648441955E-12 	
323.299987792969 	-0.697800000001735 	323.299987792969 	-1.01663795381949E-12 	
323.400024414063 	-0.69629999999961 	323.400024414063 	-1.02523555088709E-12 	
323.5 	-0.628900000003341 	323.5 	-1.03359878435077E-12 	
323.600036621094 	-0.585699999999633 	323.600036621094 	-1.0417378657288E-12 	
323.700012207031 	-0.565399999999499 	323.700012207031 	-1.04964286325623E-12 	
323.799987792969 	-0.560099999998783 	323.799987792969 	-1.05731881273252E-12 	
323.900024414063 	-0.54660000000149 	323.900024414063 	-1.06477019053586E-12 	
324 	-0.534700000000157 	324 	-1.07198790407589E-12 	
324.100036621094 	-0.589100000001054 	324.100036621094 	-1.07898076618966E-12 	
324.200012207031 	-0.585100000000239 	324.200012207031 	-1.08574024379344E-12 	
324.299987792969 	-0.597099999999045 	324.299987792969 	-1.09227067334608E-12 	
324.400024414063 	-0.593300000000454 	324.400024414063 	-1.09857583188516E-12 	
324.5 	-0.60399999999936 	324.5 	-1.10464802550155E-12 	
324.600036621094 	-0.60910000000149 	324.600036621094 	-1.11049466835106E-12 	
324.700012207031 	-0.604699999999866 	324.700012207031 	-1.11610862603119E-12 	
324.799987792969 	-0.589299999999639 	324.799987792969 	-1.12149353566018E-12 	
324.900024414063 	-0.571600000002945 	324.900024414063 	-1.126652474935E-12 	
325 	-0.532700000003388 	325 	-1.13157914862774E-12 	
325.100036621094 	-0.50510000000213 	325.100036621094 	-1.13627957221298E-12 	
325.200012207031 	-0.514999999999418 	325.200012207031 	-1.14074800996947E-12 	
325.299987792969 	-0.549000000002707 	325.299987792969 	-1.14498739967481E-12 	
325.400024414063 	-0.599200000000565 	325.400024414063 	-1.14900011968537E-12 	
325.5 	-0.67160000000149 	325.5 	-1.15278127345446E-12 	
325.600036621094 	-0.72990000000209 	325.600036621094 	-1.15633547777544E-12 	
325.700012207031 	-0.759200000004057 	325.700012207031 	-1.15965839560828E-12 	
325.799987792969 	-0.777700000002369 	325.799987792969 	-1.16275226538997E-12 	
325.900024414063 	-0.784500000001572 	325.900024414063 	-1.16561876613627E-12 	
326 	-0.781800000000658 	326 	-1.16825439998171E-12 	
326.100036621094 	-0.773200000003271 	326.100036621094 	-1.17066238503844E-12 	
326.200012207031 	-0.764699999999721 	326.200012207031 	-1.17283978294762E-12 	
326.299987792969 	-0.74460000000181 	326.299987792969 	-1.17478813280567E-12 	
326.400024414063 	-0.729400000000169 	326.400024414063 	-1.17650841428771E-12 	
326.5 	-0.7358000000022 	326.5 	-1.1779985282095E-12 	
326.600036621094 	-0.72609999999986 	326.600036621094 	-1.17926029400197E-12 	
326.700012207031 	-0.708700000002864 	326.700012207031 	-1.1802921719875E-12 	
326.799987792969 	-0.701099999998405 	326.799987792969 	-1.1810950019219E-12 	
326.900024414063 	-0.69629999999961 	326.900024414063 	-1.18166906413968E-12 	
327 	-0.709300000002258 	327 	-1.18201365813782E-12 	
327.100036621094 	-0.729800000000978 	327.100036621094 	-1.18212920466603E-12 	
327.200012207031 	-0.749800000001414 	327.200012207031 	-1.18201556272792E-12 	
327.299987792969 	-0.751900000002934 	327.299987792969 	-1.18167287273867E-12 	
327.400024414063 	-0.750600000003033 	327.400024414063 	-1.18110071569218E-12 	
327.5 	-0.752200000002631 	327.5 	-1.18029978976668E-12 	
327.600036621094 	-0.751899999999296 	327.600036621094 	-1.17926911703062E-12 	
327.700012207031 	-0.747299999999086 	327.700012207031 	-1.17800995516886E-12 	
327.799987792969 	-0.742000000002008 	327.799987792969 	-1.17652174525597E-12 	
327.900024414063 	-0.734700000000885 	327.900024414063 	-1.17480336894522E-12 	
328 	-0.728699999999662 	328 	-1.17285692309607E-12 	
328.100036621094 	-0.722900000000664 	328.100036621094 	-1.17068003109575E-12 	
328.200012207031 	-0.731999999999971 	328.200012207031 	-1.16827534931034E-12 	
328.299987792969 	-0.736000000000786 	328.299987792969 	-1.1656416194738E-12 	
328.400024414063 	-0.747100000004139 	328.400024414063 	-1.16277702389879E-12 	
328.5 	-0.753100000001723 	328.5 	-1.15968505812599E-12 	
328.600036621094 	-0.756500000003143 	328.600036621094 	-1.15636194686141E-12 	
328.700012207031 	-0.749899999998888 	328.700012207031 	-1.15281174515236E-12 	
328.799987792969 	-0.746200000001409 	328.799987792969 	-1.14903249539216E-12 	
328.900024414063 	-0.743400000003021 	328.900024414063 	-1.1450216805529E-12 	
329 	-0.734300000000076 	329 	-1.14078419485645E-12 	
329.100036621094 	-0.724799999999959 	329.100036621094 	-1.13631486432761E-12 	
329.200012207031 	-0.721000000001368 	329.200012207031 	-1.13161914269491E-12 	
329.299987792969 	-0.717099999998027 	329.299987792969 	-1.12669437301107E-12 	
329.400024414063 	-0.718300000000454 	329.400024414063 	-1.12153733890754E-12 	
329.5 	-0.71559999999954 	329.5 	-1.11615433328744E-12 	
329.600036621094 	-0.723799999999756 	329.600036621094 	-1.11053878349434E-12 	
329.700012207031 	-0.727899999998044 	329.700012207031 	-1.10469754193799E-12 	
329.799987792969 	-0.728300000002491 	329.799987792969 	-1.0986272523305E-12 	
329.900024414063 	-0.733700000000681 	329.900024414063 	-1.09232399896271E-12 	
330 	-0.753499999998894 	330 	-1.08579547341897E-12 	
330.100036621094 	-0.769700000004377 	330.100036621094 	-1.0790337043616E-12 	
330.200012207031 	-0.789700000001176 	330.200012207031 	-1.07204694288161E-12 	
330.299987792969 	-0.812000000001717 	330.299987792969 	-1.06483113335047E-12 	
330.400024414063 	-0.819900000002235 	330.400024414063 	-1.05738166071842E-12 	
330.5 	-0.826199999999517 	330.5 	-1.04970761525102E-12 	
330.600036621094 	-0.842599999999948 	330.600036621094 	-1.0417996269294E-12 	
330.700012207031 	-0.859200000002602 	330.700012207031 	-1.03366734552575E-12 	
330.799987792969 	-0.865499999999884 	330.799987792969 	-1.02530601607097E-12 	
330.900024414063 	-0.859400000001187 	330.900024414063 	-1.01671032417466E-12 	
331 	-0.851500000000669 	331 	-1.00789075878362E-12 	
331.100036621094 	-0.85280000000057 	331.100036621094 	-9.98836551197734E-13 	
331.200012207031 	-0.841700000000856 	331.200012207031 	-9.89558749870438E-13 	
331.299987792969 	-0.837500000001455 	331.299987792969 	-9.80051900492003E-13 	
331.400024414063 	-0.829900000000634 	331.400024414063 	-9.70309989331432E-13 	
331.5 	-0.826000000000931 	331.5 	-9.60344904016743E-13 	
331.600036621094 	-0.815699999999197 	331.600036621094 	-9.50144477166599E-13 	
331.700012207031 	-0.805500000002212 	331.700012207031 	-9.39721155915655E-13 	
331.799987792969 	-0.79910000000018 	331.799987792969 	-9.29068786613572E-13 	
331.900024414063 	-0.796699999998964 	331.900024414063 	-9.1818065618874E-13 	
332 	-0.792399999998452 	332 	-9.07070050950403E-13 	
332.100036621094 	-0.78610000000117 	332.100036621094 	-8.95723404835998E-13 	
332.200012207031 	-0.787799999998242 	332.200012207031 	-8.84154563661406E-13 	
332.299987792969 	-0.793500000003405 	332.299987792969 	-8.72356674435675E-13 	
332.400024414063 	-0.795500000000175 	332.400024414063 	-8.60322324746582E-13 	
332.5 	-0.790899999999965 	332.5 	-8.48066199584596E-13 	
332.600036621094 	-0.787599999999657 	332.600036621094 	-8.3557333420593E-13 	
332.700012207031 	-0.785700000000361 	332.700012207031 	-8.2285897310769E-13 	
332.799987792969 	-0.782700000003388 	332.799987792969 	-8.09915563958311E-13 	
332.900024414063 	-0.783000000003085 	332.900024414063 	-7.96734995004957E-13 	
333 	-0.781000000002678 	333 	-7.83333349919323E-13 	
333.100036621094 	-0.781399999999849 	333.100036621094 	-7.69694265276396E-13 	
333.200012207031 	-0.781699999999546 	333.200012207031 	-7.55834384254509E-13 	
333.299987792969 	-0.778500000003987 	333.299987792969 	-7.41745455181481E-13 	
333.400024414063 	-0.781600000002072 	333.400024414063 	-7.27418666963866E-13 	
333.5 	-0.782999999999447 	333.5 	-7.12871501954584E-13 	
333.600036621094 	-0.779699999999139 	333.600036621094 	-6.98086198047397E-13 	
333.700012207031 	-0.780399999999645 	333.700012207031 	-6.8308079710186E-13 	
333.799987792969 	-0.781200000001263 	333.799987792969 	-6.67846348105185E-13 	
333.900024414063 	-0.778900000001158 	333.900024414063 	-6.52373340623309E-13 	
334 	-0.777000000001863 	334 	-6.36680655690379E-13 	
334.100036621094 	-0.774000000001251 	334.100036621094 	-6.2074913251893E-13 	
334.200012207031 	-0.775000000001455 	334.200012207031 	-6.04598211649746E-13 	
334.299987792969 	-0.776099999999133 	334.299987792969 	-5.88218242729422E-13 	
334.400024414063 	-0.778000000002066 	334.400024414063 	-5.71599015983286E-13 	
334.5 	-0.775400000002264 	334.5 	-5.54760811126707E-13 	
334.600036621094 	-0.774100000002363 	334.600036621094 	-5.37683068690998E-13 	
334.700012207031 	-0.772400000001653 	334.700012207031 	-5.20386627898165E-13 	
334.799987792969 	-0.774900000003981 	334.799987792969 	-5.02861139054193E-13 	
334.900024414063 	-0.773800000002666 	334.900024414063 	-4.85095693043796E-13 	
335 	-0.775900000000547 	335 	-4.6711196826357E-13 	
335.100036621094 	-0.774900000000343 	335.100036621094 	-4.48888006563599E-13 	
335.200012207031 	-0.776100000002771 	335.200012207031 	-4.30446045847118E-13 	
335.299987792969 	-0.772799999998824 	335.299987792969 	-4.11775037079498E-13 	
335.400024414063 	-0.768700000000536 	335.400024414063 	-3.9286337180484E-13 	
335.5 	-0.76680000000124 	335.5 	-3.73734127100965E-13 	
335.600036621094 	-0.764299999998912 	335.600036621094 	-3.54363946136734E-13 	
335.700012207031 	-0.766900000002352 	335.700012207031 	-3.34776465496605E-13 	
335.799987792969 	-0.767000000003463 	335.799987792969 	-3.14959936805337E-13 	
335.900024414063 	-0.766600000002654 	335.900024414063 	-2.94902052266418E-13 	
336 	-0.765100000004168 	336 	-2.74627287638895E-13 	
336.100036621094 	-0.759900000000926 	336.100036621094 	-2.54110887410403E-13 	
336.200012207031 	-0.759500000000116 	336.200012207031 	-2.33377886846626E-13 	
336.299987792969 	-0.759000000001834 	336.299987792969 	-2.12415838231709E-13 	
336.400024414063 	-0.75460000000021 	336.400024414063 	-1.91211734428529E-13 	
336.5 	-0.752900000003137 	336.5 	-1.69791449877358E-13 	
336.600036621094 	-0.751300000003539 	336.600036621094 	-1.48128830384605E-13 	
336.700012207031 	-0.748999999999796 	336.700012207031 	-1.2625030989718E-13 	
336.799987792969 	-0.75249999999869 	336.799987792969 	-1.04142741358615E-13 	
336.900024414063 	-0.752400000001217 	336.900024414063 	-8.17924182911745E-14 	
337 	-0.755500000002939 	337 	-5.92266138163555E-14 	
337.100036621094 	-0.757300000001123 	337.100036621094 	-3.64177750593415E-14 	
337.200012207031 	-0.759300000001531 	337.200012207031 	-1.78776531219052E-14 	
337.299987792969 	-0.756199999999808 	337.299987792969 	-3.10902853247349E-14 	
337.400024414063 	-0.752300000003743 	337.400024414063 	-4.42496976358723E-14 	
337.5 	-0.75170000000071 	337.5 	-5.7339832200149E-14 	
337.600036621094 	-0.752900000003137 	337.600036621094 	-7.03766720878512E-14 	
337.700012207031 	-0.752000000000407 	337.700012207031 	-8.33443090135757E-14 	
337.799987792969 	-0.750800000001618 	337.799987792969 	-9.62507158105383E-14 	
337.900024414063 	-0.750100000001112 	337.900024414063 	-1.09103715765012E-13 	
338 	-0.750700000000506 	338 	-1.21887624923422E-13 	
338.100036621094 	-0.75 	338.100036621094 	-1.3461805245446E-13 	
338.200012207031 	-0.749500000001717 	338.200012207031 	-1.47279463974316E-13 	
338.299987792969 	-0.746999999999389 	338.299987792969 	-1.59879645365413E-13 	
338.400024414063 	-0.745900000001711 	338.400024414063 	-1.72426232963222E-13 	
338.5 	-0.744300000002113 	338.5 	-1.84903916715765E-13 	
338.600036621094 	-0.73949999999968 	338.600036621094 	-1.97327931890138E-13 	
338.700012207031 	-0.739600000000792 	338.700012207031 	-2.09683118004128E-13 	
338.799987792969 	-0.739700000001903 	338.799987792969 	-2.21977073989358E-13 	
338.900024414063 	-0.736600000003818 	338.900024414063 	-2.34217249230502E-13 	
339 	-0.736000000000786 	339 	-2.46388707577178E-13 	
339.100036621094 	-0.736300000000483 	339.100036621094 	-2.58506310394887E-13 	
339.200012207031 	-0.737200000003213 	339.200012207031 	-2.70555271103009E-13 	
339.299987792969 	-0.737600000000384 	339.299987792969 	-2.82543001682372E-13 	
339.400024414063 	-0.739099999998871 	339.400024414063 	-2.94476764566853E-13 	
339.5 	-0.742200000000594 	339.5 	-3.06341997507661E-13 	
339.600036621094 	-0.743399999999383 	339.600036621094 	-3.18153187968706E-13 	
339.700012207031 	-0.747100000004139 	339.700012207031 	-3.29895923270962E-13 	
339.799987792969 	-0.747599999998783 	339.799987792969 	-3.41577428444457E-13 	
339.900024414063 	-0.745500000000902 	339.900024414063 	-3.53204778972274E-13 	
340 	-0.745100000000093 	340 	-3.64763786507215E-13 	
340.100036621094 	-0.745000000002619 	340.100036621094 	-3.76268564611595E-13 	
340.200012207031 	-0.741900000000896 	340.200012207031 	-3.87705074507984E-13 	
340.299987792969 	-0.74210000000312 	340.299987792969 	-3.99080354275612E-13 	
340.400024414063 	-0.741900000000896 	340.400024414063 	-4.10401292446764E-13 	
340.5 	-0.742200000000594 	340.5 	-4.21654074575839E-13 	
340.600036621094 	-0.744099999999889 	340.600036621094 	-4.32852440323555E-13 	
340.700012207031 	-0.746699999999691 	340.700012207031 	-4.43982724814076E-13 	
340.799987792969 	-0.745000000002619 	340.799987792969 	-4.55051779175837E-13 	
340.900024414063 	-0.747299999999086 	340.900024414063 	-4.66066304990326E-13 	
341 	-0.746700000003329 	341 	-4.77012861713533E-13 	
341.100036621094 	-0.7458000000006 	341.100036621094 	-4.87904815104585E-13 	
341.200012207031 	-0.750600000003033 	341.200012207031 	-4.98728874189239E-13 	
341.299987792969 	-0.752599999999802 	341.299987792969 	-5.09491703145133E-13 	
341.400024414063 	-0.74840000000404 	341.400024414063 	-5.20199816602957E-13 	
341.5 	-0.751300000003539 	341.5 	-5.30840147920298E-13 	
341.600036621094 	-0.752199999998993 	341.600036621094 	-5.41425688954685E-13 	
341.700012207031 	-0.755199999999604 	341.700012207031 	-5.51943522633473E-13 	
341.799987792969 	-0.753600000000006 	341.799987792969 	-5.62400126183499E-13 	
341.900024414063 	-0.755000000001019 	341.900024414063 	-5.72801827284658E-13 	
342 	-0.757900000000518 	342 	-5.83135933196132E-13 	
342.100036621094 	-0.76140000000305 	342.100036621094 	-5.93415061873855E-13 	
342.200012207031 	-0.765400000000227 	342.200012207031 	-6.03626670146775E-13 	
342.299987792969 	-0.765300000002753 	342.299987792969 	-6.13777048290935E-13 	
342.400024414063 	-0.759800000003452 	342.400024414063 	-6.23872337035431E-13 	
342.5 	-0.766400000000431 	342.5 	-6.33900217541037E-13 	
342.600036621094 	-0.760800000000017 	342.600036621094 	-6.43872933862096E-13 	
342.700012207031 	-0.761899999997695 	342.700012207031 	-6.53778316729149E-13 	
342.799987792969 	-0.763699999999517 	342.799987792969 	-6.63622469467441E-13 	
342.900024414063 	-0.769200000002456 	342.900024414063 	-6.73411345855272E-13 	
343 	-0.765999999999622 	343 	-6.83133000955012E-13 	
343.100036621094 	-0.768900000002759 	343.100036621094 	-6.92799304919406E-13 	
343.200012207031 	-0.767500000001746 	343.200012207031 	-7.02398462380592E-13 	
343.299987792969 	-0.76850000000195 	343.299987792969 	-7.11936389713018E-13 	
343.400024414063 	-0.766899999998714 	343.400024414063 	-7.21418853744185E-13 	
343.5 	-0.771700000001147 	343.5 	-7.30834283438057E-13 	
343.600036621094 	-0.774600000000646 	343.600036621094 	-7.40194175045788E-13 	
343.700012207031 	-0.775300000001153 	343.700012207031 	-7.49487107101107E-13 	
343.799987792969 	-0.77809999999954 	343.799987792969 	-7.58718809027665E-13 	
343.900024414063 	-0.778300000001764 	343.900024414063 	-7.67894860702167E-13 	
344 	-0.775799999999435 	344 	-7.77004064990173E-13 	
344.100036621094 	-0.782800000000861 	344.100036621094 	-7.86057544241239E-13 	
344.200012207031 	-0.783100000000559 	344.200012207031 	-7.95044250890691E-13 	
344.299987792969 	-0.783000000003085 	344.299987792969 	-8.03969727411382E-13 	
344.400024414063 	-0.783599999998842 	344.400024414063 	-8.1283936672922E-13 	
344.5 	-0.783599999998842 	344.5 	-8.21642345611358E-13 	
344.600036621094 	-0.782900000001973 	344.600036621094 	-8.3038941250576E-13 	
344.700012207031 	-0.782200000001467 	344.700012207031 	-8.39069893749345E-13 	
344.799987792969 	-0.783700000003591 	344.799987792969 	-8.4768914486417E-13 	
344.900024414063 	-0.780300000002171 	344.900024414063 	-8.56252371825343E-13 	
345 	-0.773799999999028 	345 	-8.64749125301614E-13 	
345.100036621094 	-0.776200000000244 	345.100036621094 	-8.73189779839352E-13 	
345.200012207031 	-0.77809999999954 	345.200012207031 	-8.8156403567707E-13 	
345.299987792969 	-0.776900000000751 	345.299987792969 	-8.89877061386027E-13 	
345.400024414063 	-0.778900000001158 	345.400024414063 	-8.98133875990537E-13 	
345.5 	-0.782000000002881 	345.5 	-9.0632440406094E-13 	
345.600036621094 	-0.78070000000298 	345.600036621094 	-9.14458646242014E-13 	
345.700012207031 	-0.781699999999546 	345.700012207031 	-9.22526676673865E-13 	
345.799987792969 	-0.779200000004494 	345.799987792969 	-9.30533476976955E-13 	
345.900024414063 	-0.775799999999435 	345.900024414063 	-9.384838792248E-13 	
346 	-0.777200000000448 	346 	-9.46368181889337E-13 	
346.100036621094 	-0.775700000001962 	346.100036621094 	-9.54196011713746E-13 	
346.200012207031 	-0.772899999999936 	346.200012207031 	-9.6195781673973E-13 	
346.299987792969 	-0.773300000000745 	346.299987792969 	-9.69658391636953E-13 	
346.400024414063 	-0.770499999998719 	346.400024414063 	-9.77302381528134E-13 	
346.5 	-0.774900000003981 	346.5 	-9.84880458786804E-13 	
346.600036621094 	-0.774100000002363 	346.600036621094 	-9.92401876254549E-13 	
346.700012207031 	-0.77360000000408 	346.700012207031 	-9.99857455874666E-13 	
346.799987792969 	-0.778500000000349 	346.799987792969 	-1.00725180536602E-12 	
346.900024414063 	-0.779200000000856 	346.900024414063 	-1.01458938290054E-12 	
347 	-0.776100000002771 	347 	-1.02186123475334E-12 	
347.100036621094 	-0.77270000000135 	347.100036621094 	-1.02907623986442E-12 	
347.200012207031 	-0.774400000002061 	347.200012207031 	-1.03622559407867E-12 	
347.299987792969 	-0.774600000000646 	347.299987792969 	-1.04331371816416E-12 	
347.400024414063 	-0.774600000004284 	347.400024414063 	-1.05034488334201E-12 	
347.5 	-0.773300000000745 	347.5 	-1.05731050978895E-12 	
347.600036621094 	-0.769400000001042 	347.600036621094 	-1.06421910254336E-12 	
347.700012207031 	-0.771300000003976 	347.700012207031 	-1.07106223135175E-12 	
347.799987792969 	-0.772400000001653 	347.799987792969 	-1.07784413003137E-12 	
347.900024414063 	-0.773800000002666 	347.900024414063 	-1.08456888285256E-12 	
348 	-0.771100000001752 	348 	-1.09122828389363E-12 	
348.100036621094 	-0.775100000002567 	348.100036621094 	-1.09783046429138E-12 	
348.200012207031 	-0.775900000000547 	348.200012207031 	-1.10436736769389E-12 	
348.299987792969 	-0.779099999999744 	348.299987792969 	-1.11084304096765E-12 	
348.400024414063 	-0.776800000003277 	348.400024414063 	-1.11726138143217E-12 	
348.5 	-0.779500000000553 	348.5 	-1.12361455706737E-12 	
348.600036621094 	-0.77639999999883 	348.600036621094 	-1.12991032510846E-12 	
348.700012207031 	-0.782800000000861 	348.700012207031 	-1.13614100310511E-12 	
348.799987792969 	-0.783800000001065 	348.799987792969 	-1.142310450973E-12 	
348.900024414063 	-0.780500000000757 	348.900024414063 	-1.14842237908086E-12 	
349 	-0.784999999999854 	349 	-1.15446932931019E-12 	
349.100036621094 	-0.784799999997631 	349.100036621094 	-1.16045868499461E-12 	
349.200012207031 	-0.774900000000343 	349.200012207031 	-1.1663831375854E-12 	
349.299987792969 	-0.770000000000437 	349.299987792969 	-1.17224636004742E-12 	
349.400024414063 	-0.764599999998609 	349.400024414063 	-1.17805187579861E-12 	
349.5 	-0.76680000000124 	349.5 	-1.18379260062208E-12 	
349.600036621094 	-0.763699999999517 	349.600036621094 	-1.18947554394984E-12 	
349.700012207031 	-0.762400000003254 	349.700012207031 	-1.19509377113475E-12 	
349.799987792969 	-0.758200000000215 	349.799987792969 	-1.20065076819091E-12 	
349.900024414063 	-0.746100000000297 	349.900024414063 	-1.20614987158544E-12 	
350 	-0.739000000001397 	350 	-1.21158437100304E-12 	
350.100036621094 	-0.739000000001397 	350.100036621094 	-1.21696090197413E-12 	
350.200012207031 	-0.739000000001397 	350.200012207031 	-1.22227290375318E-12 	
350.299987792969 	 	350.299987792969 	-1.22752367540347E-12 	
350.400024414063 	 	350.400024414063 	-1.23271636644133E-12 	
350.5 	 	350.5 	-1.23784464045307E-12 	
350.600036621094 	 	350.600036621094 	-1.2429147590675E-12 	
350.700012207031 	 	350.700012207031 	-1.24792053544068E-12 	
350.799987792969 	 	350.799987792969 	-1.2528650816851E-12 	
350.900024414063 	 	350.900024414063 	-1.2577513603663E-12 	
351 	 	351 	-1.26257340897217E-12 	
351.100036621094 	 	351.100036621094 	-1.26257340897217E-12 	
351.200012207031 	 	351.200012207031 	27.1936370347873 	
351.299987792969 	 	351.299987792969 	27.4949454376271 	
351.400024414063 	 	351.400024414063 	27.4982841104726 	
351.5 	 	351.5 	27.4983208585207 	
351.600036621094 	 	351.600036621094 	27.4983216193352 	
351.700012207031 	 	351.700012207031 	27.4983216892389 	
351.799987792969 	 	351.799987792969 	27.4983214990418 	
351.900024414063 	 	351.900024414063 	27.498321546324 	
352 	 	352 	27.4983215636972 	
352.100036621094 	 	352.100036621094 	27.4983215676167 	
352.200012207031 	 	352.200012207031 	27.4983215620664 	
352.299987792969 	 	352.299987792969 	27.4983215599 	
352.400024414063 	 	352.400024414063 	27.4983215593346 	
352.5 	 	352.5 	27.4983215592586 	
352.600036621094 	 	352.600036621094 	27.498321559278 	
352.700012207031 	 	352.700012207031 	27.4983215592819 	
352.799987792969 	24.4048000000003 	352.799987792969 	27.4983215592858 	
352.900024414063 	24.3819999999978 	352.900024414063 	27.4983215592897 	
353 	24.2118000000009 	353 	27.4983215592936 	
353.100036621094 	24.1994000000013 	353.100036621094 	27.4983215592975 	
353.200012207031 	24.0892999999996 	353.200012207031 	27.4983215593014 	
353.299987792969 	24.1994000000013 	353.299987792969 	27.4983215593053 	
353.400024414063 	24.3819999999978 	353.400024414063 	27.4983215593092 	
353.5 	24.4048000000003 	353.5 	27.4983215593131 	
353.600036621094 	24.6442999999999 	353.600036621094 	27.498321559317 	
353.700012207031 	24.9080999999969 	353.700012207031 	27.49832155932 	
353.799987792969 	24.8747000000003 	353.799987792969 	27.49832155932 	
353.900024414063 	25.1348999999973 	353.900024414063 	27.49832155932 	
354 	25.3270999999986 	354 	27.49832155932 	
354.100036621094 	25.4311999999991 	354.100036621094 	27.49832155932 	
354.200012207031 	25.5973000000013 	354.200012207031 	27.4983215593201 	
354.299987792969 	25.6836999999978 	354.299987792969 	27.4983215593201 	
354.400024414063 	25.7936000000009 	354.400024414063 	27.4983215593201 	
354.5 	25.8947999999982 	354.5 	27.4983215593201 	
354.600036621094 	26.0004999999983 	354.600036621094 	27.4983215593201 	
354.700012207031 	26.0969999999979 	354.700012207031 	27.4983215593201 	
354.799987792969 	26.1981999999989 	354.799987792969 	27.4983215593201 	
354.900024414063 	26.2727999999988 	354.900024414063 	27.4983215593202 	
355 	26.3646999999983 	355 	27.4983215593202 	
355.100036621094 	26.4759999999987 	355.100036621094 	27.4983215593202 	
355.200012207031 	26.5835999999981 	355.200012207031 	27.4983215593202 	
355.299987792969 	26.6510999999991 	355.299987792969 	27.4983215593202 	
355.400024414063 	26.7403999999988 	355.400024414063 	27.4983215593202 	
355.5 	26.8211999999985 	355.5 	27.4983215593202 	
355.600036621094 	26.8417000000009 	355.600036621094 	27.4983215593202 	
355.700012207031 	26.8715999999986 	355.700012207031 	27.4983215593203 	
355.799987792969 	26.9315999999999 	355.799987792969 	27.4983215593203 	
355.900024414063 	26.9975000000013 	355.900024414063 	27.4983215593203 	
356 	27.0583999999981 	356 	27.4983215593203 	
356.100036621094 	27.1067999999977 	356.100036621094 	27.4983215593203 	
356.200012207031 	27.1578000000009 	356.200012207031 	27.4983215593203 	
356.299987792969 	27.2085999999981 	356.299987792969 	27.4983215593203 	
356.400024414063 	27.2661000000007 	356.400024414063 	27.4983215593204 	
356.5 	27.3162999999986 	356.5 	27.4983215593204 	
356.600036621094 	27.3649000000005 	356.600036621094 	27.4983215593204 	
356.700012207031 	27.4226999999992 	356.700012207031 	27.4983215593204 	
356.799987792969 	27.4541999999965 	356.799987792969 	27.4983215593204 	
356.900024414063 	27.4967999999972 	356.900024414063 	27.4983215593204 	
357 	27.518799999998 	357 	27.4983215593204 	
357.100036621094 	27.5620000000017 	357.100036621094 	27.4983215593205 	
357.200012207031 	27.5980999999992 	357.200012207031 	27.4983215593205 	
357.299987792969 	27.6453999999976 	357.299987792969 	27.4983215593205 	
357.400024414063 	27.6900999999998 	357.400024414063 	27.4983215593205 	
357.5 	27.7232999999978 	357.5 	27.4983215593205 	
357.600036621094 	27.7451999999976 	357.600036621094 	27.4983215593205 	
357.700012207031 	27.7829999999994 	357.700012207031 	27.4983215593205 	
357.799987792969 	27.8049999999967 	357.799987792969 	27.4983215593206 	
357.900024414063 	27.7991999999977 	357.900024414063 	27.4983215593206 	
358 	27.829099999999 	358 	27.4983215593206 	
358.100036621094 	27.8581999999988 	358.100036621094 	27.4983215593206 	
358.200012207031 	27.8574000000008 	358.200012207031 	27.4983215593206 	
358.299987792969 	27.8909999999996 	358.299987792969 	27.4983215593206 	
358.400024414063 	27.9159999999974 	358.400024414063 	27.4983215593206 	
358.5 	27.9198999999971 	358.5 	27.4983215593207 	
358.600036621094 	27.9308999999957 	358.600036621094 	27.4983215593207 	
358.700012207031 	27.9462999999996 	358.700012207031 	27.4983215593207 	
358.799987792969 	27.9647999999979 	358.799987792969 	27.4983215593207 	
358.900024414063 	27.987799999999 	358.900024414063 	27.4983215593207 	
359 	28.0038999999997 	359 	27.4983215593207 	
359.100036621094 	28.0250000000015 	359.100036621094 	27.4983215593207 	
359.200012207031 	28.0485999999983 	359.200012207031 	27.4983215593208 	
359.299987792969 	28.0529999999962 	359.299987792969 	27.4983215593208 	
359.400024414063 	28.0637999999963 	359.400024414063 	27.4983215593208 	
359.5 	28.0619999999981 	359.5 	27.4983215593208 	
359.600036621094 	28.0814999999966 	359.600036621094 	27.4983215593208 	
359.700012207031 	28.1061999999984 	359.700012207031 	27.4983215593208 	
359.799987792969 	28.1191999999974 	359.799987792969 	27.4983215593208 	
359.900024414063 	28.1372999999985 	359.900024414063 	27.4983215593208 	
360 	28.1562000000013 	360 	27.4983215593208 	
360.100036621094 	28.1714999999967 	360.100036621094 	27.4983215593208 	
360.200012207031 	28.1761000000006 	360.200012207031 	27.4983215593208 	
360.299987792969 	28.1970000000001 	360.299987792969 	27.4983215593208 	
360.400024414063 	28.2222999999976 	360.400024414063 	27.4983215593208 	
360.5 	28.2324999999983 	360.5 	27.4983215593208 	
360.600036621094 	28.2404999999962 	360.600036621094 	27.4983215593208 	
360.700012207031 	28.2485000000015 	360.700012207031 	27.4983215593208 	
360.799987792969 	28.2531000000017 	360.799987792969 	27.4983215593208 	
360.900024414063 	28.2827999999972 	360.900024414063 	27.4983215593208 	
361 	28.2962999999982 	361 	27.4983215593208 	
361.100036621094 	28.3052999999964 	361.100036621094 	27.4983215593208 	
361.200012207031 	28.3335000000006 	361.200012207031 	27.4983215593208 	
361.299987792969 	28.3434000000016 	361.299987792969 	27.4983215593208 	
361.400024414063 	28.3508000000002 	361.400024414063 	27.4983215593208 	
361.5 	28.3498 	361.5 	27.4983215593208 	
361.600036621094 	28.3469999999979 	361.600036621094 	27.4983215593208 	
361.700012207031 	28.3539999999994 	361.700012207031 	27.4983215593208 	
361.799987792969 	28.3669999999984 	361.799987792969 	27.4983215593208 	
361.900024414063 	28.3896000000022 	361.900024414063 	27.4983215593208 	
362 	28.3931999999986 	362 	27.4983215593208 	
362.100036621094 	28.4282999999996 	362.100036621094 	27.4983215593208 	
362.200012207031 	28.4327999999987 	362.200012207031 	27.4983215593208 	
362.299987792969 	28.4561999999969 	362.299987792969 	27.4983215593208 	
362.400024414063 	28.4873999999982 	362.400024414063 	27.4983215593208 	
362.5 	28.5518999999986 	362.5 	27.4983215593208 	
362.600036621094 	28.5061999999998 	362.600036621094 	27.4983215593208 	
362.700012207031 	28.4799999999996 	362.700012207031 	27.4983215593208 	
362.799987792969 	28.3405999999995 	362.799987792969 	27.4983215593208 	
362.900024414063 	28.3755999999994 	362.900024414063 	27.4983215593208 	
363 	28.3665000000001 	363 	27.4983215593208 	
363.100036621094 	28.3989000000001 	363.100036621094 	27.4983215593208 	
363.200012207031 	28.3770999999979 	363.200012207031 	27.4983215593208 	
363.299987792969 	28.3832999999977 	363.299987792969 	27.4983215593208 	
363.400024414063 	28.3875999999982 	363.400024414063 	27.4983215593208 	
363.5 	28.4007999999994 	363.5 	27.4983215593208 	
363.600036621094 	28.4006000000008 	363.600036621094 	27.4983215593208 	
363.700012207031 	28.3984999999993 	363.700012207031 	27.4983215593208 	
363.799987792969 	28.405999999999 	363.799987792969 	27.4983215593208 	
363.900024414063 	28.4028999999973 	363.900024414063 	27.4983215593208 	
364 	28.3939999999966 	364 	27.4983215593208 	
364.100036621094 	28.3945999999996 	364.100036621094 	27.4983215593208 	
364.200012207031 	28.4278999999988 	364.200012207031 	27.4983215593208 	
364.299987792969 	28.4304999999986 	364.299987792969 	27.4983215593208 	
364.400024414063 	28.443299999999 	364.400024414063 	27.4983215593208 	
364.5 	28.4573999999993 	364.5 	27.4983215593208 	
364.600036621094 	28.4785999999986 	364.600036621094 	27.4983215593208 	
364.700012207031 	28.4909000000007 	364.700012207031 	27.4983215593208 	
364.799987792969 	28.5009999999966 	364.799987792969 	27.4983215593208 	
364.900024414063 	28.4992999999995 	364.900024414063 	27.4983215593208 	
365 	28.4821000000011 	365 	27.4983215593208 	
365.100036621094 	28.4739000000009 	365.100036621094 	27.4983215593208 	
365.200012207031 	28.4705999999969 	365.200012207031 	27.4983215593208 	
365.299987792969 	28.4701999999997 	365.299987792969 	27.4983215593208 	
365.400024414063 	28.4687000000013 	365.400024414063 	27.4983215593208 	
365.5 	28.4638000000014 	365.5 	27.4983215593208 	
365.600036621094 	28.4592000000011 	365.600036621094 	27.4983215593208 	
365.700012207031 	28.4720000000016 	365.700012207031 	27.4983215593208 	
365.799987792969 	28.4614999999976 	365.799987792969 	27.4983215593208 	
365.900024414063 	28.4663 	365.900024414063 	27.4983215593208 	
366 	28.4850000000006 	366 	27.4983215593208 	
366.100036621094 	28.508600000001 	366.100036621094 	27.4983215593208 	
366.200012207031 	28.5277999999962 	366.200012207031 	27.4983215593208 	
366.299987792969 	28.5388999999996 	366.299987792969 	27.4983215593208 	
366.400024414063 	28.536799999998 	366.400024414063 	27.4983215593208 	
366.5 	28.539499999999 	366.5 	27.4983215593208 	
366.600036621094 	28.5453999999991 	366.600036621094 	27.4983215593208 	
366.700012207031 	28.5441999999966 	366.700012207031 	27.4983215593208 	
366.799987792969 	28.5227999999988 	366.799987792969 	27.4983215593208 	
366.900024414063 	28.5299999999988 	366.900024414063 	27.4983215593208 	
367 	28.5322000000015 	367 	27.4983215593208 	
367.100036621094 	28.5184999999983 	367.100036621094 	27.4983215593208 	
367.200012207031 	28.5188999999991 	367.200012207031 	27.4983215593208 	
367.299987792969 	28.5089000000007 	367.299987792969 	27.4983215593208 	
367.400024414063 	28.5010000000002 	367.400024414063 	27.4983215593208 	
367.5 	28.4982999999993 	367.5 	27.4983215593208 	
367.600036621094 	28.498599999999 	367.600036621094 	27.4983215593208 	
367.700012207031 	28.4979999999996 	367.700012207031 	27.4983215593208 	
367.799987792969 	28.4889999999978 	367.799987792969 	27.4983215593208 	
367.900024414063 	28.4774999999972 	367.900024414063 	27.4983215593208 	
368 	28.4611000000004 	368 	27.4983215593208 	
368.100036621094 	28.4395999999979 	368.100036621094 	27.4983215593208 	
368.200012207031 	28.4439999999995 	368.200012207031 	27.4983215593208 	
368.299987792969 	28.4507999999987 	368.299987792969 	27.4983215593208 	
368.400024414063 	28.4390999999996 	368.400024414063 	27.4983215593208 	
368.5 	28.4366999999984 	368.5 	27.4983215593208 	
368.600036621094 	28.4200999999994 	368.600036621094 	27.4983215593208 	
368.700012207031 	28.4115999999995 	368.700012207031 	27.4983215593208 	
368.799987792969 	28.3991999999998 	368.799987792969 	27.4983215593208 	
368.900024414063 	28.3892999999989 	368.900024414063 	27.4983215593208 	
369 	28.3888000000006 	369 	27.4983215593208 	
369.100036621094 	28.398799999999 	369.100036621094 	27.4983215593208 	
369.200012207031 	28.4069999999992 	369.200012207031 	27.4983215593208 	
369.299987792969 	28.4066999999995 	369.299987792969 	27.4983215593208 	
369.400024414063 	28.4003000000012 	369.400024414063 	27.4983215593208 	
369.5 	28.4016000000011 	369.5 	27.4983215593208 	
369.600036621094 	28.3933999999972 	369.600036621094 	27.4983215593208 	
369.700012207031 	28.398000000001 	369.700012207031 	27.4983215593208 	
369.799987792969 	28.4014999999999 	369.799987792969 	27.4983215593208 	
369.900024414063 	28.4025000000001 	369.900024414063 	27.4983215593208 	
370 	28.4000999999989 	370 	27.4983215593208 	
370.100036621094 	28.4002 	370.100036621094 	27.4983215593208 	
370.200012207031 	28.3885000000009 	370.200012207031 	27.4983215593208 	
370.299987792969 	28.3856999999989 	370.299987792969 	27.4983215593208 	
370.400024414063 	28.3784999999989 	370.400024414063 	27.4983215593208 	
370.5 	28.3630999999987 	370.5 	27.4983215593208 	
370.600036621094 	28.3564999999981 	370.600036621094 	27.4983215593208 	
370.700012207031 	28.3437999999987 	370.700012207031 	27.4983215593208 	
370.799987792969 	28.3191999999981 	370.799987792969 	27.4983215593208 	
370.900024414063 	28.2989000000016 	370.900024414063 	27.4983215593208 	
371 	28.2808000000005 	371 	27.4983215593208 	
371.100036621094 	28.2927999999993 	371.100036621094 	27.4983215593208 	
371.200012207031 	28.2770999999993 	371.200012207031 	27.4983215593208 	
371.299987792969 	28.2674999999981 	371.299987792969 	27.4983215593208 	
371.400024414063 	28.2632000000012 	371.400024414063 	27.4983215593208 	
371.5 	28.2386999999981 	371.5 	27.4983215593208 	
371.600036621094 	28.2276999999995 	371.600036621094 	27.4983215593208 	
371.700012207031 	28.213499999998 	371.700012207031 	27.4983215593208 	
371.799987792969 	28.2127999999975 	371.799987792969 	27.4983215593208 	
371.900024414063 	28.2177999999985 	371.900024414063 	27.4983215593208 	
372 	28.2145999999993 	372 	27.4983215593208 	
372.100036621094 	28.2102000000014 	372.100036621094 	27.4983215593208 	
372.200012207031 	28.2015999999967 	372.200012207031 	27.4983215593208 	
372.299987792969 	28.2039999999979 	372.299987792969 	27.4983215593208 	
372.400024414063 	28.1958999999988 	372.400024414063 	27.4983215593208 	
372.5 	28.1862000000001 	372.5 	27.4983215593208 	
372.600036621094 	28.1844999999994 	372.600036621094 	27.4983215593208 	
372.700012207031 	28.173899999998 	372.700012207031 	27.4983215593208 	
372.799987792969 	28.173899999998 	372.799987792969 	27.4983215593208 	
372.900024414063 	28.1558999999979 	372.900024414063 	27.4983215593208 	
373 	28.1546999999991 	373 	27.4983215593208 	
373.100036621094 	28.1435000000019 	373.100036621094 	27.4983215593208 	
373.200012207031 	28.1484999999993 	373.200012207031 	27.4983215593208 	
373.299987792969 	28.1353999999992 	373.299987792969 	27.4983215593208 	
373.400024414063 	28.1223999999966 	373.400024414063 	27.4983215593208 	
373.5 	28.1219000000019 	373.5 	27.4983215593208 	
373.600036621094 	28.1116000000002 	373.600036621094 	27.4983215593208 	
373.700012207031 	28.1156999999985 	373.700012207031 	27.4983215593208 	
373.799987792969 	28.1239999999998 	373.799987792969 	27.4983215593208 	
373.900024414063 	28.1194999999971 	373.900024414063 	27.4983215593208 	
374 	28.1267999999982 	374 	27.4983215593208 	
374.100036621094 	28.1214999999975 	374.100036621094 	27.4983215593208 	
374.200012207031 	28.1247999999978 	374.200012207031 	27.4983215593208 	
374.299987792969 	28.1094999999987 	374.299987792969 	27.4983215593208 	
374.400024414063 	28.1031000000003 	374.400024414063 	27.4983215593208 	
374.5 	28.1065999999992 	374.5 	27.4983215593208 	
374.600036621094 	28.1012999999984 	374.600036621094 	27.4983215593208 	
374.700012207031 	28.0938999999998 	374.700012207031 	27.4983215593208 	
374.799987792969 	28.0864000000001 	374.799987792969 	27.4983215593208 	
374.900024414063 	28.0720000000001 	374.900024414063 	27.4983215593208 	
375 	28.0743999999977 	375 	27.4983215593208 	
375.100036621094 	28.0573000000004 	375.100036621094 	27.4983215593208 	
375.200012207031 	28.0434999999961 	375.200012207031 	27.4983215593208 	
375.299987792969 	28.0330999999969 	375.299987792969 	27.4983215593208 	
375.400024414063 	28.0306999999993 	375.400024414063 	27.4983215593208 	
375.5 	28.0183999999972 	375.5 	27.4983215593208 	
375.600036621094 	28.0022999999965 	375.600036621094 	27.4983215593208 	
375.700012207031 	27.9948999999979 	375.700012207031 	27.4983215593208 	
375.799987792969 	28.0060000000012 	375.799987792969 	27.4983215593208 	
375.900024414063 	27.9923999999992 	375.900024414063 	27.4983215593208 	
376 	27.998599999999 	376 	27.4983215593208 	
376.100036621094 	27.9902000000002 	376.100036621094 	27.4983215593208 	
376.200012207031 	27.9910999999993 	376.200012207031 	27.4983215593208 	
376.299987792969 	27.9977999999974 	376.299987792969 	27.4983215593208 	
376.400024414063 	27.991399999999 	376.400024414063 	27.4983215593208 	
376.5 	27.9976999999999 	376.5 	27.4983215593208 	
376.600036621094 	28.0018000000018 	376.600036621094 	27.4983215593208 	
376.700012207031 	27.9984000000004 	376.700012207031 	27.4983215593208 	
376.799987792969 	27.9968999999983 	376.799987792969 	27.4983215593208 	
376.900024414063 	27.9556000000011 	376.900024414063 	27.4983215593208 	
377 	27.9586999999992 	377 	27.4983215593208 	
377.100036621094 	27.9470999999976 	377.100036621094 	27.4983215593208 	
377.200012207031 	27.9259999999995 	377.200012207031 	27.4983215593208 	
377.299987792969 	27.9128999999994 	377.299987792969 	27.4983215593208 	
377.400024414063 	27.8953000000001 	377.400024414063 	27.4983215593208 	
377.5 	27.8858 	377.5 	27.4983215593208 	
377.600036621094 	27.8594999999987 	377.600036621094 	27.4983215593208 	
377.700012207031 	27.849299999998 	377.700012207031 	27.4983215593208 	
377.799987792969 	27.8383999999969 	377.799987792969 	27.4983215593208 	
377.900024414063 	27.8278999999966 	377.900024414063 	27.4983215593208 	
378 	27.8483999999989 	378 	27.4983215593208 	
378.100036621094 	27.8425999999999 	378.100036621094 	27.4983215593208 	
378.200012207031 	27.8302999999978 	378.200012207031 	27.4983215593208 	
378.299987792969 	27.8344999999972 	378.299987792969 	27.4983215593208 	
378.400024414063 	27.8351999999977 	378.400024414063 	27.4983215593208 	
378.5 	27.8348000000005 	378.5 	27.4983215593208 	
378.600036621094 	27.8481999999967 	378.600036621094 	27.4983215593208 	
378.700012207031 	27.8708000000006 	378.700012207031 	27.4983215593208 	
378.799987792969 	27.869999999999 	378.799987792969 	27.4983215593208 	
378.900024414063 	27.8652999999977 	378.900024414063 	27.4983215593208 	
379 	27.868099999996 	379 	27.4983215593208 	
379.100036621094 	27.8508999999976 	379.100036621094 	27.4983215593208 	
379.200012207031 	27.8474999999999 	379.200012207031 	27.4983215593208 	
379.299987792969 	27.8490999999995 	379.299987792969 	27.4983215593208 	
379.400024414063 	27.8411999999989 	379.400024414063 	27.4983215593208 	
379.5 	27.8214000000007 	379.5 	27.4983215593208 	
379.600036621094 	27.8171000000002 	379.600036621094 	27.4983215593208 	
379.700012207031 	27.8037999999979 	379.700012207031 	27.4983215593208 	
379.799987792969 	27.7812999999987 	379.799987792969 	27.4983215593208 	
379.900024414063 	27.7824999999975 	379.900024414063 	27.4983215593208 	
380 	27.7851999999984 	380 	27.4983215593208 	
380.100036621094 	27.7695999999996 	380.100036621094 	27.4983215593208 	
380.200012207031 	27.7858999999989 	380.200012207031 	27.4983215593208 	
380.299987792969 	27.7826000000023 	380.299987792969 	27.4983215593208 	
380.400024414063 	27.7578999999969 	380.400024414063 	27.4983215593208 	
380.5 	27.7566000000006 	380.5 	27.4983215593208 	
380.600036621094 	27.7672999999995 	380.600036621094 	27.4983215593208 	
380.700012207031 	27.777399999999 	380.700012207031 	27.4983215593208 	
380.799987792969 	27.7816999999959 	380.799987792969 	27.4983215593208 	
380.900024414063 	27.7726999999977 	380.900024414063 	27.4983215593208 	
381 	27.7577000000019 	381 	27.4983215593208 	
381.100036621094 	27.7548000000024 	381.100036621094 	27.4983215593208 	
381.200012207031 	27.7484999999979 	381.200012207031 	27.4983215593208 	
381.299987792969 	27.7186000000002 	381.299987792969 	27.4983215593208 	
381.400024414063 	27.7013000000006 	381.400024414063 	27.4983215593208 	
381.5 	27.7046999999984 	381.5 	27.4983215593208 	
381.600036621094 	27.7065000000002 	381.600036621094 	27.4983215593208 	
381.700012207031 	27.6952999999994 	381.700012207031 	27.4983215593208 	
381.799987792969 	27.6762999999992 	381.799987792969 	27.4983215593208 	
381.900024414063 	27.6679000000004 	381.900024414063 	27.4983215593208 	
382 	27.6728000000003 	382 	27.4983215593208 	
382.100036621094 	27.6568000000007 	382.100036621094 	27.4983215593208 	
382.200012207031 	27.654599999998 	382.200012207031 	27.4983215593208 	
382.299987792969 	27.6446999999971 	382.299987792969 	27.4983215593208 	
382.400024414063 	27.6463999999978 	382.400024414063 	27.4983215593208 	
382.5 	27.6532999999981 	382.5 	27.4983215593208 	
382.600036621094 	27.6561999999976 	382.600036621094 	27.4983215593208 	
382.700012207031 	27.6450999999979 	382.700012207031 	27.4983215593208 	
382.799987792969 	27.6441000000013 	382.799987792969 	27.4983215593208 	
382.900024414063 	27.6386999999995 	382.900024414063 	27.4983215593208 	
383 	27.6427999999978 	383 	27.4983215593208 	
383.100036621094 	27.6291999999958 	383.100036621094 	27.4983215593208 	
383.200012207031 	27.6381000000001 	383.200012207031 	27.4983215593208 	
383.299987792969 	27.632999999998 	383.299987792969 	27.4983215593208 	
383.400024414063 	27.6284000000014 	383.400024414063 	27.4983215593208 	
383.5 	27.6172000000006 	383.5 	27.4983215593208 	
383.600036621094 	27.597600000001 	383.600036621094 	27.4983215593208 	
383.700012207031 	27.5802000000003 	383.700012207031 	27.4983215593208 	
383.799987792969 	27.5540000000001 	383.799987792969 	27.4983215593208 	
383.900024414063 	27.5532999999996 	383.900024414063 	27.4983215593208 	
384 	27.5528999999988 	384 	27.4983215593208 	
384.100036621094 	27.5434999999961 	384.100036621094 	27.4983215593208 	
384.200012207031 	27.5335999999988 	384.200012207031 	27.4983215593208 	
384.299987792969 	27.5464999999967 	384.299987792969 	27.4983215593208 	
384.400024414063 	27.5487999999968 	384.400024414063 	27.4983215593208 	
384.5 	27.553100000001 	384.5 	27.4983215593208 	
384.600036621094 	27.5545999999995 	384.600036621094 	27.4983215593208 	
384.700012207031 	27.5532000000021 	384.700012207031 	27.4983215593208 	
384.799987792969 	27.5535999999993 	384.799987792969 	27.4983215593208 	
384.900024414063 	27.5341999999982 	384.900024414063 	27.4983215593208 	
385 	27.5291999999972 	385 	27.4983215593208 	
385.100036621094 	27.5193999999974 	385.100036621094 	27.4983215593208 	
385.200012207031 	27.4972000000016 	385.200012207031 	27.4983215593208 	
385.299987792969 	27.4870999999985 	385.299987792969 	27.4983215593208 	
385.400024414063 	27.4795000000013 	385.400024414063 	27.4983215593208 	
385.5 	27.4779999999992 	385.5 	27.4983215593208 	
385.600036621094 	27.4843000000001 	385.600036621094 	27.4983215593208 	
385.700012207031 	27.4910999999956 	385.700012207031 	27.4983215593208 	
385.799987792969 	27.4894999999997 	385.799987792969 	27.4983215593208 	
385.900024414063 	27.4896000000008 	385.900024414063 	27.4983215593208 	
386 	27.4961000000003 	386 	27.4983215593208 	
386.100036621094 	27.4964999999975 	386.100036621094 	27.4983215593208 	
386.200012207031 	27.5178999999989 	386.200012207031 	27.4983215593208 	
386.299987792969 	27.5034000000014 	386.299987792969 	27.4983215593208 	
386.400024414063 	27.4984000000004 	386.400024414063 	27.4983215593208 	
386.5 	27.487799999999 	386.5 	27.4983215593208 	
386.600036621094 	27.4828000000016 	386.600036621094 	27.4983215593208 	
386.700012207031 	27.4691999999959 	386.700012207031 	27.4983215593208 	
386.799987792969 	27.4380999999958 	386.799987792969 	27.4983215593208 	
386.900024414063 	27.4192999999977 	386.900024414063 	27.4983215593208 	
387 	27.4265999999989 	387 	27.4983215593208 	
387.100036621094 	27.4213999999993 	387.100036621094 	27.4983215593208 	
387.200012207031 	27.4193999999989 	387.200012207031 	27.4983215593208 	
387.299987792969 	27.4120000000003 	387.299987792969 	27.4983215593208 	
387.400024414063 	27.4062999999987 	387.400024414063 	27.4983215593208 	
387.5 	27.4133000000002 	387.5 	27.4983215593208 	
387.600036621094 	27.402399999999 	387.600036621094 	27.4983215593208 	
387.700012207031 	27.3833999999988 	387.700012207031 	27.4983215593208 	
387.799987792969 	27.3842999999979 	387.799987792969 	27.4983215593208 	
387.900024414063 	27.3906999999999 	387.900024414063 	27.4983215593208 	
388 	27.390199999998 	388 	27.4983215593208 	
388.100036621094 	27.3765999999996 	388.100036621094 	27.4983215593208 	
388.200012207031 	27.3686999999991 	388.200012207031 	27.4983215593208 	
388.299987792969 	27.3706999999995 	388.299987792969 	27.4983215593208 	
388.400024414063 	27.3555000000015 	388.400024414063 	27.4983215593208 	
388.5 	27.3449999999975 	388.5 	27.4983215593208 	
388.600036621094 	27.3343999999961 	388.600036621094 	27.4983215593208 	
388.700012207031 	27.3256000000001 	388.700012207031 	27.4983215593208 	
388.799987792969 	27.3286999999982 	388.799987792969 	27.4983215593208 	
388.900024414063 	27.3440999999984 	388.900024414063 	27.4983215593208 	
389 	27.3489999999983 	389 	27.4983215593208 	
389.100036621094 	27.3582999999962 	389.100036621094 	27.4983215593208 	
389.200012207031 	27.3496999999988 	389.200012207031 	27.4983215593208 	
389.299987792969 	27.3494999999966 	389.299987792969 	27.4983215593208 	
389.400024414063 	27.3554000000004 	389.400024414063 	27.4983215593208 	
389.5 	27.3513999999959 	389.5 	27.4983215593208 	
389.600036621094 	27.3462999999974 	389.600036621094 	27.4983215593208 	
389.700012207031 	27.3388999999988 	389.700012207031 	27.4983215593208 	
389.799987792969 	27.3378999999986 	389.799987792969 	27.4983215593208 	
389.900024414063 	27.3357999999971 	389.900024414063 	27.4983215593208 	
390 	27.3388999999988 	390 	27.4983215593208 	
390.100036621094 	27.3350999999966 	390.100036621094 	27.4983215593208 	
390.200012207031 	27.3145000000004 	390.200012207031 	27.4983215593208 	
390.299987792969 	27.3145999999979 	390.299987792969 	27.4983215593208 	
390.400024414063 	27.3109999999979 	390.400024414063 	27.4983215593208 	
390.5 	27.2935999999972 	390.5 	27.4983215593208 	
390.600036621094 	27.281500000001 	390.600036621094 	27.4983215593208 	
390.700012207031 	27.2909 	390.700012207031 	27.4983215593208 	
390.799987792969 	27.2713000000003 	390.799987792969 	27.4983215593208 	
390.900024414063 	27.2631000000001 	390.900024414063 	27.4983215593208 	
391 	27.2623999999996 	391 	27.4983215593208 	
391.100036621094 	27.270999999997 	391.100036621094 	27.4983215593208 	
391.200012207031 	27.2739999999976 	391.200012207031 	27.4983215593208 	
391.299987792969 	27.2814999999973 	391.299987792969 	27.4983215593208 	
391.400024414063 	27.2750999999989 	391.400024414063 	27.4983215593208 	
391.5 	27.268 	391.5 	27.4983215593208 	
391.600036621094 	27.2718999999997 	391.600036621094 	27.4983215593208 	
391.700012207031 	27.2815999999984 	391.700012207031 	27.4983215593208 	
391.799987792969 	27.2831000000006 	391.799987792969 	27.4983215593208 	
391.900024414063 	27.2866999999969 	391.900024414063 	27.4983215593208 	
392 	27.2929999999978 	392 	27.4983215593208 	
392.100036621094 	27.2978000000003 	392.100036621094 	27.4983215593208 	
392.200012207031 	27.2970999999961 	392.200012207031 	27.4983215593208 	
392.299987792969 	27.2814999999973 	392.299987792969 	27.4983215593208 	
392.400024414063 	27.2884999999987 	392.400024414063 	27.4983215593208 	
392.5 	27.2752999999975 	392.5 	27.4983215593208 	
392.600036621094 	27.2675999999992 	392.600036621094 	27.4983215593208 	
392.700012207031 	27.2635999999984 	392.700012207031 	27.4983215593208 	
392.799987792969 	27.2600999999995 	392.799987792969 	27.4983215593208 	
392.900024414063 	27.2653999999966 	392.900024414063 	27.4983215593208 	
393 	27.2655999999988 	393 	27.4983215593208 	
393.100036621094 	27.2648999999983 	393.100036621094 	27.4983215593208 	
393.200012207031 	27.2576999999983 	393.200012207031 	27.4983215593208 	
393.299987792969 	27.2541999999994 	393.299987792969 	27.4983215593208 	
393.400024414063 	27.2460999999967 	393.400024414063 	27.4983215593208 	
393.5 	27.2438000000002 	393.5 	27.4983215593208 	
393.600036621094 	27.2331999999988 	393.600036621094 	27.4983215593208 	
393.700012207031 	27.240600000001 	393.700012207031 	27.4983215593208 	
393.799987792969 	27.2295000000013 	393.799987792969 	27.4983215593208 	
393.900024414063 	27.2108999999982 	393.900024414063 	27.4983215593208 	
394 	27.2160000000003 	394 	27.4983215593208 	
394.100036621094 	27.2096999999994 	394.100036621094 	27.4983215593208 	
394.200012207031 	27.2167999999983 	394.200012207031 	27.4983215593208 	
394.299987792969 	27.2124000000003 	394.299987792969 	27.4983215593208 	
394.400024414063 	27.2065999999977 	394.400024414063 	27.4983215593208 	
394.5 	27.1995999999963 	394.5 	27.4983215593208 	
394.600036621094 	27.1756999999998 	394.600036621094 	27.4983215593208 	
394.700012207031 	27.1739999999991 	394.700012207031 	27.4983215593208 	
394.799987792969 	27.1726999999955 	394.799987792969 	27.4983215593208 	
394.900024414063 	27.1664999999994 	394.900024414063 	27.4983215593208 	
395 	27.1657999999989 	395 	27.4983215593208 	
395.100036621094 	27.1672999999973 	395.100036621094 	27.4983215593208 	
395.200012207031 	27.1735999999983 	395.200012207031 	27.4983215593208 	
395.299987792969 	27.1807999999983 	395.299987792969 	27.4983215593208 	
395.400024414063 	27.1962999999996 	395.400024414063 	27.4983215593208 	
395.5 	27.1962000000021 	395.5 	27.4983215593208 	
395.600036621094 	27.2041999999965 	395.600036621094 	27.4983215593208 	
395.700012207031 	27.2109999999993 	395.700012207031 	27.4983215593208 	
395.799987792969 	27.1921000000002 	395.799987792969 	27.4983215593208 	
395.900024414063 	27.1965999999993 	395.900024414063 	27.4983215593208 	
396 	27.2062000000005 	396 	27.4983215593208 	
396.100036621094 	27.1967999999979 	396.100036621094 	27.4983215593208 	
396.200012207031 	27.2135999999991 	396.200012207031 	27.4983215593208 	
396.299987792969 	27.2126999999964 	396.299987792969 	27.4983215593208 	
396.400024414063 	27.2101999999977 	396.400024414063 	27.4983215593208 	
396.5 	27.2071999999971 	396.5 	27.4983215593208 	
396.600036621094 	27.2030000000013 	396.600036621094 	27.4983215593208 	
396.700012207031 	27.2028999999966 	396.700012207031 	27.4983215593208 	
396.799987792969 	27.2007999999987 	396.799987792969 	27.4983215593208 	
396.900024414063 	27.200499999999 	396.900024414063 	27.4983215593208 	
397 	27.1958999999988 	397 	27.4983215593208 	
397.100036621094 	27.1853999999985 	397.100036621094 	27.4983215593208 	
397.200012207031 	27.1801999999989 	397.200012207031 	27.4983215593208 	
397.299987792969 	27.1844999999994 	397.299987792969 	27.4983215593208 	
397.400024414063 	27.1831999999958 	397.400024414063 	27.4983215593208 	
397.5 	27.1743999999999 	397.5 	27.4983215593208 	
397.600036621094 	27.1771999999983 	397.600036621094 	27.4983215593208 	
397.700012207031 	27.1646000000001 	397.700012207031 	27.4983215593208 	
397.799987792969 	27.1533999999992 	397.799987792969 	27.4983215593208 	
397.900024414063 	27.1467000000011 	397.900024414063 	27.4983215593208 	
398 	27.1454000000012 	398 	27.4983215593208 	
398.100036621094 	27.1486000000004 	398.100036621094 	27.4983215593208 	
398.200012207031 	27.1437000000005 	398.200012207031 	27.4983215593208 	
398.299987792969 	27.1352000000006 	398.299987792969 	27.4983215593208 	
398.400024414063 	27.1187999999966 	398.400024414063 	27.4983215593208 	
398.5 	27.1015999999981 	398.5 	27.4983215593208 	
398.600036621094 	27.1090000000004 	398.600036621094 	27.4983215593208 	
398.700012207031 	27.1071999999986 	398.700012207031 	27.4983215593208 	
398.799987792969 	27.0918999999994 	398.799987792969 	27.4983215593208 	
398.900024414063 	27.0887000000002 	398.900024414063 	27.4983215593208 	
399 	27.0849000000017 	399 	27.4983215593208 	
399.100036621094 	27.0856999999996 	399.100036621094 	27.4983215593208 	
399.200012207031 	27.1001999999971 	399.200012207031 	27.4983215593208 	
399.299987792969 	27.1008999999976 	399.299987792969 	27.4983215593208 	
399.400024414063 	27.0979000000007 	399.400024414063 	27.4983215593208 	
399.5 	27.1038999999982 	399.5 	27.4983215593208 	
399.600036621094 	27.0913 	399.600036621094 	27.4983215593208 	
399.700012207031 	27.0933999999979 	399.700012207031 	27.4983215593208 	
399.799987792969 	27.0858999999982 	399.799987792969 	27.4983215593208 	
399.900024414063 	27.0758999999998 	399.900024414063 	27.4983215593208 	
400 	27.0761999999995 	400 	27.4983215593208 	
400.100036621094 	27.0706999999966 	400.100036621094 	27.4983215593208 	
400.200012207031 	27.0715000000018 	400.200012207031 	27.4983215593208 	
400.299987792969 	27.0707999999977 	400.299987792969 	27.4983215593208 	
400.400024414063 	27.0743999999977 	400.400024414063 	27.4983215593208 	
400.5 	27.0758999999962 	400.5 	27.4983215593208 	
400.600036621094 	27.0607999999957 	400.600036621094 	27.4983215593208 	
400.700012207031 	27.0710999999974 	400.700012207031 	27.4983215593208 	
400.799987792969 	27.0747999999985 	400.799987792969 	27.4983215593208 	
400.900024414063 	27.0622000000003 	400.900024414063 	27.4983215593208 	
401 	27.0547999999981 	401 	27.4983215593208 	
401.100036621094 	27.0550999999978 	401.100036621094 	27.4983215593208 	
401.200012207031 	27.0528999999988 	401.200012207031 	27.4983215593208 	
401.299987792969 	27.0508999999984 	401.299987792969 	27.4983215593208 	
401.400024414063 	27.0560000000005 	401.400024414063 	27.4983215593208 	
401.5 	27.064699999999 	401.5 	27.4983215593208 	
401.600036621094 	27.0646000000015 	401.600036621094 	27.4983215593208 	
401.700012207031 	27.0675999999985 	401.700012207031 	27.4983215593208 	
401.799987792969 	27.0712999999996 	401.799987792969 	27.4983215593208 	
401.900024414063 	27.0659999999989 	401.900024414063 	27.4983215593208 	
402 	27.0675999999985 	402 	27.4983215593208 	
402.100036621094 	27.0681999999979 	402.100036621094 	27.4983215593208 	
402.200012207031 	27.0700999999972 	402.200012207031 	27.4983215593208 	
402.299987792969 	27.0728999999992 	402.299987792969 	27.4983215593208 	
402.400024414063 	27.0653999999959 	402.400024414063 	27.4983215593208 	
402.5 	27.0659000000014 	402.5 	27.4983215593208 	
402.600036621094 	27.0671000000002 	402.600036621094 	27.4983215593208 	
402.700012207031 	27.0591999999997 	402.700012207031 	27.4983215593208 	
402.799987792969 	27.0601999999999 	402.799987792969 	27.4983215593208 	
402.900024414063 	27.0519999999997 	402.900024414063 	27.4983215593208 	
403 	27.049799999997 	403 	27.4983215593208 	
403.100036621094 	27.0506999999998 	403.100036621094 	27.4983215593208 	
403.200012207031 	27.0442000000003 	403.200012207031 	27.4983215593208 	
403.299987792969 	27.0352999999996 	403.299987792969 	27.4983215593208 	
403.400024414063 	27.0253000000012 	403.400024414063 	27.4983215593208 	
403.5 	27.0219999999972 	403.5 	27.4983215593208 	
403.600036621094 	27.0215999999964 	403.600036621094 	27.4983215593208 	
403.700012207031 	27.0103999999992 	403.700012207031 	27.4983215593208 	
403.799987792969 	26.9972999999991 	403.799987792969 	27.4983215593208 	
403.900024414063 	26.994999999999 	403.900024414063 	27.4983215593208 	
404 	26.9832999999999 	404 	27.4983215593208 	
404.100036621094 	26.982299999996 	404.100036621094 	27.4983215593208 	
404.200012207031 	26.9808999999987 	404.200012207031 	27.4983215593208 	
404.299987792969 	26.9757999999965 	404.299987792969 	27.4983215593208 	
404.400024414063 	26.969299999997 	404.400024414063 	27.4983215593208 	
404.5 	26.9660000000003 	404.5 	27.4983215593208 	
404.600036621094 	26.9717999999957 	404.600036621094 	27.4983215593208 	
404.700012207031 	26.9722999999976 	404.700012207031 	27.4983215593208 	
404.799987792969 	26.9710999999988 	404.799987792969 	27.4983215593208 	
404.900024414063 	26.9729000000007 	404.900024414063 	27.4983215593208 	
405 	26.9811999999984 	405 	27.4983215593208 	
405.100036621094 	26.9827000000005 	405.100036621094 	27.4983215593208 	
405.200012207031 	26.9832999999962 	405.200012207031 	27.4983215593208 	
405.299987792969 	26.9860000000008 	405.299987792969 	27.4983215593208 	
405.400024414063 	26.9896999999983 	405.400024414063 	27.4983215593208 	
405.5 	26.9902999999977 	405.5 	27.4983215593208 	
405.600036621094 	26.9883999999984 	405.600036621094 	27.4983215593208 	
405.700012207031 	26.9894999999997 	405.700012207031 	27.4983215593208 	
405.799987792969 	26.9847999999984 	405.799987792969 	27.4983215593208 	
405.900024414063 	26.9831999999988 	405.900024414063 	27.4983215593208 	
406 	26.9798999999985 	406 	27.4983215593208 	
406.100036621094 	26.9871999999996 	406.100036621094 	27.4983215593208 	
406.200012207031 	26.9894999999997 	406.200012207031 	27.4983215593208 	
406.299987792969 	26.9897999999957 	406.299987792969 	27.4983215593208 	
406.400024414063 	26.9883999999984 	406.400024414063 	27.4983215593208 	
406.5 	26.9845999999998 	406.5 	27.4983215593208 	
406.600036621094 	26.9817000000003 	406.600036621094 	27.4983215593208 	
406.700012207031 	26.9818999999989 	406.700012207031 	27.4983215593208 	
406.799987792969 	26.9794999999976 	406.799987792969 	27.4983215593208 	
406.900024414063 	26.9738999999972 	406.900024414063 	27.4983215593208 	
407 	26.9727999999996 	407 	27.4983215593208 	
407.100036621094 	26.9735999999975 	407.100036621094 	27.4983215593208 	
407.200012207031 	26.9736000000012 	407.200012207031 	27.4983215593208 	
407.299987792969 	26.9677999999985 	407.299987792969 	27.4983215593208 	
407.400024414063 	26.9632999999994 	407.400024414063 	27.4983215593208 	
407.5 	26.9621999999981 	407.5 	27.4983215593208 	
407.600036621094 	26.964899999999 	407.600036621094 	27.4983215593208 	
407.700012207031 	26.9565000000002 	407.700012207031 	27.4983215593208 	
407.799987792969 	26.9484999999986 	407.799987792969 	27.4983215593208 	
407.900024414063 	26.9461999999985 	407.900024414063 	27.4983215593208 	
408 	26.9475999999995 	408 	27.4983215593208 	
408.100036621094 	26.9494000000013 	408.100036621094 	27.4983215593208 	
408.200012207031 	26.9520999999986 	408.200012207031 	27.4983215593208 	
408.299987792969 	26.9571999999971 	408.299987792969 	27.4983215593208 	
408.400024414063 	26.9477000000006 	408.400024414063 	27.4983215593208 	
408.5 	26.9487000000008 	408.5 	27.4983215593208 	
408.600036621094 	26.9540000000015 	408.600036621094 	27.4983215593208 	
408.700012207031 	26.9595999999983 	408.700012207031 	27.4983215593208 	
408.799987792969 	26.9614000000001 	408.799987792969 	27.4983215593208 	
408.900024414063 	26.9527999999991 	408.900024414063 	27.4983215593208 	
409 	26.9350999999988 	409 	27.4983215593208 	
409.100036621094 	26.927499999998 	409.100036621094 	27.4983215593208 	
409.200012207031 	26.9279999999999 	409.200012207031 	27.4983215593208 	
409.299987792969 	26.9393999999957 	409.299987792969 	27.4983215593208 	
409.400024414063 	26.9265999999989 	409.400024414063 	27.4983215593208 	
409.5 	26.9249000000018 	409.5 	27.4983215593208 	
409.600036621094 	26.9307999999983 	409.600036621094 	27.4983215593208 	
409.700012207031 	26.9313000000002 	409.700012207031 	27.4983215593208 	
409.799987792969 	26.938299999998 	409.799987792969 	27.4983215593208 	
409.900024414063 	26.9536999999982 	409.900024414063 	27.4983215593208 	
410 	26.9635999999991 	410 	27.4983215593208 	
410.100036621094 	26.9635999999991 	410.100036621094 	27.4983215593208 	
410.200012207031 	26.9635999999991 	410.200012207031 	27.4983215593208 	
410.299987792969 	 	410.299987792969 	27.4983215593208 	
410.400024414063 	 	410.400024414063 	27.4983215593208 	
410.5 	 	410.5 	27.4983215593208 	
410.600036621094 	 	410.600036621094 	27.4983215593208 	
410.700012207031 	 	410.700012207031 	27.4983215593208 	
410.799987792969 	 	410.799987792969 	27.4983215593208 	
410.900024414063 	 	410.900024414063 	27.4983215593208 	
411 	 	411 	27.4983215593208 	
411.100036621094 	 	411.100036621094 	27.4983215593208 	
411.200012207031 	 	411.200012207031 	6.62912249591843 	
411.299987792969 	 	411.299987792969 	1.59810747858182 	
411.400024414063 	 	411.400024414063 	0.384927313707088 	
411.5 	 	411.5 	0.0927958751416397 	
411.600036621094 	 	411.600036621094 	0.0223512294675404 	
411.700012207031 	 	411.700012207031 	0.00538829495275505 	
411.799987792969 	 	411.799987792969 	0.00129897652856185 	
411.900024414063 	 	411.900024414063 	0.000312877575117782 	
412 	 	412 	7.54266700229777E-05 	
412.100036621094 	 	412.100036621094 	1.81678039911813E-05 	
412.200012207031 	 	412.200012207031 	4.37983289926802E-06 	
412.299987792969 	 	412.299987792969 	1.05598787609755E-06 	
412.400024414063 	 	412.400024414063 	2.54381758202117E-07 	
412.5 	 	412.5 	6.14022036582355E-08 	
412.600036621094 	 	412.600036621094 	1.48063510570625E-08 	
412.700012207031 	 	412.700012207031 	3.63885554750118E-09 	
412.799987792969 	-9.27319999999963 	412.799987792969 	8.93991026551571E-10 	
412.900024414063 	-8.07840000000215 	412.900024414063 	3.39503339113103E-10 	
413 	-7.09590000000026 	413 	3.67519503221907E-10 	
413.100036621094 	-6.53579999999783 	413.100036621094 	-3.20193296299108E-12 	
413.200012207031 	-6.00920000000042 	413.200012207031 	4.67934482690032E-11 	
413.299987792969 	-5.38050000000294 	413.299987792969 	2.68721686930179E-12 	
413.400024414063 	-4.78259999999864 	413.400024414063 	-1.2340949167755E-10 	
413.5 	-4.54089999999997 	413.5 	-1.38514876002136E-10 	
413.600036621094 	-4.11989999999787 	413.600036621094 	-3.2362464495546E-11 	
413.700012207031 	-3.979000000003 	413.700012207031 	1.24978937062742E-11 	
413.799987792969 	-3.62150000000111 	413.799987792969 	-9.33765961186373E-13 	
413.900024414063 	-3.40960000000268 	413.900024414063 	-7.49018875023397E-12 	
414 	-3.25020000000222 	414 	-5.53160465512178E-12 	
414.100036621094 	-3.24120000000039 	414.100036621094 	-2.55146842420437E-12 	
414.200012207031 	-2.99880000000121 	414.200012207031 	-6.80256193860132E-13 	
414.299987792969 	-2.90310000000318 	414.299987792969 	1.43533374558143E-12 	
414.400024414063 	-2.78110000000379 	414.400024414063 	3.02775021804216E-12 	
414.5 	-2.67859999999928 	414.5 	2.69097867975858E-12 	
414.600036621094 	-2.56739999999991 	414.600036621094 	3.84699565697429E-12 	
414.700012207031 	-2.52780000000348 	414.700012207031 	6.63613423006211E-12 	
414.799987792969 	-2.45470000000205 	414.799987792969 	8.733085391794E-12 	
414.900024414063 	-2.45450000000346 	414.900024414063 	9.43018599410761E-12 	
415 	-2.43110000000161 	415 	8.01870821730492E-12 	
415.100036621094 	-2.38360000000102 	415.100036621094 	4.04892044740587E-12 	
415.200012207031 	-2.35220000000118 	415.200012207031 	4.49854363344829E-12 	
415.299987792969 	-2.28780000000188 	415.299987792969 	4.68388803228998E-12 	
415.400024414063 	-2.23670000000129 	415.400024414063 	4.4919792393976E-12 	
415.5 	-2.15950000000157 	415.5 	3.81027478827533E-12 	
415.600036621094 	-2.10030000000188 	415.600036621094 	2.52507386293635E-12 	
415.700012207031 	-2.07050000000163 	415.700012207031 	1.23000995567227E-12 	
415.799987792969 	-2.06010000000242 	415.799987792969 	7.38941082724528E-13 	
415.900024414063 	-2.02760000000126 	415.900024414063 	3.25006169665942E-13 	
416 	-1.98880000000281 	416 	2.0575831919906E-14 	
416.100036621094 	-1.95830000000205 	416.100036621094 	-1.42830190381835E-13 	
416.200012207031 	-1.93420000000333 	416.200012207031 	-1.33146991261594E-13 	
416.299987792969 	-1.9230000000025 	416.299987792969 	-5.1050120071402E-13 	
416.400024414063 	-1.90669999999955 	416.400024414063 	-9.65110789894363E-13 	
416.5 	-1.88709999999992 	416.5 	-1.35395068896346E-12 	
416.600036621094 	-1.87400000000343 	416.600036621094 	-1.67749567191286E-12 	
416.700012207031 	-1.85510000000068 	416.700012207031 	-1.93535093095372E-12 	
416.799987792969 	-1.82940000000235 	416.799987792969 	-2.12773385543056E-12 	
416.900024414063 	-1.8077000000012 	416.900024414063 	-2.25470192668478E-12 	
417 	-1.79690000000119 	417 	-2.31610021113338E-12 	
417.100036621094 	-1.79060000000391 	417.100036621094 	-2.31200367615664E-12 	
417.200012207031 	-1.78460000000268 	417.200012207031 	-2.242417320577E-12 	
417.299987792969 	-1.76380000000063 	417.299987792969 	-2.10735863043334E-12 	
417.400024414063 	-1.74079999999958 	417.400024414063 	-1.90668518376143E-12 	
417.5 	-1.72660000000178 	417.5 	-1.64064185358953E-12 	
417.600036621094 	-1.70609999999942 	417.600036621094 	-1.30890380068667E-12 	
417.700012207031 	-1.70309999999881 	417.700012207031 	-9.11875830486523E-13 	
417.799987792969 	-1.70740000000296 	417.799987792969 	-4.49375525722367E-13 	
417.900024414063 	-1.70550000000367 	417.900024414063 	-5.18675247184115E-13 	
418 	-1.70490000000063 	418 	-7.03735887903921E-13 	
418.100036621094 	-1.69259999999849 	418.100036621094 	-8.73877022444889E-13 	
418.200012207031 	-1.68950000000041 	418.200012207031 	-1.02889103502356E-12 	
418.299987792969 	-1.68260000000373 	418.299987792969 	-1.16888631800347E-12 	
418.400024414063 	-1.69490000000224 	418.400024414063 	-1.29393458237612E-12 	
418.5 	-1.68420000000333 	418.5 	-1.40388323721489E-12 	
418.600036621094 	-1.68000000000029 	418.600036621094 	-1.49886652996159E-12 	
418.700012207031 	-1.66999999999825 	418.700012207031 	-1.57876855665923E-12 	
418.799987792969 	-1.65309999999954 	418.799987792969 	-1.6436518537581E-12 	
418.900024414063 	-1.62170000000333 	418.900024414063 	-1.69354227633648E-12 	
419 	-1.61349999999948 	419 	-1.72837894529422E-12 	
419.100036621094 	-1.60210000000006 	419.100036621094 	-1.74820439624664E-12 	
419.200012207031 	-1.60389999999825 	419.200012207031 	-1.75299443706325E-12 	
419.299987792969 	-1.59280000000217 	419.299987792969 	-1.74276574828108E-12 	
419.400024414063 	-1.59040000000095 	419.400024414063 	-1.71749832906519E-12 	
419.5 	-1.57280000000173 	419.5 	-1.67722301214189E-12 	
419.600036621094 	-1.56560000000172 	419.600036621094 	-1.62189062130005E-12 	
419.700012207031 	-1.55979999999909 	419.700012207031 	-1.55156867623562E-12 	
419.799987792969 	-1.5612000000001 	419.799987792969 	-1.46622800157242E-12 	
419.900024414063 	-1.57410000000164 	419.900024414063 	-1.36580274056226E-12 	
420 	-1.58840000000055 	420 	-1.25041543775793E-12 	
420.100036621094 	-1.57390000000305 	420.100036621094 	-1.11992520512181E-12 	
420.200012207031 	-1.57500000000073 	420.200012207031 	-9.74491274176348E-13 	
420.299987792969 	-1.56209999999919 	420.299987792969 	-8.14038613632113E-13 	
420.400024414063 	-1.54680000000371 	420.400024414063 	-6.38455510827681E-13 	
420.5 	-1.5412000000033 	420.5 	-4.47956222142314E-13 	
420.600036621094 	-1.553100000001 	420.600036621094 	-2.42308147711928E-13 	
420.700012207031 	-1.5564000000013 	420.700012207031 	-1.50364525994365E-13 	
420.799987792969 	-1.55320000000211 	420.799987792969 	-1.44174184048838E-13 	
420.900024414063 	-1.55129999999917 	420.900024414063 	-1.38044897460144E-13 	
421 	-1.53189999999813 	421 	-1.31984145528575E-13 	
421.100036621094 	-1.52270000000135 	421.100036621094 	-1.25984528068622E-13 	
421.200012207031 	-1.52650000000358 	421.200012207031 	-1.2005336615101E-13 	
421.299987792969 	-1.52510000000257 	421.299987792969 	-1.14186979467717E-13 	
421.400024414063 	-1.52990000000136 	421.400024414063 	-1.08381845916143E-13 	
421.5 	-1.5496000000021 	421.5 	-1.02645049246807E-13 	
421.600036621094 	-1.53789999999935 	421.600036621094 	-9.69695848239728E-14 	
421.700012207031 	-1.52890000000116 	421.700012207031 	-9.13623781685949E-14 	
421.799987792969 	-1.52679999999964 	421.799987792969 	-8.58199467475357E-14 	
421.900024414063 	-1.50980000000345 	421.900024414063 	-8.03389662330803E-14 	
422 	-1.51619999999821 	422 	-7.49261248259786E-14 	
422.100036621094 	-1.53250000000116 	422.100036621094 	-6.95748134402634E-14 	
422.200012207031 	-1.53150000000096 	422.200012207031 	-6.42915620471192E-14 	
422.299987792969 	-1.51180000000386 	422.299987792969 	-5.90730858882937E-14 	
422.400024414063 	-1.52140000000145 	422.400024414063 	-5.39162584109574E-14 	
422.5 	-1.50920000000042 	422.5 	-4.88273722660895E-14 	
422.600036621094 	-1.49279999999999 	422.600036621094 	-4.38002139174934E-14 	
422.700012207031 	-1.49079999999958 	422.700012207031 	-3.8840917786583E-14 	
422.799987792969 	-1.48050000000148 	422.799987792969 	-3.39463968899912E-14 	
422.900024414063 	-1.48590000000331 	422.900024414063 	-2.91137224497741E-14 	
423 	-1.50279999999839 	423 	-2.43487915671399E-14 	
423.100036621094 	-1.48830000000453 	423.100036621094 	-1.96457862556629E-14 	
423.200012207031 	-1.46559999999954 	423.200012207031 	-1.50104453869862E-14 	
423.299987792969 	-1.46689999999944 	423.299987792969 	-1.04398797526282E-14 	
423.400024414063 	-1.46860000000015 	423.400024414063 	-5.93135834953023E-15 	
423.5 	-1.46980000000258 	423.5 	-3.11161529794164E-15 	
423.600036621094 	-1.47040000000197 	423.600036621094 	-3.1005995685375E-15 	
423.700012207031 	-1.46920000000318 	423.700012207031 	-3.08959056013971E-15 	
423.799987792969 	-1.46720000000278 	423.799987792969 	-3.07858155174192E-15 	
423.900024414063 	-1.47220000000016 	423.900024414063 	-3.06756582233779E-15 	
424 	-1.4464999999982 	424 	-3.05655681394E-15 	
424.100036621094 	-1.43289999999979 	424.100036621094 	-3.04554108453586E-15 	
424.200012207031 	-1.4314000000013 	424.200012207031 	-3.03453207613807E-15 	
424.299987792969 	-1.42669999999998 	424.299987792969 	-3.02352306774028E-15 	
424.400024414063 	-1.40730000000258 	424.400024414063 	-3.01250733833614E-15 	
424.5 	-1.41100000000006 	424.5 	-3.00149832993835E-15 	
424.600036621094 	-1.41270000000077 	424.600036621094 	-2.99048260053421E-15 	
424.700012207031 	-1.41130000000339 	424.700012207031 	-2.97947359213642E-15 	
424.799987792969 	-1.39720000000307 	424.799987792969 	-2.96846458373863E-15 	
424.900024414063 	-1.40110000000277 	424.900024414063 	-2.9574488543345E-15 	
425 	-1.39830000000075 	425 	-2.94643984593671E-15 	
425.100036621094 	-1.41229999999996 	425.100036621094 	-2.93542411653257E-15 	
425.200012207031 	-1.42510000000038 	425.200012207031 	-2.92441510813478E-15 	
425.299987792969 	-1.42079999999987 	425.299987792969 	-2.91340609973699E-15 	
425.400024414063 	-1.42350000000079 	425.400024414063 	-2.90239037033285E-15 	
425.5 	-1.43370000000141 	425.5 	-2.89138136193506E-15 	
425.600036621094 	-1.4278000000013 	425.600036621094 	-2.88036563253092E-15 	
425.700012207031 	-1.40420000000449 	425.700012207031 	-2.86935662413313E-15 	
425.799987792969 	-1.40009999999893 	425.799987792969 	-2.85834761573534E-15 	
425.900024414063 	-1.40430000000197 	425.900024414063 	-2.84733188633121E-15 	
426 	-1.41159999999945 	426 	-2.83632287793342E-15 	
426.100036621094 	-1.40660000000207 	426.100036621094 	-2.82530714852928E-15 	
426.200012207031 	-1.39789999999994 	426.200012207031 	-2.81429814013149E-15 	
426.299987792969 	-1.39580000000205 	426.299987792969 	-2.8032891317337E-15 	
426.400024414063 	-1.39229999999952 	426.400024414063 	-2.79227340232956E-15 	
426.5 	-1.39960000000065 	426.5 	-2.78126439393177E-15 	
426.600036621094 	-1.39649999999892 	426.600036621094 	-2.77024866452763E-15 	
426.700012207031 	-1.39250000000175 	426.700012207031 	-2.75923965612984E-15 	
426.799987792969 	-1.38710000000356 	426.799987792969 	-2.74823064773205E-15 	
426.900024414063 	-1.39760000000024 	426.900024414063 	-2.73721491832791E-15 	
427 	-1.39680000000226 	427 	-2.72620590993012E-15 	
427.100036621094 	-1.38850000000093 	427.100036621094 	-2.71519018052599E-15 	
427.200012207031 	-1.39199999999983 	427.200012207031 	-2.7041811721282E-15 	
427.299987792969 	-1.39010000000053 	427.299987792969 	-2.69317216373041E-15 	
427.400024414063 	-1.38020000000324 	427.400024414063 	-2.68215643432627E-15 	
427.5 	-1.3689000000013 	427.5 	-2.67114742592848E-15 	
427.600036621094 	-1.36850000000049 	427.600036621094 	-2.66013169652434E-15 	
427.700012207031 	-1.37809999999808 	427.700012207031 	-2.64912268812655E-15 	
427.799987792969 	-1.36189999999988 	427.799987792969 	-2.63811367972876E-15 	
427.900024414063 	-1.35930000000008 	427.900024414063 	-2.62709795032462E-15 	
428 	-1.3579000000027 	428 	-2.61608894192683E-15 	
428.100036621094 	-1.34640000000218 	428.100036621094 	-2.6050732125227E-15 	
428.200012207031 	-1.34790000000066 	428.200012207031 	-2.59406420412491E-15 	
428.299987792969 	-1.35789999999906 	428.299987792969 	-2.58305519572712E-15 	
428.400024414063 	-1.3563000000031 	428.400024414063 	-2.57203946632298E-15 	
428.5 	-1.3582000000024 	428.5 	-2.56103045792519E-15 	
428.600036621094 	-1.36430000000109 	428.600036621094 	-2.55001472852105E-15 	
428.700012207031 	-1.36059999999998 	428.700012207031 	-2.53900572012326E-15 	
428.799987792969 	-1.36070000000109 	428.799987792969 	-2.52799671172547E-15 	
428.900024414063 	-1.35359999999855 	428.900024414063 	-2.51698098232133E-15 	
429 	-1.35490000000209 	429 	-2.50597197392354E-15 	
429.100036621094 	-1.35900000000038 	429.100036621094 	-2.49495624451941E-15 	
429.200012207031 	-1.36510000000271 	429.200012207031 	-2.48394723612162E-15 	
429.299987792969 	-1.36290000000008 	429.299987792969 	-2.47293822772383E-15 	
429.400024414063 	-1.36100000000079 	429.400024414063 	-2.46192249831969E-15 	
429.5 	-1.34870000000228 	429.5 	-2.4509134899219E-15 	
429.600036621094 	-1.35040000000299 	429.600036621094 	-2.43989776051776E-15 	
429.700012207031 	-1.35810000000129 	429.700012207031 	-2.42888875211997E-15 	
429.799987792969 	-1.35959999999977 	429.799987792969 	-2.41787974372218E-15 	
429.900024414063 	-1.35250000000087 	429.900024414063 	-2.40686401431804E-15 	
430 	-1.357600000003 	430 	-2.39585500592025E-15 	
430.100036621094 	-1.35040000000299 	430.100036621094 	-2.38483927651611E-15 	
430.200012207031 	-1.34430000000066 	430.200012207031 	-2.37383026811832E-15 	
430.299987792969 	-1.32949999999983 	430.299987792969 	-2.36282125972053E-15 	
430.400024414063 	-1.32159999999931 	430.400024414063 	-2.3518055303164E-15 	
430.5 	-1.31529999999839 	430.5 	-2.34079652191861E-15 	
430.600036621094 	-1.31880000000092 	430.600036621094 	-2.32978079251447E-15 	
430.700012207031 	-1.31170000000202 	430.700012207031 	-2.31877178411668E-15 	
430.799987792969 	-1.30040000000372 	430.799987792969 	-2.30776277571889E-15 	
430.900024414063 	-1.28900000000067 	430.900024414063 	-2.29674704631475E-15 	
431 	-1.28490000000238 	431 	-2.28573803791696E-15 	
431.100036621094 	-1.27839999999924 	431.100036621094 	-2.27472230851282E-15 	
431.200012207031 	-1.27560000000085 	431.200012207031 	-2.26371330011503E-15 	
431.299987792969 	-1.26920000000246 	431.299987792969 	-2.25270429171724E-15 	
431.400024414063 	-1.26190000000133 	431.400024414063 	-2.24168856231311E-15 	
431.5 	-1.26180000000022 	431.5 	-2.23067955391532E-15 	
431.600036621094 	-1.26660000000265 	431.600036621094 	-2.21966382451118E-15 	
431.700012207031 	-1.26510000000053 	431.700012207031 	-2.20865481611339E-15 	
431.799987792969 	-1.26499999999942 	431.799987792969 	-2.1976458077156E-15 	
431.900024414063 	-1.2554999999993 	431.900024414063 	-2.18663007831146E-15 	
432 	-1.2502999999997 	432 	-2.17562106991367E-15 	
432.100036621094 	-1.2455000000009 	432.100036621094 	-2.16460534050953E-15 	
432.200012207031 	-1.24780000000101 	432.200012207031 	-2.15359633211174E-15 	
432.299987792969 	-1.24250000000029 	432.299987792969 	-2.14258732371395E-15 	
432.400024414063 	-1.24300000000221 	432.400024414063 	-2.13157159430982E-15 	
432.5 	-1.24399999999878 	432.5 	-2.12056258591203E-15 	
432.600036621094 	-1.24699999999939 	432.600036621094 	-2.10954685650789E-15 	
432.700012207031 	-1.25140000000101 	432.700012207031 	-2.0985378481101E-15 	
432.799987792969 	-1.24409999999989 	432.799987792969 	-2.08752883971231E-15 	
432.900024414063 	-1.23619999999937 	432.900024414063 	-2.07651311030817E-15 	
433 	-1.23890000000029 	433 	-2.06550410191038E-15 	
433.100036621094 	-1.25360000000001 	433.100036621094 	-2.05448837250624E-15 	
433.200012207031 	-1.25460000000021 	433.200012207031 	-2.04347936410845E-15 	
433.299987792969 	-1.25880000000325 	433.299987792969 	-2.03247035571066E-15 	
433.400024414063 	-1.26510000000053 	433.400024414063 	-2.02145462630652E-15 	
433.5 	-1.27019999999902 	433.5 	-2.01044561790873E-15 	
433.600036621094 	-1.27130000000398 	433.600036621094 	-1.9994298885046E-15 	
433.700012207031 	-1.27350000000297 	433.700012207031 	-1.98842088010681E-15 	
433.799987792969 	-1.26550000000134 	433.799987792969 	-1.97741187170902E-15 	
433.900024414063 	-1.26470000000336 	433.900024414063 	-1.96639614230488E-15 	
434 	-1.26329999999871 	434 	-1.95538713390709E-15 	
434.100036621094 	-1.26199999999881 	434.100036621094 	-1.94437140450295E-15 	
434.200012207031 	-1.26150000000052 	434.200012207031 	-1.93336239610516E-15 	
434.299987792969 	-1.2554999999993 	434.299987792969 	-1.92235338770737E-15 	
434.400024414063 	-1.25720000000001 	434.400024414063 	-1.91133765830323E-15 	
434.5 	-1.26880000000165 	434.5 	-1.90032864990544E-15 	
434.600036621094 	-1.27080000000205 	434.600036621094 	-1.88931292050131E-15 	
434.700012207031 	-1.26699999999983 	434.700012207031 	-1.87830391210352E-15 	
434.799987792969 	-1.26450000000114 	434.799987792969 	-1.86729490370573E-15 	
434.900024414063 	-1.26340000000346 	434.900024414063 	-1.85627917430159E-15 	
435 	-1.25890000000072 	435 	-1.8452701659038E-15 	
435.100036621094 	-1.25500000000102 	435.100036621094 	-1.83425443649966E-15 	
435.200012207031 	-1.25670000000173 	435.200012207031 	-1.82324542810187E-15 	
435.299987792969 	-1.26810000000114 	435.299987792969 	-1.81223641970408E-15 	
435.400024414063 	-1.26759999999922 	435.400024414063 	-1.80122069029994E-15 	
435.5 	-1.27009999999791 	435.5 	-1.79021168190215E-15 	
435.600036621094 	-1.26880000000165 	435.600036621094 	-1.77919595249801E-15 	
435.700012207031 	-1.26800000000003 	435.700012207031 	-1.76818694410023E-15 	
435.799987792969 	-1.26840000000084 	435.799987792969 	-1.75717793570244E-15 	
435.900024414063 	-1.27260000000388 	435.900024414063 	-1.7461622062983E-15 	
436 	-1.27090000000317 	436 	-1.73515319790051E-15 	
436.100036621094 	-1.26920000000246 	436.100036621094 	-1.72413746849637E-15 	
436.200012207031 	-1.26560000000245 	436.200012207031 	-1.71312846009858E-15 	
436.299987792969 	-1.25960000000123 	436.299987792969 	-1.70211945170079E-15 	
436.400024414063 	-1.26120000000083 	436.400024414063 	-1.69110372229665E-15 	
436.5 	-1.2583999999988 	436.5 	-1.68009471389886E-15 	
436.600036621094 	-1.26710000000094 	436.600036621094 	-1.66907898449472E-15 	
436.700012207031 	-1.26740000000063 	436.700012207031 	-1.65806997609693E-15 	
436.799987792969 	-1.26650000000154 	436.799987792969 	-1.64706096769914E-15 	
436.900024414063 	-1.26770000000033 	436.900024414063 	-1.63604523829501E-15 	
437 	-1.26900000000387 	437 	-1.62503622989722E-15 	
437.100036621094 	-1.27460000000065 	437.100036621094 	-1.61402050049308E-15 	
437.200012207031 	-1.27620000000388 	437.200012207031 	-1.60301149209529E-15 	
437.299987792969 	-1.26800000000367 	437.299987792969 	-1.5920024836975E-15 	
437.400024414063 	-1.26230000000214 	437.400024414063 	-1.58098675429336E-15 	
437.5 	-1.26290000000154 	437.5 	-1.56997774589557E-15 	
437.600036621094 	-1.26060000000143 	437.600036621094 	-1.55896201649143E-15 	
437.700012207031 	-1.26109999999971 	437.700012207031 	-1.54795300809364E-15 	
437.799987792969 	-1.26380000000063 	437.799987792969 	-1.53694399969585E-15 	
437.900024414063 	-1.265199999998 	437.900024414063 	-1.52592827029172E-15 	
438 	-1.27590000000055 	438 	-1.51491926189393E-15 	
438.100036621094 	-1.27630000000136 	438.100036621094 	-1.50390353248979E-15 	
438.200012207031 	-1.26840000000084 	438.200012207031 	-1.492894524092E-15 	
438.299987792969 	-1.26250000000073 	438.299987792969 	-1.48188551569421E-15 	
438.400024414063 	-1.25990000000093 	438.400024414063 	-1.47086978629007E-15 	
438.5 	-1.25460000000021 	438.5 	-1.45986077789228E-15 	
438.600036621094 	-1.25219999999899 	438.600036621094 	-1.44884504848814E-15 	
438.700012207031 	-1.2510000000002 	438.700012207031 	-1.43783604009035E-15 	
438.799987792969 	-1.2523000000001 	438.799987792969 	-1.42682703169256E-15 	
438.900024414063 	-1.24650000000111 	438.900024414063 	-1.41581130228842E-15 	
439 	-1.2419000000009 	439 	-1.40480229389063E-15 	
439.100036621094 	-1.238400000002 	439.100036621094 	-1.3937865644865E-15 	
439.200012207031 	-1.24209999999948 	439.200012207031 	-1.38277755608871E-15 	
439.299987792969 	-1.24360000000161 	439.299987792969 	-1.37176854769092E-15 	
439.400024414063 	-1.24310000000332 	439.400024414063 	-1.36075281828678E-15 	
439.5 	-1.24350000000413 	439.5 	-1.34974380988899E-15 	
439.600036621094 	-1.24569999999949 	439.600036621094 	-1.33872808048485E-15 	
439.700012207031 	-1.24399999999878 	439.700012207031 	-1.32771907208706E-15 	
439.799987792969 	-1.23370000000068 	439.799987792969 	-1.31671006368927E-15 	
439.899963378906 	-1.22880000000441 	439.899963378906 	-1.30570105529148E-15 	
440.000061035156 	-1.22760000000198 	440.000061035156 	-1.294678604881E-15 	
440.100036621094 	-1.22260000000097 	440.100036621094 	-1.28366959648321E-15 	
440.200012207031 	-1.22300000000178 	440.200012207031 	-1.27266058808542E-15 	
440.299987792969 	-1.22100000000137 	440.299987792969 	-1.26165157968763E-15 	
440.399963378906 	-1.21389999999883 	440.399963378906 	-1.25064257128984E-15 	
440.500061035156 	-1.20809999999983 	440.500061035156 	-1.23962012087935E-15 	
440.600036621094 	-1.21610000000146 	440.600036621094 	-1.22861111248156E-15 	
440.700012207031 	-1.21540000000095 	440.700012207031 	-1.21760210408377E-15 	
440.799987792969 	-1.21420000000217 	440.799987792969 	-1.20659309568598E-15 	
440.899963378906 	-1.21510000000126 	440.899963378906 	-1.19558408728819E-15 	
441.000061035156 	-1.21420000000217 	441.000061035156 	-1.18456163687771E-15 	
441.100036621094 	-1.21380000000136 	441.100036621094 	-1.17355262847992E-15 	
441.200012207031 	-1.21449999999822 	441.200012207031 	-1.16254362008213E-15 	
441.299987792969 	-1.21190000000206 	441.299987792969 	-1.15153461168434E-15 	
441.399963378906 	-1.20800000000236 	441.399963378906 	-1.14052560328655E-15 	
441.500061035156 	-1.20890000000145 	441.500061035156 	-1.12950315287606E-15 	
441.600036621094 	-1.20850000000428 	441.600036621094 	-1.11849414447827E-15 	
441.700012207031 	-1.20390000000043 	441.700012207031 	-1.10748513608048E-15 	
441.799987792969 	-1.20439999999871 	441.799987792969 	-1.09647612768269E-15 	
441.899963378906 	-1.21039999999994 	441.899963378906 	-1.0854671192849E-15 	
442.000061035156 	-1.21119999999792 	442.000061035156 	-1.07444466887441E-15 	
442.100036621094 	-1.20700000000215 	442.100036621094 	-1.06343566047662E-15 	
442.200012207031 	-1.20630000000165 	442.200012207031 	-1.05242665207883E-15 	
442.299987792969 	-1.20940000000337 	442.299987792969 	-1.04141764368104E-15 	
442.399963378906 	-1.21310000000085 	442.399963378906 	-1.03040863528325E-15 	
442.500061035156 	-1.21970000000147 	442.500061035156 	-1.01938618487277E-15 	
442.600036621094 	-1.22079999999914 	442.600036621094 	-1.00837717647498E-15 	
442.700012207031 	-1.21930000000066 	442.700012207031 	-9.97368168077189E-16 	
442.799987792969 	-1.21440000000075 	442.799987792969 	-9.86359159679399E-16 	
442.899963378906 	-1.21359999999913 	442.899963378906 	-9.75350151281609E-16 	
443.000061035156 	-1.21510000000126 	443.000061035156 	-9.64327700871124E-16 	
443.100036621094 	-1.22360000000117 	443.100036621094 	-9.53318692473334E-16 	
443.200012207031 	-1.22920000000158 	443.200012207031 	-9.42309684075544E-16 	
443.299987792969 	-1.23140000000058 	443.299987792969 	-9.31300675677754E-16 	
443.399963378906 	-1.23810000000231 	443.399963378906 	-9.20291667279964E-16 	
443.500061035156 	-1.2390000000014 	443.500061035156 	-9.09269216869478E-16 	
443.600036621094 	-1.24360000000161 	443.600036621094 	-8.98260208471688E-16 	
443.700012207031 	-1.2458000000006 	443.700012207031 	-8.87251200073898E-16 	
443.799987792969 	-1.23800000000119 	443.799987792969 	-8.76242191676109E-16 	
443.899963378906 	-1.23849999999948 	443.899963378906 	-8.65233183278319E-16 	
444.000061035156 	-1.2419000000009 	444.000061035156 	-8.54210732867833E-16 	
444.100036621094 	-1.23519999999917 	444.100036621094 	-8.43201724470043E-16 	
444.200012207031 	-1.23020000000179 	444.200012207031 	-8.32192716072253E-16 	
444.299987792969 	-1.22810000000027 	444.299987792969 	-8.21183707674463E-16 	
444.399963378906 	-1.22399999999834 	444.399963378906 	-8.10174699276673E-16 	
444.500061035156 	-1.22639999999956 	444.500061035156 	-7.99152248866188E-16 	
444.600036621094 	-1.2316000000028 	444.600036621094 	-7.88143240468398E-16 	
444.700012207031 	-1.22260000000097 	444.700012207031 	-7.77134232070608E-16 	
444.799987792969 	-1.21890000000349 	444.799987792969 	-7.66125223672818E-16 	
444.899963378906 	-1.21630000000368 	444.899963378906 	-7.55116215275028E-16 	
445.000061035156 	-1.21560000000318 	445.000061035156 	-7.44093764864542E-16 	
445.100036621094 	-1.21810000000187 	445.100036621094 	-7.33084756466752E-16 	
445.200012207031 	-1.22040000000197 	445.200012207031 	-7.22075748068962E-16 	
445.299987792969 	-1.21680000000197 	445.299987792969 	-7.11066739671172E-16 	
445.399963378906 	-1.21840000000157 	445.399963378906 	-7.00057731273382E-16 	
445.500061035156 	-1.22300000000178 	445.500061035156 	-6.89035280862897E-16 	
445.600036621094 	-1.21389999999883 	445.600036621094 	-6.78026272465107E-16 	
445.700012207031 	-1.20980000000054 	445.700012207031 	-6.67017264067317E-16 	
445.799987792969 	-1.20980000000054 	445.799987792969 	-6.56008255669527E-16 	
445.899963378906 	-1.20340000000215 	445.899963378906 	-6.44999247271737E-16 	
446.000061035156 	-1.19470000000365 	446.000061035156 	-6.33976796861251E-16 	
446.100036621094 	-1.19460000000254 	446.100036621094 	-6.22967788463461E-16 	
446.200012207031 	-1.18720000000394 	446.200012207031 	-6.11958780065671E-16 	
446.299987792969 	-1.1830000000009 	446.299987792969 	-6.00949771667881E-16 	
446.399963378906 	-1.18249999999898 	446.399963378906 	-5.89940763270092E-16 	
446.500061035156 	-1.1830000000009 	446.500061035156 	-5.78918312859606E-16 	
446.600036621094 	-1.18289999999979 	446.600036621094 	-5.67909304461816E-16 	
446.700012207031 	-1.18310000000201 	446.700012207031 	-5.56900296064026E-16 	
446.799987792969 	-1.17870000000403 	446.799987792969 	-5.45891287666236E-16 	
446.899963378906 	-1.1765000000014 	446.899963378906 	-5.34882279268446E-16 	
447.000061035156 	-1.17380000000048 	447.000061035156 	-5.23859828857961E-16 	
447.100036621094 	-1.17309999999998 	447.100036621094 	-5.12850820460171E-16 	
447.200012207031 	-1.17190000000119 	447.200012207031 	-5.01841812062381E-16 	
447.299987792969 	-1.16970000000219 	447.299987792969 	-4.90832803664591E-16 	
447.399963378906 	-1.16550000000279 	447.399963378906 	-4.79823795266801E-16 	
447.500061035156 	-1.16349999999875 	447.500061035156 	-4.68801344856315E-16 	
447.600036621094 	-1.16389999999956 	447.600036621094 	-4.57792336458525E-16 	
447.700012207031 	-1.16020000000208 	447.700012207031 	-4.46783328060735E-16 	
447.799987792969 	-1.16340000000127 	447.799987792969 	-4.35774319662945E-16 	
447.899963378906 	-1.16539999999804 	447.899963378906 	-4.24765311265155E-16 	
448.000061035156 	-1.16330000000016 	448.000061035156 	-4.1374286085467E-16 	
448.100036621094 	-1.16340000000127 	448.100036621094 	-4.0273385245688E-16 	
448.200012207031 	-1.16100000000006 	448.200012207031 	-3.9172484405909E-16 	
448.299987792969 	-1.15840000000026 	448.299987792969 	-3.807158356613E-16 	
448.399963378906 	-1.16200000000026 	448.399963378906 	-3.6970682726351E-16 	
448.500061035156 	-1.16100000000006 	448.500061035156 	-3.58684376853024E-16 	
448.600036621094 	-1.16200000000026 	448.600036621094 	-3.47675368455234E-16 	
448.700012207031 	-1.16280000000188 	448.700012207031 	-3.36666360057444E-16 	
448.799987792969 	-1.15780000000086 	448.799987792969 	-3.25657351659654E-16 	
448.899963378906 	-1.15320000000065 	448.899963378906 	-3.14648343261865E-16 	
449.000061035156 	-1.15060000000085 	449.000061035156 	-3.03625892851379E-16 	
449.100036621094 	-1.14890000000014 	449.100036621094 	-2.92616884453589E-16 	
449.200012207031 	-1.14949999999953 	449.200012207031 	-2.81607876055799E-16 	
449.299987792969 	-1.15209999999934 	449.299987792969 	-2.70598867658009E-16 	
449.399963378906 	-1.15060000000085 	449.399963378906 	-2.59589859260219E-16 	
449.500061035156 	-1.14930000000095 	449.500061035156 	-2.48567408849734E-16 	
449.600036621094 	-1.15000000000146 	449.600036621094 	-2.37558400451944E-16 	
449.700012207031 	-1.15330000000176 	449.700012207031 	-2.26549392054154E-16 	
449.799987792969 	-1.15400000000227 	449.799987792969 	-2.15540383656364E-16 	
449.899963378906 	-1.15450000000055 	449.899963378906 	-2.04531375258574E-16 	
450.000061035156 	-1.15650000000096 	450.000061035156 	-1.93508924848088E-16 	
450.100036621094 	-1.16229999999996 	450.100036621094 	-1.82499916450298E-16 	
450.200012207031 	-1.16150000000198 	450.200012207031 	-1.71490908052508E-16 	
450.299987792969 	-1.16129999999976 	450.299987792969 	-1.60481899654718E-16 	
450.399963378906 	-1.15940000000046 	450.399963378906 	-1.49472891256928E-16 	
450.500061035156 	-1.15899999999965 	450.500061035156 	-1.38450440846443E-16 	
450.600036621094 	-1.15999999999985 	450.600036621094 	-1.27441432448653E-16 	
450.700012207031 	-1.15650000000096 	450.700012207031 	-1.16432424050863E-16 	
450.799987792969 	-1.15380000000368 	450.799987792969 	-1.05423415653073E-16 	
450.899963378906 	-1.15540000000328 	450.899963378906 	-9.44144072552829E-17 	
451.000061035156 	-1.15130000000136 	451.000061035156 	-8.33919568447973E-17 	
451.100036621094 	-1.15049999999974 	451.100036621094 	-7.23829484470073E-17 	
451.200012207031 	-1.14789999999994 	451.200012207031 	-6.13739400492174E-17 	
451.299987792969 	-1.14920000000347 	451.299987792969 	-5.03649316514275E-17 	
451.399963378906 	-1.14909999999873 	451.399963378906 	-3.93559232536375E-17 	
451.500061035156 	-1.14909999999873 	451.500061035156 	-2.83334728431519E-17 	
451.600036621094 	-1.14700000000084 	451.600036621094 	-1.73244644453619E-17 	
451.700012207031 	-1.14400000000023 	451.700012207031 	-7.74527865318226E-18 	
451.799987792969 	-1.14630000000034 	451.799987792969 	-7.7412458900891E-18 	
451.899963378906 	-1.14510000000155 	451.899963378906 	-7.73721312699593E-18 	
452.000061035156 	-1.14400000000387 	452.000061035156 	-7.73317543989411E-18 	
452.100036621094 	-1.14710000000196 	452.100036621094 	-7.72914267680094E-18 	
452.200012207031 	-1.14540000000125 	452.200012207031 	-7.72510991370778E-18 	
452.299987792969 	-1.14819999999963 	452.299987792969 	-7.72107715061461E-18 	
452.399963378906 	-1.14510000000155 	452.399963378906 	-7.71704438752145E-18 	
452.500061035156 	-1.14080000000104 	452.500061035156 	-7.71300670041962E-18 	
452.600036621094 	-1.14099999999962 	452.600036621094 	-7.70897393732646E-18 	
452.700012207031 	-1.13860000000204 	452.700012207031 	-7.7049411742333E-18 	
452.799987792969 	-1.13760000000184 	452.799987792969 	-7.70090841114013E-18 	
452.899963378906 	-1.14080000000104 	452.899963378906 	-7.69687564804697E-18 	
453.000061035156 	-1.13850000000457 	453.000061035156 	-7.69283796094514E-18 	
453.100036621094 	-1.13790000000154 	453.100036621094 	-7.68880519785198E-18 	
453.200012207031 	-1.13739999999962 	453.200012207031 	-7.68477243475881E-18 	
453.299987792969 	-1.1375999999982 	453.299987792969 	-7.68073967166565E-18 	
453.399963378906 	-1.13870000000315 	453.399963378906 	-7.67670690857248E-18 	
453.500061035156 	-1.1333999999988 	453.500061035156 	-7.67266922147066E-18 	
453.600036621094 	-1.13420000000042 	453.600036621094 	-7.66863645837749E-18 	
453.700012207031 	-1.134399999999 	453.700012207031 	-7.66460369528433E-18 	
453.799987792969 	-1.12930000000415 	453.799987792969 	-7.66057093219117E-18 	
453.899963378906 	-1.12620000000243 	453.899963378906 	-7.656538169098E-18 	
454.000061035156 	-1.12319999999818 	454.000061035156 	-7.65250048199618E-18 	
454.100036621094 	-1.11860000000161 	454.100036621094 	-7.64846771890301E-18 	
454.200012207031 	-1.1179000000011 	454.200012207031 	-7.64443495580985E-18 	
454.299987792969 	-1.11779999999999 	454.299987792969 	-7.64040219271668E-18 	
454.399963378906 	-1.1127000000015 	454.399963378906 	-7.63636942962352E-18 	
454.500061035156 	-1.10810000000129 	454.500061035156 	-7.63233174252169E-18 	
454.600036621094 	-1.10570000000007 	454.600036621094 	-7.62829897942853E-18 	
454.700012207031 	-1.10069999999905 	454.700012207031 	-7.62426621633537E-18 	
454.799987792969 	-1.10160000000178 	454.799987792969 	-7.6202334532422E-18 	
454.899963378906 	-1.10550000000148 	454.899963378906 	-7.61620069014904E-18 	
455.000061035156 	-1.10220000000118 	455.000061035156 	-7.61216300304721E-18 	
455.100036621094 	-1.10039999999935 	455.100036621094 	-7.60813023995405E-18 	
455.200012207031 	-1.09549999999945 	455.200012207031 	-7.60409747686088E-18 	
455.299987792969 	-1.09430000000066 	455.299987792969 	-7.60006471376772E-18 	
455.399963378906 	-1.09320000000298 	455.399963378906 	-7.59603195067456E-18 	
455.500061035156 	-1.09360000000015 	455.500061035156 	-7.59199426357273E-18 	
455.600036621094 	-1.09300000000076 	455.600036621094 	-7.58796150047957E-18 	
455.700012207031 	-1.08980000000156 	455.700012207031 	-7.5839287373864E-18 	
455.799987792969 	-1.08770000000368 	455.799987792969 	-7.57989597429324E-18 	
455.899963378906 	-1.09030000000348 	455.899963378906 	-7.57586321120007E-18 	
456.000061035156 	-1.08860000000277 	456.000061035156 	-7.57182552409825E-18 	
456.100036621094 	-1.08820000000196 	456.100036621094 	-7.56779276100508E-18 	
456.200012207031 	-1.09270000000106 	456.200012207031 	-7.56375999791192E-18 	
456.299987792969 	-1.08790000000226 	456.299987792969 	-7.55972723481875E-18 	
456.399963378906 	-1.08699999999953 	456.399963378906 	-7.55569447172559E-18 	
456.500061035156 	-1.08670000000347 	456.500061035156 	-7.55165678462376E-18 	
456.600036621094 	-1.08380000000034 	456.600036621094 	-7.5476240215306E-18 	
456.700012207031 	-1.08380000000034 	456.700012207031 	-7.54359125843744E-18 	
456.799987792969 	-1.08250000000044 	456.799987792969 	-7.53955849534427E-18 	
456.899963378906 	-1.08230000000185 	456.899963378906 	-7.53552573225111E-18 	
457.000061035156 	-1.08199999999852 	457.000061035156 	-7.53148804514928E-18 	
457.100036621094 	-1.08469999999943 	457.100036621094 	-7.52745528205612E-18 	
457.200012207031 	-1.08410000000003 	457.200012207031 	-7.52342251896295E-18 	
457.299987792969 	-1.08629999999903 	457.299987792969 	-7.51938975586979E-18 	
457.399963378906 	-1.08680000000095 	457.399963378906 	-7.51535699277663E-18 	
457.500061035156 	-1.08510000000024 	457.500061035156 	-7.5113193056748E-18 	
457.600036621094 	-1.08750000000146 	457.600036621094 	-7.50728654258164E-18 	
457.700012207031 	-1.08959999999934 	457.700012207031 	-7.50325377948847E-18 	
457.799987792969 	-1.09090000000288 	457.799987792969 	-7.49922101639531E-18 	
457.899963378906 	-1.09440000000177 	457.899963378906 	-7.49518825330214E-18 	
458.000061035156 	-1.08870000000024 	458.000061035156 	-7.49115056620032E-18 	
458.100036621094 	-1.08920000000217 	458.100036621094 	-7.48711780310715E-18 	
458.200012207031 	-1.08399999999892 	458.200012207031 	-7.48308504001399E-18 	
458.299987792969 	-1.08440000000337 	458.299987792969 	-7.47905227692083E-18 	
458.399963378906 	-1.09080000000176 	458.399963378906 	-7.47501951382766E-18 	
458.500061035156 	-1.09270000000106 	458.500061035156 	-7.47098182672584E-18 	
458.600036621094 	-1.09360000000379 	458.600036621094 	-7.46694906363267E-18 	
458.700012207031 	-1.09960000000137 	458.700012207031 	-7.46291630053951E-18 	
458.799987792969 	-1.1027000000031 	458.799987792969 	-7.45888353744634E-18 	
458.899963378906 	-1.10070000000269 	458.899963378906 	-7.45485077435318E-18 	
459.000061035156 	-1.10120000000097 	459.000061035156 	-7.45081308725135E-18 	
459.100036621094 	-1.104000000003 	459.100036621094 	-7.44678032415819E-18 	
459.200012207031 	-1.10390000000189 	459.200012207031 	-7.44274756106503E-18 	
459.299987792969 	-1.10369999999966 	459.299987792969 	-7.43871479797186E-18 	
459.399963378906 	-1.10350000000108 	459.399963378906 	-7.4346820348787E-18 	
459.500061035156 	-1.10260000000198 	459.500061035156 	-7.43064434777687E-18 	
459.600036621094 	-1.10160000000178 	459.600036621094 	-7.42661158468371E-18 	
459.700012207031 	-1.10390000000189 	459.700012207031 	-7.42257882159054E-18 	
459.799987792969 	-1.1056000000026 	459.799987792969 	-7.41854605849738E-18 	
459.899963378906 	-1.10930000000008 	459.899963378906 	-7.41451329540421E-18 	
460.000061035156 	-1.11119999999937 	460.000061035156 	-7.41047560830239E-18 	
460.100036621094 	-1.10880000000179 	460.100036621094 	-7.40644284520922E-18 	
460.200012207031 	-1.10910000000149 	460.200012207031 	-7.40241008211606E-18 	
460.299987792969 	-1.11090000000331 	460.299987792969 	-7.3983773190229E-18 	
460.399963378906 	-1.10699999999997 	460.399963378906 	-7.39434455592973E-18 	
460.500061035156 	-1.1021000000037 	460.500061035156 	-7.39030686882791E-18 	
460.600036621094 	-1.1050000000032 	460.600036621094 	-7.38627410573474E-18 	
460.700012207031 	-1.1053000000029 	460.700012207031 	-7.38224134264158E-18 	
460.799987792969 	-1.10440000000017 	460.799987792969 	-7.37820857954841E-18 	
460.899963378906 	-1.10410000000047 	460.899963378906 	-7.37417581645525E-18 	
461.000061035156 	-1.10260000000198 	461.000061035156 	-7.37013812935342E-18 	
461.100036621094 	-1.10150000000067 	461.100036621094 	-7.36610536626026E-18 	
461.200012207031 	-1.1008000000038 	461.200012207031 	-7.3620726031671E-18 	
461.299987792969 	-1.09939999999915 	461.299987792969 	-7.35803984007393E-18 	
461.399963378906 	-1.1034000000036 	461.399963378906 	-7.35400707698077E-18 	
461.500061035156 	-1.10310000000027 	461.500061035156 	-7.34996938987894E-18 	
461.600036621094 	-1.1037000000033 	461.600036621094 	-7.34593662678578E-18 	
461.700012207031 	-1.10090000000127 	461.700012207031 	-7.34190386369261E-18 	
461.799987792969 	-1.0998000000036 	461.799987792969 	-7.33787110059945E-18 	
461.899963378906 	-1.10050000000047 	461.899963378906 	-7.33383833750629E-18 	
462.000061035156 	-1.09590000000026 	462.000061035156 	-7.32980065040446E-18 	
462.100036621094 	-1.09310000000187 	462.100036621094 	-7.3257678873113E-18 	
462.200012207031 	-1.09120000000257 	462.200012207031 	-7.32173512421813E-18 	
462.299987792969 	-1.09130000000005 	462.299987792969 	-7.31770236112497E-18 	
462.399963378906 	-1.08840000000055 	462.399963378906 	-7.3136695980318E-18 	
462.500061035156 	-1.08740000000034 	462.500061035156 	-7.30963191092998E-18 	
462.600036621094 	-1.08290000000125 	462.600036621094 	-7.30559914783681E-18 	
462.700012207031 	-1.07579999999871 	462.700012207031 	-7.30156638474365E-18 	
462.799987792969 	-1.07190000000264 	462.799987792969 	-7.29753362165048E-18 	
462.899963378906 	-1.07470000000103 	462.899963378906 	-7.29350085855732E-18 	
463.000061035156 	-1.07690000000002 	463.000061035156 	-7.28946317145549E-18 	
463.100036621094 	-1.07940000000235 	463.100036621094 	-7.28543040836233E-18 	
463.200012207031 	-1.07649999999921 	463.200012207031 	-7.28139764526917E-18 	
463.299987792969 	-1.07300000000032 	463.299987792969 	-7.277364882176E-18 	
463.399963378906 	-1.07280000000173 	463.399963378906 	-7.27333211908284E-18 	
463.500061035156 	-1.07350000000224 	463.500061035156 	-7.26929443198101E-18 	
463.600036621094 	-1.07259999999951 	463.600036621094 	-7.26526166888785E-18 	
463.700012207031 	-1.06830000000264 	463.700012207031 	-7.26122890579468E-18 	
463.799987792969 	-1.06850000000122 	463.799987792969 	-7.25719614270152E-18 	
463.899963378906 	-1.07170000000406 	463.899963378906 	-7.25316337960836E-18 	
464.000061035156 	-1.07079999999769 	464.000061035156 	-7.24912569250653E-18 	
464.100036621094 	-1.07289999999921 	464.100036621094 	-7.24509292941337E-18 	
464.200012207031 	-1.07070000000385 	464.200012207031 	-7.2410601663202E-18 	
464.299987792969 	-1.06980000000112 	464.299987792969 	-7.23702740322704E-18 	
464.399963378906 	-1.07170000000042 	464.399963378906 	-7.23299464013387E-18 	
464.500061035156 	-1.07080000000133 	464.500061035156 	-7.22895695303205E-18 	
464.600036621094 	-1.07200000000012 	464.600036621094 	-7.22492418993888E-18 	
464.700012207031 	-1.06760000000213 	464.700012207031 	-7.22089142684572E-18 	
464.799987792969 	-1.0622000000003 	464.799987792969 	-7.21685866375256E-18 	
464.899963378906 	-1.0614999999998 	464.899963378906 	-7.21282590065939E-18 	
465.000061035156 	-1.0627999999997 	465.000061035156 	-7.20878821355757E-18 	
465.100036621094 	-1.0609000000004 	465.100036621094 	-7.2047554504644E-18 	
465.200012207031 	-1.06030000000101 	465.200012207031 	-7.20072268737124E-18 	
465.299987792969 	-1.06259999999747 	465.299987792969 	-7.19668992427807E-18 	
465.399963378906 	-1.06400000000212 	465.399963378906 	-7.19265716118491E-18 	
465.500061035156 	-1.06309999999939 	465.500061035156 	-7.18861947408308E-18 	
465.600036621094 	-1.0570000000007 	465.600036621094 	-7.18458671098992E-18 	
465.700012207031 	-1.05390000000261 	465.700012207031 	-7.18055394789676E-18 	
465.799987792969 	-1.0515000000014 	465.799987792969 	-7.17652118480359E-18 	
465.899963378906 	-1.05390000000261 	465.899963378906 	-7.17248842171043E-18 	
466.000061035156 	-1.05359999999928 	466.000061035156 	-7.1684507346086E-18 	
466.100036621094 	-1.04790000000139 	466.100036621094 	-7.16441797151544E-18 	
466.200012207031 	-1.04790000000139 	466.200012207031 	-7.16038520842227E-18 	
466.299987792969 	-1.04400000000169 	466.299987792969 	-7.15635244532911E-18 	
466.399963378906 	-1.04139999999825 	466.399963378906 	-7.15231968223594E-18 	
466.500061035156 	-1.03900000000067 	466.500061035156 	-7.14828199513412E-18 	
466.600036621094 	-1.03819999999905 	466.600036621094 	-7.14424923204095E-18 	
466.700012207031 	-1.04219999999987 	466.700012207031 	-7.14021646894779E-18 	
466.799987792969 	-1.04449999999997 	466.799987792969 	-7.13618370585463E-18 	
466.899963378906 	-1.04769999999917 	466.899963378906 	-7.13215094276146E-18 	
467.000061035156 	-1.04950000000099 	467.000061035156 	-7.12811325565964E-18 	
467.100036621094 	-1.05099999999948 	467.100036621094 	-7.12408049256647E-18 	
467.200012207031 	-1.04969999999958 	467.200012207031 	-7.12004772947331E-18 	
467.299987792969 	-1.0480000000025 	467.299987792969 	-7.11601496638014E-18 	
467.399963378906 	-1.04809999999998 	467.399963378906 	-7.11198220328698E-18 	
467.500061035156 	-1.04770000000281 	467.500061035156 	-7.10794451618515E-18 	
467.600036621094 	-1.04840000000331 	467.600036621094 	-7.10391175309199E-18 	
467.700012207031 	-1.04890000000159 	467.700012207031 	-7.09987898999883E-18 	
467.799987792969 	-1.0499000000018 	467.799987792969 	-7.09584622690566E-18 	
467.899963378906 	-1.04780000000392 	467.899963378906 	-7.0918134638125E-18 	
468.000061035156 	-1.04560000000129 	468.000061035156 	-7.08777577671067E-18 	
468.100036621094 	-1.04290000000037 	468.100036621094 	-7.08374301361751E-18 	
468.200012207031 	-1.03970000000118 	468.200012207031 	-7.07971025052434E-18 	
468.299987792969 	-1.03789999999935 	468.299987792969 	-7.07567748743118E-18 	
468.399963378906 	-1.03360000000248 	468.399963378906 	-7.07164472433802E-18 	
468.500061035156 	-1.03560000000289 	468.500061035156 	-7.06760703723619E-18 	
468.600036621094 	-1.03710000000137 	468.600036621094 	-7.06357427414303E-18 	
468.700012207031 	-1.03630000000339 	468.700012207031 	-7.05954151104986E-18 	
468.799987792969 	-1.03640000000087 	468.799987792969 	-7.0555087479567E-18 	
468.899963378906 	-1.03879999999845 	468.899963378906 	-7.05147598486353E-18 	
469.000061035156 	-1.04130000000077 	469.000061035156 	-7.04743829776171E-18 	
469.100036621094 	-1.04400000000169 	469.100036621094 	-7.04340553466854E-18 	
469.200012207031 	-1.04290000000037 	469.200012207031 	-7.03937277157538E-18 	
469.299987792969 	-1.04409999999916 	469.299987792969 	-7.03534000848221E-18 	
469.399963378906 	-1.04449999999997 	469.399963378906 	-7.03130724538905E-18 	
469.500061035156 	-1.04539999999906 	469.500061035156 	-7.02726955828722E-18 	
469.600036621094 	-1.04170000000158 	469.600036621094 	-7.02323679519406E-18 	
469.700012207031 	-1.03880000000208 	469.700012207031 	-7.0192040321009E-18 	
469.799987792969 	-1.03810000000158 	469.799987792969 	-7.01517126900773E-18 	
469.899963378906 	-1.03500000000349 	469.899963378906 	-7.01113850591457E-18 	
470.000061035156 	-1.03570000000036 	470.000061035156 	-7.00710081881274E-18 	
470.100036621094 	-1.03700000000026 	470.100036621094 	-7.00306805571958E-18 	
470.200012207031 	-1.03640000000087 	470.200012207031 	-6.99903529262641E-18 	
470.299987792969 	-1.03760000000329 	470.299987792969 	-6.99500252953325E-18 	
470.399963378906 	-1.03610000000117 	470.399963378906 	-6.99096976644008E-18 	
470.500061035156 	-1.03710000000137 	470.500061035156 	-6.98693207933826E-18 	
470.600036621094 	-1.04019999999946 	470.600036621094 	-6.9828993162451E-18 	
470.700012207031 	-1.04190000000017 	470.700012207031 	-6.97886655315193E-18 	
470.799987792969 	-1.04139999999825 	470.799987792969 	-6.97483379005877E-18 	
470.899963378906 	-1.04300000000148 	470.899963378906 	-6.9708010269656E-18 	
471.000061035156 	-1.04390000000058 	471.000061035156 	-6.96676333986378E-18 	
471.100036621094 	-1.04300000000148 	471.100036621094 	-6.96273057677061E-18 	
471.200012207031 	-1.04320000000007 	471.200012207031 	-6.95869781367745E-18 	
471.299987792969 	-1.04240000000209 	471.299987792969 	-6.95466505058429E-18 	
471.399963378906 	-1.0402000000031 	471.399963378906 	-6.95063228749112E-18 	
471.500061035156 	-1.04079999999885 	471.500061035156 	-6.9465946003893E-18 	
471.600036621094 	-1.04050000000279 	471.600036621094 	-6.94256183729613E-18 	
471.700012207031 	-1.04089999999997 	471.700012207031 	-6.93852907420297E-18 	
471.799987792969 	-1.03789999999935 	471.799987792969 	-6.9344963111098E-18 	
471.899963378906 	-1.03650000000198 	471.899963378906 	-6.93046354801664E-18 	
472.000061035156 	-1.03540000000066 	472.000061035156 	-6.92642586091481E-18 	
472.100036621094 	-1.03589999999895 	472.100036621094 	-6.92239309782165E-18 	
472.200012207031 	-1.03920000000289 	472.200012207031 	-6.91836033472848E-18 	
472.299987792969 	-1.0418000000027 	472.299987792969 	-6.91432757163532E-18 	
472.399963378906 	-1.0431000000026 	472.399963378906 	-6.91029480854216E-18 	
472.500061035156 	-1.04350000000341 	472.500061035156 	-6.90625712144033E-18 	
472.600036621094 	-1.04290000000401 	472.600036621094 	-6.90222435834717E-18 	
472.700012207031 	-1.04200000000128 	472.700012207031 	-6.898191595254E-18 	
472.799987792969 	-1.03900000000067 	472.799987792969 	-6.89415883216084E-18 	
472.899963378906 	-1.04010000000198 	472.899963378906 	-6.89012606906767E-18 	
473.000061035156 	-1.04040000000168 	473.000061035156 	-6.88608838196585E-18 	
473.100036621094 	-1.04200000000128 	473.100036621094 	-6.88205561887268E-18 	
473.200012207031 	-1.0438000000031 	473.200012207031 	-6.87802285577952E-18 	
473.299987792969 	-1.045100000003 	473.299987792969 	-6.87399009268636E-18 	
473.399963378906 	-1.04039999999804 	473.399963378906 	-6.86995732959319E-18 	
473.500061035156 	-1.04160000000047 	473.500061035156 	-6.86591964249137E-18 	
473.600036621094 	-1.04339999999866 	473.600036621094 	-6.8618868793982E-18 	
473.700012207031 	-1.04869999999937 	473.700012207031 	-6.85785411630504E-18 	
473.799987792969 	-1.04780000000028 	473.799987792969 	-6.85382135321187E-18 	
473.899963378906 	-1.04590000000098 	473.899963378906 	-6.84978859011871E-18 	
474.000061035156 	-1.04820000000109 	474.000061035156 	-6.84575090301688E-18 	
474.100036621094 	-1.04680000000008 	474.100036621094 	-6.84171813992372E-18 	
474.200012207031 	-1.04520000000048 	474.200012207031 	-6.83768537683056E-18 	
474.299987792969 	-1.04430000000139 	474.299987792969 	-6.83365261373739E-18 	
474.399963378906 	-1.04470000000219 	474.399963378906 	-6.82961985064423E-18 	
474.500061035156 	-1.04349999999977 	474.500061035156 	-6.8255821635424E-18 	
474.600036621094 	-1.0502000000015 	474.600036621094 	-6.82154940044924E-18 	
474.700012207031 	-1.04720000000088 	474.700012207031 	-6.81751663735607E-18 	
474.799987792969 	-1.04430000000139 	474.799987792969 	-6.81348387426291E-18 	
474.899963378906 	-1.04390000000058 	474.899963378906 	-6.80945111116974E-18 	
475.000061035156 	-1.04490000000078 	475.000061035156 	-6.80541342406792E-18 	
475.100036621094 	-1.04350000000341 	475.100036621094 	-6.80138066097476E-18 	
475.200012207031 	-1.04390000000058 	475.200012207031 	-6.79734789788159E-18 	
475.299987792969 	-1.04520000000048 	475.299987792969 	-6.79331513478843E-18 	
475.399963378906 	-1.04170000000158 	475.399963378906 	-6.78928237169526E-18 	
475.500061035156 	-1.04230000000098 	475.500061035156 	-6.78524468459344E-18 	
475.600036621094 	-1.04599999999846 	475.600036621094 	-6.78121192150027E-18 	
475.700012207031 	-1.04530000000159 	475.700012207031 	-6.77717915840711E-18 	
475.799987792969 	-1.05029999999897 	475.799987792969 	-6.77314639531394E-18 	
475.899963378906 	-1.0525000000016 	475.899963378906 	-6.76911363222078E-18 	
476.000061035156 	-1.0499000000018 	476.000061035156 	-6.76507594511895E-18 	
476.100036621094 	-1.05080000000089 	476.100036621094 	-6.76104318202579E-18 	
476.200012207031 	-1.0538000000015 	476.200012207031 	-6.75701041893263E-18 	
476.299987792969 	-1.05500000000029 	476.299987792969 	-6.75297765583946E-18 	
476.399963378906 	-1.05740000000151 	476.399963378906 	-6.7489448927463E-18 	
476.500061035156 	-1.05889999999999 	476.500061035156 	-6.74490720564447E-18 	
476.600036621094 	-1.06160000000091 	476.600036621094 	-6.74087444255131E-18 	
476.700012207031 	-1.06210000000283 	476.700012207031 	-6.73684167945814E-18 	
476.799987792969 	-1.06320000000051 	476.799987792969 	-6.73280891636498E-18 	
476.899963378906 	-1.06070000000182 	476.899963378906 	-6.72877615327182E-18 	
477.000061035156 	-1.06309999999939 	477.000061035156 	-6.72473846616999E-18 	
477.100036621094 	-1.06459999999788 	477.100036621094 	-6.72070570307683E-18 	
477.200012207031 	-1.06330000000162 	477.200012207031 	-6.71667293998366E-18 	
477.299987792969 	-1.06179999999949 	477.299987792969 	-6.7126401768905E-18 	
477.399963378906 	-1.05949999999939 	477.399963378906 	-6.70860741379733E-18 	
477.500061035156 	-1.0593000000008 	477.500061035156 	-6.70456972669551E-18 	
477.600036621094 	-1.05400000000373 	477.600036621094 	-6.70053696360234E-18 	
477.700012207031 	-1.05290000000241 	477.700012207031 	-6.69650420050918E-18 	
477.799987792969 	-1.05429999999978 	477.799987792969 	-6.69247143741602E-18 	
477.899963378906 	-1.05630000000019 	477.899963378906 	-6.68843867432285E-18 	
478.000061035156 	-1.05820000000313 	478.000061035156 	-6.68440098722102E-18 	
478.100036621094 	-1.05689999999959 	478.100036621094 	-6.68036822412786E-18 	
478.200012207031 	-1.0577000000012 	478.200012207031 	-6.6763354610347E-18 	
478.299987792969 	-1.0586000000003 	478.299987792969 	-6.67230269794153E-18 	
478.399963378906 	-1.05600000000049 	478.399963378906 	-6.66826993484837E-18 	
478.500061035156 	-1.0557000000008 	478.500061035156 	-6.66423224774654E-18 	
478.600036621094 	-1.05210000000079 	478.600036621094 	-6.66019948465338E-18 	
478.700012207031 	-1.05069999999978 	478.700012207031 	-6.65616672156021E-18 	
478.799987792969 	-1.05390000000261 	478.799987792969 	-6.65213395846705E-18 	
478.899963378906 	-1.05680000000211 	478.899963378906 	-6.64810119537389E-18 	
479.000061035156 	-1.06049999999959 	479.000061035156 	-6.64406350827206E-18 	
479.100036621094 	-1.05520000000251 	479.100036621094 	-6.6400307451789E-18 	
479.200012207031 	-1.05590000000302 	479.200012207031 	-6.63599798208573E-18 	
479.299987792969 	-1.05620000000272 	479.299987792969 	-6.63196521899257E-18 	
479.399963378906 	-1.05549999999857 	479.399963378906 	-6.6279324558994E-18 	
479.500061035156 	-1.05700000000434 	479.500061035156 	-6.62389476879758E-18 	
479.600036621094 	-1.05900000000111 	479.600036621094 	-6.61986200570441E-18 	
479.700012207031 	-1.05870000000141 	479.700012207031 	-6.61582924261125E-18 	
479.799987792969 	-1.06050000000323 	479.799987792969 	-6.61179647951809E-18 	
479.899963378906 	-1.06050000000323 	479.899963378906 	-6.60776371642492E-18 	
480.000061035156 	-1.06210000000283 	480.000061035156 	-6.6037260293231E-18 	
480.100036621094 	-1.06229999999778 	480.100036621094 	-6.59969326622993E-18 	
480.200012207031 	-1.0583000000006 	480.200012207031 	-6.59566050313677E-18 	
480.299987792969 	-1.0583000000006 	480.299987792969 	-6.5916277400436E-18 	
480.399963378906 	-1.06190000000061 	480.399963378906 	-6.58759497695044E-18 	
480.500061035156 	-1.06109999999899 	480.500061035156 	-6.58355728984861E-18 	
480.600036621094 	-1.0625 	480.600036621094 	-6.57952452675545E-18 	
480.700012207031 	-1.06209999999919 	480.700012207031 	-6.57549176366229E-18 	
480.799987792969 	-1.06200000000172 	480.799987792969 	-6.57145900056912E-18 	
480.899963378906 	-1.05940000000192 	480.899963378906 	-6.56742623747596E-18 	
481.000061035156 	-1.06130000000121 	481.000061035156 	-6.56338855037413E-18 	
481.100036621094 	-1.05900000000111 	481.100036621094 	-6.55935578728097E-18 	
481.200012207031 	-1.05680000000211 	481.200012207031 	-6.5553230241878E-18 	
481.299987792969 	-1.05340000000069 	481.299987792969 	-6.55129026109464E-18 	
481.399963378906 	-1.05620000000272 	481.399963378906 	-6.54725749800147E-18 	
481.500061035156 	-1.05140000000029 	481.500061035156 	-6.54321981089965E-18 	
481.600036621094 	-1.04709999999977 	481.600036621094 	-6.53918704780648E-18 	
481.700012207031 	-1.04560000000129 	481.700012207031 	-6.53515428471332E-18 	
481.799987792969 	-1.0457000000024 	481.799987792969 	-6.53112152162016E-18 	
481.899963378906 	-1.04770000000281 	481.899963378906 	-6.52708875852699E-18 	
482.000061035156 	-1.04760000000169 	482.000061035156 	-6.52305107142517E-18 	
482.100036621094 	-1.04970000000321 	482.100036621094 	-6.519018308332E-18 	
482.200012207031 	-1.04690000000119 	482.200012207031 	-6.51498554523884E-18 	
482.299987792969 	-1.04850000000079 	482.299987792969 	-6.51095278214567E-18 	
482.399963378906 	-1.04980000000069 	482.399963378906 	-6.50692001905251E-18 	
482.500061035156 	-1.05360000000292 	482.500061035156 	-6.50288233195069E-18 	
482.600036621094 	-1.0512000000017 	482.600036621094 	-6.49884956885752E-18 	
482.700012207031 	-1.05360000000292 	482.700012207031 	-6.49481680576436E-18 	
482.799987792969 	-1.05580000000191 	482.799987792969 	-6.49078404267119E-18 	
482.899963378906 	-1.0554000000011 	482.899963378906 	-6.48675127957803E-18 	
483.000061035156 	-1.05900000000111 	483.000061035156 	-6.4827135924762E-18 	
483.100036621094 	-1.06170000000202 	483.100036621094 	-6.47868082938304E-18 	
483.200012207031 	-1.05939999999828 	483.200012207031 	-6.47464806628987E-18 	
483.299987792969 	-1.05760000000373 	483.299987792969 	-6.47061530319671E-18 	
483.399963378906 	-1.05790000000343 	483.399963378906 	-6.46658254010355E-18 	
483.500061035156 	-1.0577000000012 	483.500061035156 	-6.46254485300172E-18 	
483.600036621094 	-1.0577000000012 	483.600036621094 	-6.45851208990856E-18 	
483.700012207031 	-1.05449999999837 	483.700012207031 	-6.45447932681539E-18 	
483.799987792969 	-1.05419999999867 	483.799987792969 	-6.45044656372223E-18 	
483.899963378906 	-1.05550000000221 	483.899963378906 	-6.44641380062906E-18 	
484.000061035156 	-1.05069999999978 	484.000061035156 	-6.44237611352724E-18 	
484.100036621094 	-1.04890000000159 	484.100036621094 	-6.43834335043407E-18 	
484.200012207031 	-1.04339999999866 	484.200012207031 	-6.43431058734091E-18 	
484.299987792969 	-1.04580000000351 	484.299987792969 	-6.43027782424774E-18 	
484.399963378906 	-1.050900000002 	484.399963378906 	-6.42624506115458E-18 	
484.500061035156 	-1.04880000000048 	484.500061035156 	-6.42220737405276E-18 	
484.600036621094 	-1.04760000000169 	484.600036621094 	-6.41817461095959E-18 	
484.700012207031 	-1.04929999999877 	484.700012207031 	-6.41414184786643E-18 	
484.799987792969 	-1.04750000000058 	484.799987792969 	-6.41010908477326E-18 	
484.899963378906 	-1.04370000000199 	484.899963378906 	-6.4060763216801E-18 	
485.000061035156 	-1.04130000000077 	485.000061035156 	-6.40203863457827E-18 	
485.100036621094 	-1.04439999999886 	485.100036621094 	-6.39800587148511E-18 	
485.200012207031 	-1.03970000000118 	485.200012207031 	-6.39397310839194E-18 	
485.299987792969 	-1.03980000000229 	485.299987792969 	-6.38994034529878E-18 	
485.399963378906 	-1.04010000000198 	485.399963378906 	-6.38590758220562E-18 	
485.500061035156 	-1.04190000000381 	485.500061035156 	-6.38186989510379E-18 	
485.600036621094 	-1.03850000000239 	485.600036621094 	-6.37783713201063E-18 	
485.700012207031 	-1.03570000000036 	485.700012207031 	-6.37380436891746E-18 	
485.799987792969 	-1.03940000000148 	485.799987792969 	-6.3697716058243E-18 	
485.899963378906 	-1.04230000000098 	485.899963378906 	-6.36573884273113E-18 	
486.000061035156 	-1.03910000000178 	486.000061035156 	-6.36170115562931E-18 	
486.100036621094 	-1.03970000000118 	486.100036621094 	-6.35766839253614E-18 	
486.200012207031 	-1.03920000000289 	486.200012207031 	-6.35363562944298E-18 	
486.299987792969 	-1.04140000000189 	486.299987792969 	-6.34960286634982E-18 	
486.399963378906 	-1.04089999999997 	486.399963378906 	-6.34557010325665E-18 	
486.500061035156 	-1.04100000000108 	486.500061035156 	-6.34153241615483E-18 	
486.600036621094 	-1.04209999999875 	486.600036621094 	-6.33749965306166E-18 	
486.700012207031 	-1.03909999999814 	486.700012207031 	-6.3334668899685E-18 	
486.799987792969 	-1.04030000000057 	486.799987792969 	-6.32943412687533E-18 	
486.899963378906 	-1.04260000000068 	486.899963378906 	-6.32540136378217E-18 	
487.000061035156 	-1.04590000000462 	487.000061035156 	-6.32136367668034E-18 	
487.100036621094 	-1.0444000000025 	487.100036621094 	-6.31733091358718E-18 	
487.200012207031 	-1.0425000000032 	487.200012207031 	-6.31329815049401E-18 	
487.299987792969 	-1.04050000000279 	487.299987792969 	-6.30926538740085E-18 	
487.399963378906 	-1.03760000000329 	487.399963378906 	-6.30523262430769E-18 	
487.500061035156 	-1.03410000000076 	487.500061035156 	-6.30119493720586E-18 	
487.600036621094 	-1.03889999999956 	487.600036621094 	-6.2971621741127E-18 	
487.700012207031 	-1.03680000000168 	487.700012207031 	-6.29312941101953E-18 	
487.799987792969 	-1.03790000000299 	487.799987792969 	-6.28909664792637E-18 	
487.899963378906 	-1.03350000000137 	487.899963378906 	-6.2850638848332E-18 	
488.000061035156 	-1.03399999999965 	488.000061035156 	-6.28102619773138E-18 	
488.100036621094 	-1.03299999999945 	488.100036621094 	-6.27699343463821E-18 	
488.200012207031 	-1.02840000000288 	488.200012207031 	-6.27296067154505E-18 	
488.299987792969 	-1.02769999999873 	488.299987792969 	-6.26892790845189E-18 	
488.399963378906 	-1.02699999999822 	488.399963378906 	-6.26489514535872E-18 	
488.500061035156 	-1.02620000000388 	488.500061035156 	-6.2608574582569E-18 	
488.600036621094 	-1.02540000000226 	488.600036621094 	-6.25682469516373E-18 	
488.700012207031 	-1.02800000000207 	488.700012207031 	-6.25279193207057E-18 	
488.799987792969 	-1.02710000000297 	488.799987792969 	-6.2487591689774E-18 	
488.899963378906 	-1.02600000000166 	488.899963378906 	-6.24472640588424E-18 	
489.000061035156 	-1.02410000000236 	489.000061035156 	-6.24068871878241E-18 	
489.100036621094 	-1.02630000000136 	489.100036621094 	-6.23665595568925E-18 	
489.200012207031 	-1.02820000000065 	489.200012207031 	-6.23262319259609E-18 	
489.299987792969 	-1.03060000000187 	489.299987792969 	-6.22859042950292E-18 	
489.399963378906 	-1.03330000000278 	489.399963378906 	-6.22455766640976E-18 	
489.500061035156 	-1.03429999999935 	489.500061035156 	-6.22051997930793E-18 	
489.600036621094 	-1.03390000000218 	489.600036621094 	-6.21648721621477E-18 	
489.700012207031 	-1.03530000000319 	489.700012207031 	-6.2124544531216E-18 	
489.799987792969 	-1.03459999999905 	489.799987792969 	-6.20842169002844E-18 	
489.899963378906 	-1.03139999999985 	489.899963378906 	-6.20438892693527E-18 	
490.000061035156 	-1.03130000000237 	490.000061035156 	-6.20035123983345E-18 	
490.100036621094 	-1.03150000000096 	490.100036621094 	-6.19631847674029E-18 	
490.200012207031 	-1.03100000000268 	490.200012207031 	-6.19228571364712E-18 	
490.299987792969 	-1.03100000000268 	490.299987792969 	-6.18825295055396E-18 	
490.399963378906 	-1.03069999999934 	490.399963378906 	-6.18422018746079E-18 	
490.500061035156 	-1.02740000000267 	490.500061035156 	-6.18018250035897E-18 	
490.600036621094 	-1.02419999999984 	490.600036621094 	-6.1761497372658E-18 	
490.700012207031 	-1.02800000000207 	490.700012207031 	-6.17211697417264E-18 	
490.799987792969 	-1.02730000000156 	490.799987792969 	-6.16808421107947E-18 	
490.899963378906 	-1.02660000000105 	490.899963378906 	-6.16405144798631E-18 	
491.000061035156 	-1.02530000000115 	491.000061035156 	-6.16001376088448E-18 	
491.100036621094 	-1.02829999999813 	491.100036621094 	-6.15598099779132E-18 	
491.200012207031 	-1.02860000000146 	491.200012207031 	-6.15194823469816E-18 	
491.299987792969 	-1.02679999999964 	491.299987792969 	-6.14791547160499E-18 	
491.399963378906 	-1.02810000000318 	491.399963378906 	-6.14388270851183E-18 	
491.500061035156 	-1.02110000000175 	491.500061035156 	-6.13984502141E-18 	
491.600036621094 	-1.02030000000377 	491.600036621094 	-6.13581225831684E-18 	
491.700012207031 	-1.02100000000064 	491.700012207031 	-6.13177949522367E-18 	
491.799987792969 	-1.02230000000054 	491.799987792969 	-6.12774673213051E-18 	
491.899963378906 	-1.02070000000094 	491.899963378906 	-6.12371396903735E-18 	
492.000061035156 	-1.01780000000144 	492.000061035156 	-6.11967628193552E-18 	
492.100036621094 	-1.01750000000175 	492.100036621094 	-6.11564351884236E-18 	
492.200012207031 	-1.01840000000084 	492.200012207031 	-6.11161075574919E-18 	
492.299987792969 	-1.02140000000145 	492.299987792969 	-6.10757799265603E-18 	
492.399963378906 	-1.02100000000064 	492.399963378906 	-6.10354522956286E-18 	
492.500061035156 	-1.02170000000115 	492.500061035156 	-6.09950754246104E-18 	
492.600036621094 	-1.02140000000145 	492.600036621094 	-6.09547477936787E-18 	
492.700012207031 	-1.02160000000003 	492.700012207031 	-6.09144201627471E-18 	
492.799987792969 	-1.02209999999832 	492.799987792969 	-6.08740925318155E-18 	
492.899963378906 	-1.02330000000075 	492.899963378906 	-6.08337649008838E-18 	
493.000061035156 	-1.02360000000408 	493.000061035156 	-6.07933880298656E-18 	
493.100036621094 	-1.02300000000105 	493.100036621094 	-6.07530603989339E-18 	
493.200012207031 	-1.01810000000114 	493.200012207031 	-6.07127327680023E-18 	
493.299987792969 	-1.02120000000286 	493.299987792969 	-6.06724051370706E-18 	
493.399963378906 	-1.01900000000387 	493.399963378906 	-6.0632077506139E-18 	
493.500061035156 	-1.02040000000125 	493.500061035156 	-6.05917006351207E-18 	
493.600036621094 	-1.02250000000276 	493.600036621094 	-6.05513730041891E-18 	
493.700012207031 	-1.02000000000044 	493.700012207031 	-6.05110453732575E-18 	
493.799987792969 	-1.02249999999913 	493.799987792969 	-6.04707177423258E-18 	
493.899963378906 	-1.02020000000266 	493.899963378906 	-6.04303901113942E-18 	
494.000061035156 	-1.02030000000377 	494.000061035156 	-6.03900132403759E-18 	
494.100036621094 	-1.02170000000115 	494.100036621094 	-6.03496856094443E-18 	
494.200012207031 	-1.02049999999872 	494.200012207031 	-6.03093579785126E-18 	
494.299987792969 	-1.01930000000357 	494.299987792969 	-6.0269030347581E-18 	
494.399963378906 	-1.01880000000165 	494.399963378906 	-6.02287027166493E-18 	
494.500061035156 	-1.01659999999902 	494.500061035156 	-6.01883258456311E-18 	
494.600036621094 	-1.01820000000225 	494.600036621094 	-6.01479982146994E-18 	
494.700012207031 	-1.01829999999973 	494.700012207031 	-6.01076705837678E-18 	
494.799987792969 	-1.01920000000246 	494.799987792969 	-6.00673429528362E-18 	
494.899963378906 	-1.01800000000003 	494.899963378906 	-6.00270153219045E-18 	
495.000061035156 	-1.01650000000154 	495.000061035156 	-5.99866384508863E-18 	
495.100036621094 	-1.01490000000194 	495.100036621094 	-5.99463108199546E-18 	
495.200012207031 	-1.01620000000185 	495.200012207031 	-5.9905983189023E-18 	
495.299987792969 	-1.01270000000295 	495.299987792969 	-5.98656555580913E-18 	
495.399963378906 	-1.01420000000144 	495.399963378906 	-5.98253279271597E-18 	
495.500061035156 	-1.01510000000053 	495.500061035156 	-5.97849510561414E-18 	
495.600036621094 	-1.02059999999983 	495.600036621094 	-5.97446234252098E-18 	
495.700012207031 	-1.01959999999963 	495.700012207031 	-5.97042957942782E-18 	
495.799987792969 	-1.01890000000276 	495.799987792969 	-5.96639681633465E-18 	
495.899963378906 	-1.01810000000114 	495.899963378906 	-5.96236405324149E-18 	
496.000061035156 	-1.01790000000256 	496.000061035156 	-5.95832636613966E-18 	
496.100036621094 	-1.01770000000033 	496.100036621094 	-5.9542936030465E-18 	
496.200012207031 	-1.01880000000165 	496.200012207031 	-5.95026083995333E-18 	
496.299987792969 	-1.02370000000155 	496.299987792969 	-5.94622807686017E-18 	
496.399963378906 	-1.02460000000065 	496.399963378906 	-5.942195313767E-18 	
496.500061035156 	-1.02190000000337 	496.500061035156 	-5.93815762666518E-18 	
496.600036621094 	-1.02180000000226 	496.600036621094 	-5.93412486357201E-18 	
496.700012207031 	-1.02250000000276 	496.700012207031 	-5.93009210047885E-18 	
496.799987792969 	-1.02240000000165 	496.799987792969 	-5.92605933738569E-18 	
496.899963378906 	-1.02089999999953 	496.899963378906 	-5.92202657429252E-18 	
497.000061035156 	-1.02289999999994 	497.000061035156 	-5.9179888871907E-18 	
497.100036621094 	-1.02440000000206 	497.100036621094 	-5.91395612409753E-18 	
497.200012207031 	-1.02469999999812 	497.200012207031 	-5.90992336100437E-18 	
497.299987792969 	-1.02969999999914 	497.299987792969 	-5.9058905979112E-18 	
497.399963378906 	-1.02670000000217 	497.399963378906 	-5.90185783481804E-18 	
497.500061035156 	-1.02250000000276 	497.500061035156 	-5.89782014771621E-18 	
497.600036621094 	-1.02500000000146 	497.600036621094 	-5.89378738462305E-18 	
497.700012207031 	-1.02630000000136 	497.700012207031 	-5.88975462152989E-18 	
497.799987792969 	-1.02600000000166 	497.799987792969 	-5.88572185843672E-18 	
497.899963378906 	-1.02040000000125 	497.899963378906 	-5.88168909534356E-18 	
498.000061035156 	-1.01780000000144 	498.000061035156 	-5.87765140824173E-18 	
498.100036621094 	-1.01940000000104 	498.100036621094 	-5.87361864514857E-18 	
498.200012207031 	-1.02090000000317 	498.200012207031 	-5.8695858820554E-18 	
498.299987792969 	-1.01840000000448 	498.299987792969 	-5.86555311896224E-18 	
498.399963378906 	-1.01440000000002 	498.399963378906 	-5.86152035586908E-18 	
498.500061035156 	-1.01239999999962 	498.500061035156 	-5.85748266876725E-18 	
498.600036621094 	-1.01060000000143 	498.600036621094 	-5.85344990567409E-18 	
498.700012207031 	-1.01039999999921 	498.700012207031 	-5.84941714258092E-18 	
498.799987792969 	-1.01130000000194 	498.799987792969 	-5.84538437948776E-18 	
498.899963378906 	-1.01400000000285 	498.899963378906 	-5.84135161639459E-18 	
499.000061035156 	-1.01010000000315 	499.000061035156 	-5.83731392929277E-18 	
499.100036621094 	-1.00480000000243 	499.100036621094 	-5.8332811661996E-18 	
499.200012207031 	-1.0047999999988 	499.200012207031 	-5.82924840310644E-18 	
499.299987792969 	-1.00150000000212 	499.299987792969 	-5.82521564001327E-18 	
499.399963378906 	-1.00160000000324 	499.399963378906 	-5.82118287692011E-18 	
499.500061035156 	-1.00000000000364 	499.500061035156 	-5.81714518981829E-18 	
499.600036621094 	-0.999500000001717 	499.600036621094 	-5.81311242672512E-18 	
499.700012207031 	-0.998700000003737 	499.700012207031 	-5.80907966363196E-18 	
499.799987792969 	-0.997900000002119 	499.799987792969 	-5.80504690053879E-18 	
499.899963378906 	-0.999199999998382 	499.899963378906 	-5.80101413744563E-18 	
500.000061035156 	-0.998300000002928 	500.000061035156 	-5.7969764503438E-18 	
500.100036621094 	-0.995999999999185 	500.100036621094 	-5.79294368725064E-18 	
500.200012207031 	-0.99920000000202 	500.200012207031 	-5.78891092415747E-18 	
500.299987792969 	-1.00010000000111 	500.299987792969 	-5.78487816106431E-18 	
500.399963378906 	-0.997900000002119 	500.399963378906 	-5.78084539797115E-18 	
500.500061035156 	-0.996500000001106 	500.500061035156 	-5.77680771086932E-18 	
500.600036621094 	-0.997699999999895 	500.600036621094 	-5.77277494777616E-18 	
500.700012207031 	-0.99750000000131 	500.700012207031 	-5.76874218468299E-18 	
500.799987792969 	-0.994900000001508 	500.799987792969 	-5.76470942158983E-18 	
500.899963378906 	-0.992200000000594 	500.899963378906 	-5.76067665849666E-18 	
501.000061035156 	-0.995899999998073 	501.000061035156 	-5.75663897139484E-18 	
501.100036621094 	-0.992600000001403 	501.100036621094 	-5.75260620830167E-18 	
501.200012207031 	-0.9887000000017 	501.200012207031 	-5.74857344520851E-18 	
501.299987792969 	-0.986700000001292 	501.299987792969 	-5.74454068211535E-18 	
501.399963378906 	-0.989199999999983 	501.399963378906 	-5.74050791902218E-18 	
501.500061035156 	-0.985500000002503 	501.500061035156 	-5.73647023192036E-18 	
501.600036621094 	-0.987400000001799 	501.600036621094 	-5.73243746882719E-18 	
501.700012207031 	-0.985799999998562 	501.700012207031 	-5.72840470573403E-18 	
501.799987792969 	-0.986799999998766 	501.799987792969 	-5.72437194264086E-18 	
501.899963378906 	-0.98700000000099 	501.899963378906 	-5.7203391795477E-18 	
502.000061035156 	-0.9887000000017 	502.000061035156 	-5.71630149244587E-18 	
502.100036621094 	-0.98949999999968 	502.100036621094 	-5.71226872935271E-18 	
502.200012207031 	-0.990900000004331 	502.200012207031 	-5.70823596625955E-18 	
502.299987792969 	-0.990600000000995 	502.299987792969 	-5.70420320316638E-18 	
502.399963378906 	-0.989199999999983 	502.399963378906 	-5.70017044007322E-18 	
502.500061035156 	-0.987300000000687 	502.500061035156 	-5.69613275297139E-18 	
502.600036621094 	-0.98700000000099 	502.600036621094 	-5.69209998987823E-18 	
502.700012207031 	-0.988499999999476 	502.700012207031 	-5.68806722678506E-18 	
502.799987792969 	-0.986000000000786 	502.799987792969 	-5.6840344636919E-18 	
502.899963378906 	-0.986500000002707 	502.899963378906 	-5.68000170059873E-18 	
503.000061035156 	-0.984900000003108 	503.000061035156 	-5.67596401349691E-18 	
503.100036621094 	-0.983000000003813 	503.100036621094 	-5.67193125040375E-18 	
503.200012207031 	-0.986600000003818 	503.200012207031 	-5.66789848731058E-18 	
503.299987792969 	-0.98489999999947 	503.299987792969 	-5.66386572421742E-18 	
503.399963378906 	-0.984000000004016 	503.399963378906 	-5.65983296112425E-18 	
503.500061035156 	-0.988499999999476 	503.500061035156 	-5.65579527402243E-18 	
503.600036621094 	-0.99120000000039 	503.600036621094 	-5.65176251092926E-18 	
503.700012207031 	-0.988900000003923 	503.700012207031 	-5.6477297478361E-18 	
503.799987792969 	-0.988900000000285 	503.799987792969 	-5.64369698474293E-18 	
503.899963378906 	-0.993300000001909 	503.899963378906 	-5.63966422164977E-18 	
504.000061035156 	-0.997200000001612 	504.000061035156 	-5.63562653454794E-18 	
504.100036621094 	-1.00160000000324 	504.100036621094 	-5.63159377145478E-18 	
504.200012207031 	-1.0012999999999 	504.200012207031 	-5.62756100836162E-18 	
504.299987792969 	-1.0015999999996 	504.299987792969 	-5.62352824526845E-18 	
504.399963378906 	-1.00160000000324 	504.399963378906 	-5.61949548217529E-18 	
504.500061035156 	-0.998700000003737 	504.500061035156 	-5.61545779507346E-18 	
504.600036621094 	-0.997200000001612 	504.600036621094 	-5.6114250319803E-18 	
504.700012207031 	-0.99829999999929 	504.700012207031 	-5.60739226888713E-18 	
504.799987792969 	-0.999000000003434 	504.799987792969 	-5.60335950579397E-18 	
504.899963378906 	-1.00070000000051 	504.899963378906 	-5.5993267427008E-18 	
505.000061035156 	-1.00240000000122 	505.000061035156 	-5.59528905559898E-18 	
505.100036621094 	-1.00430000000051 	505.100036621094 	-5.59125629250582E-18 	
505.200012207031 	-1.00250000000233 	505.200012207031 	-5.58722352941265E-18 	
505.299987792969 	-1.00260000000344 	505.299987792969 	-5.58319076631949E-18 	
505.399963378906 	-1.00330000000031 	505.399963378906 	-5.57915800322632E-18 	
505.500061035156 	-1.00440000000162 	505.500061035156 	-5.5751203161245E-18 	
505.600036621094 	-1.00370000000112 	505.600036621094 	-5.57108755303133E-18 	
505.700012207031 	-1.00180000000182 	505.700012207031 	-5.56705478993817E-18 	
505.799987792969 	-1.00060000000303 	505.799987792969 	-5.563022026845E-18 	
505.899963378906 	-1.00379999999859 	505.899963378906 	-5.55898926375184E-18 	
506.000061035156 	-1.0018999999993 	506.000061035156 	-5.55495157665001E-18 	
506.100036621094 	-0.992600000001403 	506.100036621094 	-5.55091881355685E-18 	
506.200012207031 	-0.99040000000241 	506.200012207031 	-5.54688605046369E-18 	
506.299987792969 	-0.990700000002107 	506.299987792969 	-5.54285328737052E-18 	
506.399963378906 	-0.991099999999278 	506.399963378906 	-5.53882052427736E-18 	
506.500061035156 	-0.993000000002212 	506.500061035156 	-5.53478283717553E-18 	
506.600036621094 	-0.995700000003126 	506.600036621094 	-5.53075007408237E-18 	
506.700012207031 	-0.996600000002218 	506.700012207031 	-5.5267173109892E-18 	
506.799987792969 	-0.99460000000181 	506.799987792969 	-5.52268454789604E-18 	
506.899963378906 	-0.992700000002515 	506.899963378906 	-5.51865178480288E-18 	
507.000061035156 	-0.986700000001292 	507.000061035156 	-5.51461409770105E-18 	
507.100036621094 	-0.983600000003207 	507.100036621094 	-5.51058133460789E-18 	
507.200012207031 	-0.984300000000076 	507.200012207031 	-5.50654857151472E-18 	
507.299987792969 	-0.982299999999668 	507.299987792969 	-5.50251580842156E-18 	
507.399963378906 	-0.983100000001286 	507.399963378906 	-5.49848304532839E-18 	
507.500061035156 	-0.98319999999876 	507.500061035156 	-5.49444535822657E-18 	
507.600036621094 	-0.982700000000477 	507.600036621094 	-5.4904125951334E-18 	
507.700012207031 	-0.982700000000477 	507.700012207031 	-5.48637983204024E-18 	
507.799987792969 	-0.984499999998661 	507.799987792969 	-5.48234706894708E-18 	
507.899963378906 	-0.984500000002299 	507.899963378906 	-5.47831430585391E-18 	
508.000061035156 	-0.987099999998463 	508.000061035156 	-5.47427661875209E-18 	
508.100036621094 	-0.98410000000149 	508.100036621094 	-5.47024385565892E-18 	
508.200012207031 	-0.983000000000175 	508.200012207031 	-5.46621109256576E-18 	
508.299987792969 	-0.985300000003917 	508.299987792969 	-5.46217832947259E-18 	
508.399963378906 	-0.986899999999878 	508.399963378906 	-5.45814556637943E-18 	
508.500061035156 	-0.9887000000017 	508.500061035156 	-5.4541078792776E-18 	
508.600036621094 	-0.98949999999968 	508.600036621094 	-5.45007511618444E-18 	
508.700012207031 	-0.991300000001502 	508.700012207031 	-5.44604235309128E-18 	
508.799987792969 	-0.990200000000186 	508.799987792969 	-5.44200958999811E-18 	
508.899963378906 	-0.985900000003312 	508.899963378906 	-5.43797682690495E-18 	
509.000061035156 	-0.983899999999267 	509.000061035156 	-5.43393913980312E-18 	
509.100036621094 	-0.982299999999668 	509.100036621094 	-5.42990637670996E-18 	
509.200012207031 	-0.980300000002899 	509.200012207031 	-5.42587361361679E-18 	
509.299987792969 	-0.97990000000209 	509.299987792969 	-5.42184085052363E-18 	
509.399963378906 	-0.975200000000768 	509.399963378906 	-5.41780808743046E-18 	
509.500061035156 	-0.973800000003394 	509.500061035156 	-5.41377040032864E-18 	
509.600036621094 	-0.968700000001263 	509.600036621094 	-5.40973763723547E-18 	
509.700012207031 	-0.967800000002171 	509.700012207031 	-5.40570487414231E-18 	
509.799987792969 	-0.967300000003888 	509.799987792969 	-5.40167211104915E-18 	
509.899963378906 	-0.968900000003487 	509.899963378906 	-5.39763934795598E-18 	
510.000061035156 	-0.971499999999651 	510.000061035156 	-5.39360166085416E-18 	
510.100036621094 	-0.970100000002276 	510.100036621094 	-5.38956889776099E-18 	
510.200012207031 	-0.968700000001263 	510.200012207031 	-5.38553613466783E-18 	
510.299987792969 	-0.969700000001467 	510.299987792969 	-5.38150337157466E-18 	
510.399963378906 	-0.96820000000298 	510.399963378906 	-5.3774706084815E-18 	
510.500061035156 	-0.966400000001158 	510.500061035156 	-5.37343292137967E-18 	
510.600036621094 	-0.965299999999843 	510.600036621094 	-5.36940015828651E-18 	
510.700012207031 	-0.968600000000151 	510.700012207031 	-5.36536739519335E-18 	
510.799987792969 	-0.971099999998842 	510.799987792969 	-5.36133463210018E-18 	
510.899963378906 	-0.968700000001263 	510.899963378906 	-5.35730186900702E-18 	
511.000061035156 	-0.968899999999849 	511.000061035156 	-5.35326418190519E-18 	
511.100036621094 	-0.968600000003789 	511.100036621094 	-5.34923141881203E-18 	
511.200012207031 	-0.969100000002072 	511.200012207031 	-5.34519865571886E-18 	
511.299987792969 	-0.97019999999975 	511.299987792969 	-5.3411658926257E-18 	
511.399963378906 	-0.972000000001572 	511.399963378906 	-5.33713312953254E-18 	
511.500061035156 	-0.977300000002288 	511.500061035156 	-5.33309544243071E-18 	
511.600036621094 	-0.976399999999558 	511.600036621094 	-5.32906267933755E-18 	
511.700012207031 	-0.978100000003906 	511.700012207031 	-5.32502991624438E-18 	
511.799987792969 	-0.9787000000033 	511.799987792969 	-5.32099715315122E-18 	
511.899963378906 	-0.980100000000675 	511.899963378906 	-5.31696439005805E-18 	
512.000061035156 	-0.979800000000978 	512.000061035156 	-5.31292670295623E-18 	
512.100036621094 	-0.98070000000007 	512.100036621094 	-5.30889393986306E-18 	
512.200012207031 	-0.980100000000675 	512.200012207031 	-5.3048611767699E-18 	
512.299987792969 	-0.976300000002084 	512.299987792969 	-5.30082841367673E-18 	
512.399963378906 	-0.980899999998655 	512.399963378906 	-5.29679565058357E-18 	
512.500061035156 	-0.981700000000274 	512.500061035156 	-5.29275796348174E-18 	
512.600036621094 	-0.986000000000786 	512.600036621094 	-5.28872520038858E-18 	
512.700012207031 	-0.984400000001187 	512.700012207031 	-5.28469243729542E-18 	
512.799987792969 	-0.985899999999674 	512.799987792969 	-5.28065967420225E-18 	
512.899963378906 	-0.985600000003615 	512.899963378906 	-5.27662691110909E-18 	
513.000061035156 	-0.987199999999575 	513.000061035156 	-5.27258922400726E-18 	
513.100036621094 	-0.988799999999173 	513.100036621094 	-5.2685564609141E-18 	
513.200012207031 	-0.989600000000792 	513.200012207031 	-5.26452369782093E-18 	
513.299987792969 	-0.988100000002305 	513.299987792969 	-5.26049093472777E-18 	
513.399963378906 	-0.986899999999878 	513.399963378906 	-5.25645817163461E-18 	
513.500061035156 	-0.984499999998661 	513.500061035156 	-5.25242048453278E-18 	
513.600036621094 	-0.978500000001077 	513.600036621094 	-5.24838772143962E-18 	
513.700012207031 	-0.978800000000774 	513.700012207031 	-5.24435495834645E-18 	
513.799987792969 	-0.979200000001583 	513.799987792969 	-5.24032219525329E-18 	
513.899963378906 	-0.975100000003295 	513.899963378906 	-5.23628943216012E-18 	
514.000061035156 	-0.97360000000117 	514.000061035156 	-5.2322517450583E-18 	
514.100036621094 	-0.976800000004005 	514.100036621094 	-5.22821898196513E-18 	
514.200012207031 	-0.978400000003603 	514.200012207031 	-5.22418621887197E-18 	
514.299987792969 	-0.977800000004208 	514.299987792969 	-5.2201534557788E-18 	
514.399963378906 	-0.977899999998044 	514.399963378906 	-5.21612069268564E-18 	
514.500061035156 	-0.980500000001484 	514.500061035156 	-5.21208300558382E-18 	
514.600036621094 	-0.979299999999057 	514.600036621094 	-5.20805024249065E-18 	
514.700012207031 	-0.983400000004622 	514.700012207031 	-5.20401747939749E-18 	
514.799987792969 	-0.98319999999876 	514.799987792969 	-5.19998471630432E-18 	
514.899963378906 	-0.983700000000681 	514.899963378906 	-5.19595195321116E-18 	
515.000061035156 	-0.985100000001694 	515.000061035156 	-5.19191426610933E-18 	
515.100036621094 	-0.987499999999272 	515.100036621094 	-5.18788150301617E-18 	
515.200012207031 	-0.989900000000489 	515.200012207031 	-5.183848739923E-18 	
515.299987792969 	-0.991900000000896 	515.299987792969 	-5.17981597682984E-18 	
515.399963378906 	-0.991099999999278 	515.399963378906 	-5.17578321373668E-18 	
515.500061035156 	-0.990499999999884 	515.500061035156 	-5.17174552663485E-18 	
515.600036621094 	-0.995100000000093 	515.600036621094 	-5.16771276354169E-18 	
515.700012207031 	-0.994900000001508 	515.700012207031 	-5.16368000044852E-18 	
515.799987792969 	-0.993400000003021 	515.799987792969 	-5.15964723735536E-18 	
515.899963378906 	-0.994099999999889 	515.899963378906 	-5.15561447426219E-18 	
516.000061035156 	-0.994000000002416 	516.000061035156 	-5.15157678716037E-18 	
516.100036621094 	-0.99750000000131 	516.100036621094 	-5.1475440240672E-18 	
516.200012207031 	-1 	516.200012207031 	-5.14351126097404E-18 	
516.299987792969 	-0.999500000001717 	516.299987792969 	-5.13947849788088E-18 	
516.399963378906 	-1.00019999999859 	516.399963378906 	-5.13544573478771E-18 	
516.500061035156 	-1.00240000000122 	516.500061035156 	-5.13140804768589E-18 	
516.600036621094 	-1.00300000000061 	516.600036621094 	-5.12737528459272E-18 	
516.700012207031 	-1.00810000000274 	516.700012207031 	-5.12334252149956E-18 	
516.799987792969 	-1.00890000000072 	516.799987792969 	-5.11930975840639E-18 	
516.899963378906 	-1.00590000000375 	516.899963378906 	-5.11527699531323E-18 	
517.000061035156 	-1.00800000000163 	517.000061035156 	-5.1112393082114E-18 	
517.100036621094 	-1.00890000000072 	517.100036621094 	-5.10720654511824E-18 	
517.200012207031 	-1.00980000000345 	517.200012207031 	-5.10317378202507E-18 	
517.299987792969 	-1.00980000000345 	517.299987792969 	-5.09914101893191E-18 	
517.399963378906 	-1.01150000000052 	517.399963378906 	-5.09510825583875E-18 	
517.500061035156 	-1.01359999999841 	517.500061035156 	-5.09107056873692E-18 	
517.600036621094 	-1.01280000000406 	517.600036621094 	-5.08703780564376E-18 	
517.700012207031 	-1.00930000000153 	517.700012207031 	-5.08300504255059E-18 	
517.799987792969 	-1.01330000000235 	517.799987792969 	-5.07897227945743E-18 	
517.899963378906 	-1.01420000000144 	517.899963378906 	-5.07493951636426E-18 	
518.000061035156 	-1.01100000000224 	518.000061035156 	-5.07090182926244E-18 	
518.100036621094 	-1.00979999999981 	518.100036621094 	-5.06686906616928E-18 	
518.200012207031 	-1.00720000000001 	518.200012207031 	-5.06283630307611E-18 	
518.299987792969 	-1.00810000000274 	518.299987792969 	-5.05880353998295E-18 	
518.399963378906 	-1.00660000000062 	518.399963378906 	-5.05477077688978E-18 	
518.500061035156 	-1.00900000000183 	518.500061035156 	-5.05073308978796E-18 	
518.600036621094 	-1.00540000000183 	518.600036621094 	-5.04670032669479E-18 	
518.700012207031 	-1.00400000000081 	518.700012207031 	-5.04266756360163E-18 	
518.799987792969 	-1.00370000000112 	518.799987792969 	-5.03863480050846E-18 	
518.899963378906 	-1.00200000000405 	518.899963378906 	-5.0346020374153E-18 	
519.000061035156 	-0.999500000001717 	519.000061035156 	-5.03056435031347E-18 	
519.100036621094 	-0.999800000001414 	519.100036621094 	-5.02653158722031E-18 	
519.200012207031 	-0.999499999998079 	519.200012207031 	-5.02249882412715E-18 	
519.299987792969 	-1.00250000000233 	519.299987792969 	-5.01846606103398E-18 	
519.399963378906 	-1.00150000000212 	519.399963378906 	-5.01443329794082E-18 	
519.500061035156 	-1.00200000000405 	519.500061035156 	-5.01039561083899E-18 	
519.600036621094 	-1.00240000000122 	519.600036621094 	-5.00636284774583E-18 	
519.700012207031 	-1.00470000000132 	519.700012207031 	-5.00233008465266E-18 	
519.799987792969 	-1.00220000000263 	519.799987792969 	-4.9982973215595E-18 	
519.899963378906 	-1.00080000000162 	519.899963378906 	-4.99426455846634E-18 	
520.000061035156 	-0.996700000003329 	520.000061035156 	-4.99022687136451E-18 	
520.100036621094 	-0.997200000001612 	520.100036621094 	-4.98619410827135E-18 	
520.200012207031 	-0.999300000003132 	520.200012207031 	-4.98216134517818E-18 	
520.299987792969 	-0.998200000001816 	520.299987792969 	-4.97812858208502E-18 	
520.399963378906 	-0.99829999999929 	520.399963378906 	-4.97409581899185E-18 	
520.500061035156 	-0.990900000000693 	520.500061035156 	-4.97005813189003E-18 	
520.600036621094 	-0.990200000003824 	520.600036621094 	-4.96602536879686E-18 	
520.700012207031 	-0.990099999999074 	520.700012207031 	-4.9619926057037E-18 	
520.799987792969 	-0.990000000001601 	520.799987792969 	-4.95795984261053E-18 	
520.899963378906 	-0.989000000001397 	520.899963378906 	-4.95392707951737E-18 	
521.000061035156 	-0.989900000000489 	521.000061035156 	-4.94988939241554E-18 	
521.100036621094 	-0.991100000002916 	521.100036621094 	-4.94585662932238E-18 	
521.200012207031 	-0.989000000001397 	521.200012207031 	-4.94182386622922E-18 	
521.299987792969 	-0.984900000003108 	521.299987792969 	-4.93779110313605E-18 	
521.399963378906 	-0.988499999999476 	521.399963378906 	-4.93375834004289E-18 	
521.500061035156 	-0.991400000002614 	521.500061035156 	-4.92972065294106E-18 	
521.600036621094 	-0.990099999999074 	521.600036621094 	-4.9256878898479E-18 	
521.700012207031 	-0.988499999999476 	521.700012207031 	-4.92165512675473E-18 	
521.799987792969 	-0.985400000001391 	521.799987792969 	-4.91762236366157E-18 	
521.899963378906 	-0.986300000000483 	521.899963378906 	-4.91358960056841E-18 	
522.000061035156 	-0.98500000000422 	522.000061035156 	-4.90955191346658E-18 	
522.100036621094 	-0.984000000000378 	522.100036621094 	-4.90551915037342E-18 	
522.200012207031 	-0.985700000001088 	522.200012207031 	-4.90148638728025E-18 	
522.299987792969 	-0.981900000002497 	522.299987792969 	-4.89745362418709E-18 	
522.399963378906 	-0.977600000001985 	522.399963378906 	-4.89342086109392E-18 	
522.500061035156 	-0.975500000004104 	522.500061035156 	-4.8893831739921E-18 	
522.600036621094 	-0.978600000002189 	522.600036621094 	-4.88535041089893E-18 	
522.700012207031 	-0.978300000002491 	522.700012207031 	-4.88131764780577E-18 	
522.799987792969 	-0.97820000000138 	522.799987792969 	-4.87728488471261E-18 	
522.899963378906 	-0.976399999999558 	522.899963378906 	-4.87325212161944E-18 	
523.000061035156 	-0.978299999998853 	523.000061035156 	-4.86921443451762E-18 	
523.100036621094 	-0.976300000002084 	523.100036621094 	-4.86518167142445E-18 	
523.200012207031 	-0.977900000001682 	523.200012207031 	-4.86114890833129E-18 	
523.299987792969 	-0.977200000001176 	523.299987792969 	-4.85711614523812E-18 	
523.399963378906 	-0.97780000000057 	523.399963378906 	-4.85308338214496E-18 	
523.500061035156 	-0.975500000000466 	523.500061035156 	-4.84904569504313E-18 	
523.600036621094 	-0.974299999998038 	523.600036621094 	-4.84501293194997E-18 	
523.700012207031 	-0.97530000000188 	523.700012207031 	-4.84098016885681E-18 	
523.799987792969 	-0.974900000001071 	523.799987792969 	-4.83694740576364E-18 	
523.899963378906 	-0.976400000003196 	523.899963378906 	-4.83291464267048E-18 	
524.000061035156 	-0.977900000001682 	524.000061035156 	-4.82887695556865E-18 	
524.100036621094 	-0.977899999998044 	524.100036621094 	-4.82484419247549E-18 	
524.200012207031 	-0.976999999998952 	524.200012207031 	-4.82081142938232E-18 	
524.299987792969 	-0.975100000003295 	524.299987792969 	-4.81677866628916E-18 	
524.399963378906 	-0.97609999999986 	524.399963378906 	-4.81274590319599E-18 	
524.500061035156 	-0.97360000000117 	524.500061035156 	-4.80870821609417E-18 	
524.600036621094 	-0.974699999998847 	524.600036621094 	-4.804675453001E-18 	
524.700012207031 	-0.970499999999447 	524.700012207031 	-4.80064268990784E-18 	
524.799987792969 	-0.968300000000454 	524.799987792969 	-4.79660992681468E-18 	
524.899963378906 	-0.96730000000025 	524.899963378906 	-4.79257716372151E-18 	
525.000061035156 	-0.967799999998533 	525.000061035156 	-4.78853947661969E-18 	
525.100036621094 	-0.96730000000025 	525.100036621094 	-4.78450671352652E-18 	
525.200012207031 	-0.968100000001868 	525.200012207031 	-4.78047395043336E-18 	
525.299987792969 	-0.963200000001962 	525.299987792969 	-4.77644118734019E-18 	
525.399963378906 	-0.963499999998021 	525.399963378906 	-4.77240842424703E-18 	
525.500061035156 	-0.958800000000338 	525.500061035156 	-4.7683707371452E-18 	
525.600036621094 	-0.957600000001548 	525.600036621094 	-4.76433797405204E-18 	
525.700012207031 	-0.959000000002561 	525.700012207031 	-4.76030521095888E-18 	
525.799987792969 	-0.958100000003469 	525.799987792969 	-4.75627244786571E-18 	
525.899963378906 	-0.957300000001851 	525.899963378906 	-4.75223968477255E-18 	
526.000061035156 	-0.954400000002352 	526.000061035156 	-4.74820199767072E-18 	
526.100036621094 	-0.954900000000634 	526.100036621094 	-4.74416923457756E-18 	
526.200012207031 	-0.955399999998917 	526.200012207031 	-4.74013647148439E-18 	
526.299987792969 	-0.958900000001449 	526.299987792969 	-4.73610370839123E-18 	
526.399963378906 	-0.958700000002864 	526.399963378906 	-4.73207094529807E-18 	
526.500061035156 	-0.95679999999993 	526.500061035156 	-4.72803325819624E-18 	
526.600036621094 	-0.957400000002963 	526.600036621094 	-4.72400049510308E-18 	
526.700012207031 	-0.957999999998719 	526.700012207031 	-4.71996773200991E-18 	
526.799987792969 	-0.961700000003475 	526.799987792969 	-4.71593496891675E-18 	
526.899963378906 	-0.958300000002055 	526.899963378906 	-4.71190220582358E-18 	
527.000061035156 	-0.956200000000536 	527.000061035156 	-4.70786451872176E-18 	
527.100036621094 	-0.958500000004278 	527.100036621094 	-4.70383175562859E-18 	
527.200012207031 	-0.957200000000739 	527.200012207031 	-4.69979899253543E-18 	
527.299987792969 	-0.955300000001444 	527.299987792969 	-4.69576622944226E-18 	
527.399963378906 	-0.955500000000029 	527.399963378906 	-4.6917334663491E-18 	
527.500061035156 	-0.956699999998818 	527.500061035156 	-4.68769577924728E-18 	
527.600036621094 	-0.959200000001147 	527.600036621094 	-4.68366301615411E-18 	
527.700012207031 	-0.960399999999936 	527.700012207031 	-4.67963025306095E-18 	
527.799987792969 	-0.96020000000135 	527.799987792969 	-4.67559748996778E-18 	
527.899963378906 	-0.960199999997712 	527.899963378906 	-4.67156472687462E-18 	
528.000061035156 	-0.956100000003062 	528.000061035156 	-4.66752703977279E-18 	
528.100036621094 	-0.955699999998615 	528.100036621094 	-4.66349427667963E-18 	
528.200012207031 	-0.957000000002154 	528.200012207031 	-4.65946151358646E-18 	
528.299987792969 	-0.960100000000239 	528.299987792969 	-4.6554287504933E-18 	
528.399963378906 	-0.959900000001653 	528.399963378906 	-4.65139598740014E-18 	
528.500061035156 	-0.962000000003172 	528.500061035156 	-4.64735830029831E-18 	
528.600036621094 	-0.962600000002567 	528.600036621094 	-4.64332553720515E-18 	
528.700012207031 	-0.96310000000085 	528.700012207031 	-4.63929277411198E-18 	
528.799987792969 	-0.961000000002969 	528.799987792969 	-4.63526001101882E-18 	
528.899963378906 	-0.962599999998929 	528.899963378906 	-4.63122724792565E-18 	
529.000061035156 	-0.959600000001956 	529.000061035156 	-4.62718956082383E-18 	
529.100036621094 	-0.957100000003265 	529.100036621094 	-4.62315679773066E-18 	
529.200012207031 	-0.956600000001345 	529.200012207031 	-4.6191240346375E-18 	
529.299987792969 	-0.960500000001048 	529.299987792969 	-4.61509127154434E-18 	
529.399963378906 	-0.957200000000739 	529.399963378906 	-4.61105850845117E-18 	
529.500061035156 	-0.953600000000733 	529.500061035156 	-4.60702082134935E-18 	
529.600036621094 	-0.952600000004168 	529.600036621094 	-4.60298805825618E-18 	
529.700012207031 	-0.952800000002753 	529.700012207031 	-4.59895529516302E-18 	
529.799987792969 	-0.953000000001339 	529.799987792969 	-4.59492253206985E-18 	
529.899963378906 	-0.951600000003964 	529.899963378906 	-4.59088976897669E-18 	
530.000061035156 	-0.950700000001234 	530.000061035156 	-4.58685208187486E-18 	
530.100036621094 	-0.950800000002346 	530.100036621094 	-4.5828193187817E-18 	
530.200012207031 	-0.951200000003155 	530.200012207031 	-4.57878655568853E-18 	
530.299987792969 	-0.953900000000431 	530.299987792969 	-4.57475379259537E-18 	
530.399963378906 	-0.95520000000397 	530.399963378906 	-4.57072102950221E-18 	
530.500061035156 	-0.956099999999424 	530.500061035156 	-4.56668334240038E-18 	
530.600036621094 	-0.960300000002462 	530.600036621094 	-4.56265057930722E-18 	
530.700012207031 	-0.963800000001356 	530.700012207031 	-4.55861781621405E-18 	
530.799987792969 	-0.965700000000652 	530.799987792969 	-4.55458505312089E-18 	
530.899963378906 	-0.965100000001257 	530.899963378906 	-4.55055229002772E-18 	
531.000061035156 	-0.966499999998632 	531.000061035156 	-4.5465146029259E-18 	
531.100036621094 	-0.970600000000559 	531.100036621094 	-4.54248183983273E-18 	
531.200012207031 	-0.97700000000259 	531.200012207031 	-4.53844907673957E-18 	
531.299987792969 	-0.975700000002689 	531.299987792969 	-4.53441631364641E-18 	
531.399963378906 	-0.979599999998754 	531.399963378906 	-4.53038355055324E-18 	
531.500061035156 	-0.979699999999866 	531.500061035156 	-4.52634586345142E-18 	
531.600036621094 	-0.97899999999936 	531.600036621094 	-4.52231310035825E-18 	
531.700012207031 	-0.980600000002596 	531.700012207031 	-4.51828033726509E-18 	
531.799987792969 	-0.983000000000175 	531.799987792969 	-4.51424757417192E-18 	
531.899963378906 	-0.982500000001892 	531.899963378906 	-4.51021481107876E-18 	
532.000061035156 	-0.97990000000209 	532.000061035156 	-4.50617712397693E-18 	
532.100036621094 	-0.976700000002893 	532.100036621094 	-4.50214436088377E-18 	
532.200012207031 	-0.977999999999156 	532.200012207031 	-4.4981115977906E-18 	
532.299987792969 	-0.978600000002189 	532.299987792969 	-4.49407883469744E-18 	
532.399963378906 	-0.979400000000169 	532.399963378906 	-4.49004607160428E-18 	
532.500061035156 	-0.978000000002794 	532.500061035156 	-4.48600838450245E-18 	
532.600036621094 	-0.977400000003399 	532.600036621094 	-4.48197562140929E-18 	
532.700012207031 	-0.978400000003603 	532.700012207031 	-4.47794285831612E-18 	
532.799987792969 	-0.979000000002998 	532.799987792969 	-4.47391009522296E-18 	
532.899963378906 	-0.980100000000675 	532.899963378906 	-4.46987733212979E-18 	
533.000061035156 	-0.979299999999057 	533.000061035156 	-4.46583964502797E-18 	
533.100036621094 	-0.97700000000259 	533.100036621094 	-4.46180688193481E-18 	
533.200012207031 	-0.978199999997742 	533.200012207031 	-4.45777411884164E-18 	
533.299987792969 	-0.976600000001781 	533.299987792969 	-4.45374135574848E-18 	
533.399963378906 	-0.977500000000873 	533.399963378906 	-4.44970859265531E-18 	
533.500061035156 	-0.973700000002282 	533.500061035156 	-4.44567090555349E-18 	
533.600036621094 	-0.973799999999756 	533.600036621094 	-4.44163814246032E-18 	
533.700012207031 	-0.972799999999552 	533.700012207031 	-4.43760537936716E-18 	
533.799987792969 	-0.969799999998941 	533.799987792969 	-4.43357261627399E-18 	
533.899963378906 	-0.966600000003382 	533.899963378906 	-4.42953985318083E-18 	
534.000061035156 	-0.965500000002066 	534.000061035156 	-4.425502166079E-18 	
534.100036621094 	-0.960900000001857 	534.100036621094 	-4.42146940298584E-18 	
534.200012207031 	-0.956200000000536 	534.200012207031 	-4.41743663989268E-18 	
534.299987792969 	-0.953100000002451 	534.299987792969 	-4.41340387679951E-18 	
534.399963378906 	-0.949000000000524 	534.399963378906 	-4.40937111370635E-18 	
534.500061035156 	-0.947800000001735 	534.500061035156 	-4.40533342660452E-18 	
534.600036621094 	-0.948600000003353 	534.600036621094 	-4.40130066351136E-18 	
534.700012207031 	-0.947700000000623 	534.700012207031 	-4.39726790041819E-18 	
534.799987792969 	-0.946000000003551 	534.799987792969 	-4.39323513732503E-18 	
534.899963378906 	-0.947500000002037 	534.899963378906 	-4.38920237423187E-18 	
535.000061035156 	-0.945800000001327 	535.000061035156 	-4.38516468713004E-18 	
535.100036621094 	-0.946200000002136 	535.100036621094 	-4.38113192403688E-18 	
535.200012207031 	-0.94800000000032 	535.200012207031 	-4.37709916094371E-18 	
535.299987792969 	-0.946599999999307 	535.299987792969 	-4.37306639785055E-18 	
535.399963378906 	-0.939800000000105 	535.399963378906 	-4.36903363475738E-18 	
535.500061035156 	-0.935900000000402 	535.500061035156 	-4.36499594765556E-18 	
535.600036621094 	-0.933100000002014 	535.600036621094 	-4.36096318456239E-18 	
535.700012207031 	-0.927500000001601 	535.700012207031 	-4.35693042146923E-18 	
535.799987792969 	-0.92160000000149 	535.799987792969 	-4.35289765837606E-18 	
535.899963378906 	-0.916500000002998 	535.899963378906 	-4.3488648952829E-18 	
536.000061035156 	-0.909599999999045 	536.000061035156 	-4.34482720818108E-18 	
536.100036621094 	-0.899900000000343 	536.100036621094 	-4.34079444508791E-18 	
536.200012207031 	-0.906600000002072 	536.200012207031 	-4.33676168199475E-18 	
536.299987792969 	-0.909700000000157 	536.299987792969 	-4.33272891890158E-18 	
536.399963378906 	-0.902999999998428 	536.399963378906 	-4.32869615580842E-18 	
536.500061035156 	-0.902900000000955 	536.500061035156 	-4.32465846870659E-18 	
536.600036621094 	-0.907000000002881 	536.600036621094 	-4.32062570561343E-18 	
536.700012207031 	-0.913300000000163 	536.700012207031 	-4.31659294252027E-18 	
536.799987792969 	-0.930200000002515 	536.799987792969 	-4.3125601794271E-18 	
536.899963378906 	-0.940600000001723 	536.899963378906 	-4.30852741633394E-18 	
537.000061035156 	-0.957300000001851 	537.000061035156 	-4.30448972923211E-18 	
537.100036621094 	-0.951100000002043 	537.100036621094 	-4.30045696613895E-18 	
537.200012207031 	-0.961100000000442 	537.200012207031 	-4.29642420304578E-18 	
537.299987792969 	-0.962400000000343 	537.299987792969 	-4.29239143995262E-18 	
537.399963378906 	-0.974699999998847 	537.399963378906 	-4.28835867685945E-18 	
537.500061035156 	-0.97820000000138 	537.500061035156 	-4.28432098975763E-18 	
537.600036621094 	-0.987600000000384 	537.600036621094 	-4.28028822666446E-18 	
537.700012207031 	-0.998000000003231 	537.700012207031 	-4.2762554635713E-18 	
537.799987792969 	-1.00920000000406 	537.799987792969 	-4.27222270047814E-18 	
537.899963378906 	-1.01829999999973 	537.899963378906 	-4.26818993738497E-18 	
538.000061035156 	-1.02380000000267 	538.000061035156 	-4.26415225028315E-18 	
538.100036621094 	-1.03119999999763 	538.100036621094 	-4.26011948718998E-18 	
538.200012207031 	-1.04049999999916 	538.200012207031 	-4.25608672409682E-18 	
538.299987792969 	-1.06230000000141 	538.299987792969 	-4.25205396100365E-18 	
538.399963378906 	-1.07440000000133 	538.399963378906 	-4.24802119791049E-18 	
538.500061035156 	-1.08410000000003 	538.500061035156 	-4.24398351080866E-18 	
538.600036621094 	-1.09829999999783 	538.600036621094 	-4.2399507477155E-18 	
538.700012207031 	-1.11300000000119 	538.700012207031 	-4.23591798462234E-18 	
538.799987792969 	-1.12530000000334 	538.799987792969 	-4.23188522152917E-18 	
538.899963378906 	-1.13509999999951 	538.899963378906 	-4.22785245843601E-18 	
539.000061035156 	-1.13020000000324 	539.000061035156 	-4.22381477133418E-18 	
539.100036621094 	-1.12480000000141 	539.100036621094 	-4.21978200824102E-18 	
539.200012207031 	-1.12070000000313 	539.200012207031 	-4.21574924514785E-18 	
539.299987792969 	-1.11730000000171 	539.299987792969 	-4.21171648205469E-18 	
539.399963378906 	-1.10650000000169 	539.399963378906 	-4.20768371896152E-18 	
539.500061035156 	-1.10510000000068 	539.500061035156 	-4.2036460318597E-18 	
539.600036621094 	-1.1037000000033 	539.600036621094 	-4.19961326876653E-18 	
539.700012207031 	-1.09860000000117 	539.700012207031 	-4.19558050567337E-18 	
539.799987792969 	-1.09720000000016 	539.799987792969 	-4.19154774258021E-18 	
539.899963378906 	-1.10610000000088 	539.899963378906 	-4.18751497948704E-18 	
540.000061035156 	-1.10640000000058 	540.000061035156 	-4.18347729238522E-18 	
540.100036621094 	-1.10710000000108 	540.100036621094 	-4.17944452929205E-18 	
540.200012207031 	-1.10250000000087 	540.200012207031 	-4.17541176619889E-18 	
540.299987792969 	-1.1069000000025 	540.299987792969 	-4.17137900310572E-18 	
540.399963378906 	-1.10280000000057 	540.399963378906 	-4.16734624001256E-18 	
540.500061035156 	-1.10610000000088 	540.500061035156 	-4.16330855291073E-18 	
540.600036621094 	-1.10859999999957 	540.600036621094 	-4.15927578981757E-18 	
540.700012207031 	-1.11000000000422 	540.700012207031 	-4.15524302672441E-18 	
540.799987792969 	-1.11170000000129 	540.799987792969 	-4.15121026363124E-18 	
540.899963378906 	-1.10900000000038 	540.899963378906 	-4.14717750053808E-18 	
541.000061035156 	-1.10440000000017 	541.000061035156 	-4.14313981343625E-18 	
	
